0x619	0x61d	-32
0xca7	0xcab	-32
0x1da4	0x1db0	-32
0x1da4	0x1dd6	0
0x2edfV0x5c3	0x2ee9S0x5c3	-64
0x2edfV0x5c3	0x30cdS0x2a38S0x5c3	-32
0x2edfV0x5c3	0x2a6dS0x5c3	0
0x2edfV0xc51	0x2ee9S0xc51	-64
0x2edfV0xc51	0x30cdS0x2a38S0xc51	-32
0x2edfV0xc51	0x2a6dS0xc51	0
0x2e7fV0xdaf	0x2e89S0xdaf	-64
0x2e7fV0xdaf	0x30cdS0x2952S0xdaf	-32
0x2e7fV0xdaf	0x2987S0xdaf	0
0x2ddfV0xec2	0x2de9S0xec2	-64
0x2ddfV0xec2	0x30cdS0x27d2S0xec2	-32
0x2ddfV0xec2	0x2807S0xec2	0
0x2e3fV0xf75	0x2e49S0xf75	-64
0x2e3fV0xf75	0x30cdS0x28d2S0xf75	-32
0x2e3fV0xf75	0x2907S0xf75	0
0x2dbfV0x1126	0x2dc9S0x1126	-64
0x2dbfV0x1126	0x30cdS0x2792S0x1126	-32
0x2dbfV0x1126	0x27c7S0x1126	0
0x2e9fV0x11ab	0x2ea9S0x11ab	-64
0x2e9fV0x11ab	0x30cdS0x2992S0x11ab	-32
0x2e9fV0x11ab	0x29c7S0x11ab	0
0x2ebfV0x1382	0x2ec9S0x1382	-64
0x2ebfV0x1382	0x30cdS0x29d2S0x1382	-32
0x2ebfV0x1382	0x2a07S0x1382	0
0x2ebfV0x1382	0x2a2dS0x1382	32
0x2e1fV0x17ff	0x2e29S0x17ff	-64
0x2e1fV0x17ff	0x30cdS0x2892S0x17ff	-32
0x2e1fV0x17ff	0x28c7S0x17ff	0
0x2ebfV0x1abd	0x2ec9S0x1abd	-64
0x2ebfV0x1abd	0x30cdS0x29d2S0x1abd	-32
0x2ebfV0x1abd	0x2a07S0x1abd	0
0x2ebfV0x1abd	0x2a2dS0x1abd	32
0x2dffV0x1c6c	0x2e09S0x1c6c	-64
0x2dffV0x1c6c	0x30cdS0x2852S0x1c6c	-32
0x2dffV0x1c6c	0x2887S0x1c6c	0
0x2d9dV0x1fe9	0x2da7S0x1fe9	-64
0x2d9dV0x1fe9	0x30cdS0x2764S0x1fe9	-32
0x2d9dV0x1fe9	0x316fS0x276eS0x1fe9	30
0x2f1fV0xadb0x39b	0x2f29S0xadb0x39b	-64
0x2f1fV0xadb0x39b	0x30cdS0x2adeS0xadb0x39b	-32
0x2f1fV0xadb0x39b	0x2b13S0xadb0x39b	0
0x2f1fV0xadb0x5b7	0x2f29S0xadb0x5b7	-64
0x2f1fV0xadb0x5b7	0x30cdS0x2adeS0xadb0x5b7	-32
0x2f1fV0xadb0x5b7	0x2b13S0xadb0x5b7	0
0x2f1fV0x9b70xc45	0x2f29S0x9b70xc45	-64
0x2f1fV0x9b70xc45	0x30cdS0x2adeS0x9b70xc45	-32
0x2f1fV0x9b70xc45	0x2b13S0x9b70xc45	0
0x2c5aV0x1f4	0x2c64S0x1f4	-64
0x2c5aV0x1f4	0x30b1S0x2c54S0x1f4	-32
0x2c5aV0x45a	0x2c64S0x45a	-64
0x2c5aV0x45a	0x30b1S0x2c54S0x45a	-32
0x2fa2V0x2269V0x2516V0x157b	0x2273S0x2516S0x157b	-32
0x2fa2V0x21bcV0x24abV0x1d9	0x21c7S0x24abS0x1d9	-32
0x2fa2V0x20b6V0x2482V0x1d9	0x20c1S0x2482S0x1d9	-32
0x2ebfV0x894V0x2ef	0x2ec9S0x894S0x2ef	-64
0x2ebfV0x894V0x2ef	0x30cdS0x29d2S0x894S0x2ef	-32
0x2ebfV0x894V0x2ef	0x2a07S0x894S0x2ef	0
0x2ebfV0x894V0x2ef	0x2a2dS0x894S0x2ef	32
0x2f1fV0x9b70x95fV0x343	0x2f29S0x9b70x95fS0x343	-64
0x2f1fV0x9b70x95fV0x343	0x30cdS0x2adeS0x9b70x95fS0x343	-32
0x2f1fV0x9b70x95fV0x343	0x2b13S0x9b70x95fS0x343	0
0x2fa2V0x21bcV0x24abV0x43f	0x21c7S0x24abS0x43f	-32
0x2fa2V0x20b6V0x2482V0x43f	0x20c1S0x2482S0x43f	-32
0x1f0fV0x1d32V0x1a19	0x1f21S0x1d32S0x1a19	-32
0x2f3fV0x1e8eV0x1d32V0x1a19	0x2f49S0x1e8eS0x1d32S0x1a19	-64
0x2f3fV0x1e8eV0x1d32V0x1a19	0x30cdS0x2b1eS0x1e8eS0x1d32S0x1a19	-32
0x2f3fV0x1e8eV0x1d32V0x1a19	0x2b53S0x1e8eS0x1d32S0x1a19	0
0x2e5fV0x1f3eV0x1d32V0x1a19	0x2e69S0x1f3eS0x1d32S0x1a19	-64
0x2e5fV0x1f3eV0x1d32V0x1a19	0x30cdS0x2912S0x1f3eS0x1d32S0x1a19	-32
0x2e5fV0x1f3eV0x1d32V0x1a19	0x2947S0x1f3eS0x1d32S0x1a19	0
0x2effV0x1f9bV0x1d32V0x1a19	0x2f09S0x1f9bS0x1d32S0x1a19	-64
0x2effV0x1f9bV0x1d32V0x1a19	0x30cdS0x2a78S0x1f9bS0x1d32S0x1a19	-32
0x2effV0x1f9bV0x1d32V0x1a19	0x2aadS0x1f9bS0x1d32S0x1a19	0
0x2effV0x1f9bV0x1d32V0x1a19	0x2ad3S0x1f9bS0x1d32S0x1a19	32
0x1f0fV0x1e03V0x1cb8	0x1f21S0x1e03S0x1cb8	-32
0x2f3fV0x1e8eV0x1e03V0x1cb8	0x2f49S0x1e8eS0x1e03S0x1cb8	-64
0x2f3fV0x1e8eV0x1e03V0x1cb8	0x30cdS0x2b1eS0x1e8eS0x1e03S0x1cb8	-32
0x2f3fV0x1e8eV0x1e03V0x1cb8	0x2b53S0x1e8eS0x1e03S0x1cb8	0
0x2e5fV0x1f3eV0x1e03V0x1cb8	0x2e69S0x1f3eS0x1e03S0x1cb8	-64
0x2e5fV0x1f3eV0x1e03V0x1cb8	0x30cdS0x2912S0x1f3eS0x1e03S0x1cb8	-32
0x2e5fV0x1f3eV0x1e03V0x1cb8	0x2947S0x1f3eS0x1e03S0x1cb8	0
0x2effV0x1f9bV0x1e03V0x1cb8	0x2f09S0x1f9bS0x1e03S0x1cb8	-64
0x2effV0x1f9bV0x1e03V0x1cb8	0x30cdS0x2a78S0x1f9bS0x1e03S0x1cb8	-32
0x2effV0x1f9bV0x1e03V0x1cb8	0x2aadS0x1f9bS0x1e03S0x1cb8	0
0x2effV0x1f9bV0x1e03V0x1cb8	0x2ad3S0x1f9bS0x1e03S0x1cb8	32
0x2fa2V0x2139V0x2655V0x470	0x2144S0x2655S0x470	-32
