0x5fc	Error(string)
0xc8a	Error(string)
0xde8	Error(string)
0xefb	Error(string)
0xfae	Error(string)
0x115f	Error(string)
0x11e4	Error(string)
0x13bb	Error(string)
0x1838	Error(string)
0x1af6	Error(string)
0x1ca5	Error(string)
0x2023	Error(string)
0x9f00xc45	Error(string)
0xb140x39b	Error(string)
0xb140x5b7	Error(string)
0x8cdS0x2ef	Error(string)
0x9f00x95fS0x343	Error(string)
0x1ec7S0x1d32S0x1a19	Error(string)
0x1f77S0x1d32S0x1a19	Error(string)
0x1fd4S0x1d32S0x1a19	Error(string)
0x1ec7S0x1e03S0x1cb8	Error(string)
0x1f77S0x1e03S0x1cb8	Error(string)
0x1fd4S0x1e03S0x1cb8	Error(string)
