0x705	0x705arg0x1	1
0x705	0x705arg0x3	3
0x705	0x705arg0x0	0
0x705	0x705arg0x4	4
0x705	0x705arg0x2	2
0x1348	0x1348arg0x1	1
0x1348	0x1348arg0x0	0
0x1348	0x1348arg0x2	2
0x172c	0x172carg0x0	0
0x1a19	0x1a19arg0x2	2
0x1a19	0x1a19arg0x1	1
0x1a19	0x1a19arg0x0	0
0x1cb8	0x1cb8arg0x2	2
0x1cb8	0x1cb8arg0x1	1
0x1cb8	0x1cb8arg0x0	0
0x1d9a	0x1d9aarg0x0	0
0x1d9a	0x1d9aarg0x1	1
0x1d9a	0x1d9aarg0x2	2
0x1c5b	0x1c5barg0x1	1
0x1c5b	0x1c5barg0x0	0
0x1c5b	0x1c5barg0x2	2
0x1a83	0x1a83arg0x0	0
0x2037	0x2037arg0x0	0
0x2037	0x2037arg0x1	1
