0x0	0x0
0x60	0x0
0x3f	0x0
0xd	0x0
0x6b	0x0
0xa7	0x0
0xf9	0x0
0x142	0x13a
0x16d	0x165
0x1aa	0x1a2
0x1d5	0x1cd
0x212	0x20a
0x23d	0x235
0x2aa	0x2a2
0x2d5	0x2cd
0x2fe	0x2f6
0x329	0x321
0x366	0x35e
0x3a3	0x39b
0x410	0x408
0x43b	0x433
0x494	0x48c
0x4bd	0x4b5
0x4e8	0x4e0
0x513	0x50b
0x53e	0x536
0xdaf	0x470
0xe7e	0x470
0xe8d	0x470
0xec2	0x470
0xf08	0x470
0xf75	0x470
0x10db	0x470
0x1126	0x470
0x11ab	0x470
0x1382	0x1348
0x13d7	0x1348
0x1563	0x1348
0x1572	0x1348
0x15ea	0x1348
0x17bb	0x172c
0x17ca	0x172c
0x17ff	0x172c
0x18ca	0x172c
0x18d9	0x172c
0x193e	0x172c
0x19a0	0x172c
0x1abd	0x1a83
0x1b12	0x1a83
0x1b4e	0x1a83
0x1c6c	0x1c5b
0x1fe9	0x1d9a
0xadb0x39b	0x39b
0xf1d	0x470
0xf4b	0x470
0xfef	0x470
0x1068	0x470
0x1080	0x470
0x1098	0x470
0x116b	0x470
0x11f3	0x470
0xab	0x0
0x6f	0x0
0x64a4	0x0
0x64c8	0x0
0xfd	0x0
0x64ec	0x0
0x146	0x13a
0x14f	0x13a
0x573	0x13a
0x15c	0x13a
0x171	0x165
0x18c	0x165
0x187	0x165
0x599	0x165
0x199	0x165
0x1ae	0x1a2
0x1b7	0x1a2
0x5b1	0x1a2
0x1c4	0x1a2
0x1d9	0x1cd
0x1f4	0x1cd
0x1ef	0x1cd
0x201	0x1cd
0x216	0x20a
0x21f	0x20a
0x6af	0x20a
0x22c	0x20a
0x241	0x235
0x25c	0x235
0x257	0x235
0x6d3	0x235
0x269	0x235
0x28c	0x272
0x287	0x272
0x705	0x705
0x299	0x272
0x2ae	0x2a2
0x2b7	0x2a2
0x850	0x2a2
0x2c4	0x2a2
0x2d9	0x2cd
0x2f4	0x2cd
0x2ef	0x2cd
0x302	0x2f6
0x30b	0x2f6
0x956	0x2f6
0x318	0x2f6
0x32d	0x321
0x348	0x321
0x343	0x321
0x355	0x321
0x36a	0x35e
0x385	0x35e
0x380	0x35e
0xa51	0x35e
0x392	0x35e
0x3a7	0x39b
0x3c2	0x39b
0x3bd	0x39b
0x3cf	0x39b
0x3f2	0x3d8
0x3ed	0x3d8
0x3ff	0x3d8
0x414	0x408
0x41d	0x408
0xc21	0x408
0x42a	0x408
0x43f	0x433
0x45a	0x433
0x455	0x433
0x467	0x433
0x48a	0x470
0x485	0x470
0xd3d	0x470
0x498	0x48c
0x4b3	0x48c
0x4ae	0x48c
0x1348	0x1348
0x4c1	0x4b5
0x4ca	0x4b5
0x1609	0x4b5
0x4d7	0x4b5
0x4ec	0x4e0
0x4f5	0x4e0
0x502	0x4e0
0x517	0x50b
0x520	0x50b
0x16e1	0x50b
0x52d	0x50b
0x542	0x536
0x55d	0x536
0x558	0x536
0x1707	0x536
0x56a	0x536
0x70f	0x705
0x172c	0x172c
0x719	0x705
0x1a19	0x1a19
0x840	0x705
0xd45	0x470
0xde9	0x470
0xde0	0x470
0xe6a	0x470
0xe82	0x470
0xe96	0x470
0xeba	0x470
0xefc	0x470
0xef3	0x470
0x127f	0x470
0xfbc	0x470
0xf1e	0x470
0xf4c	0x470
0xfaf	0x470
0xfa6	0x470
0xf0a	0x470
0xff0	0x470
0x1011	0x470
0x1040	0x470
0x2ba2	0x470
0x1069	0x470
0x1081	0x470
0x1099	0x470
0x10c2	0x470
0x10e4	0x470
0x1160	0x470
0x1157	0x470
0x116c	0x470
0x11e5	0x470
0x11dc	0x470
0x1206	0x470
0x11f4	0x470
0x1267	0x470
0xeff	0x470
0x12f0	0x470
0x1cb8	0x1cb8
0x1338	0x470
0x1367	0x1348
0x1366	0x1348
0x137d	0x1348
0x13bc	0x1348
0x13b3	0x1348
0x140c	0x1348
0x1455	0x1348
0x1567	0x1348
0x157b	0x1348
0x15a4	0x1348
0x15b3	0x1348
0x15c7	0x1348
0x3c484	0x1348
0x17a7	0x172c
0x17bf	0x172c
0x17d3	0x172c
0x17f7	0x172c
0x1839	0x172c
0x1830	0x172c
0x18b6	0x172c
0x18ce	0x172c
0x18e2	0x172c
0x1906	0x172c
0x1963	0x172c
0x19a9	0x172c
0x19c9	0x172c
0x1a0e	0x172c
0x1a68	0x1a19
0x1aa2	0x1a83
0x1aa1	0x1a83
0x1ab8	0x1a83
0x1af7	0x1a83
0x1aee	0x1a83
0x1b47	0x1a83
0x3c4a8	0x1a83
0x1ca6	0x1c5b
0x1c9d	0x1c5b
0x1d05	0x1cb8
0x1ddc	0x1d9a
0x1e	0x0
0x1fdc	0x1d9a
0x2024	0x1d9a
0x201b	0x1d9a
0x3c4ef	0x2037
0x281f	0x470
0x30d9	0x470
0x2bad	0x470
0x2812	0x470
0x2bb9	0x470
0x2bc9	0x470
0x3c560	0x1348
0x3c584	0x1a83
0x3c5cb	0x2037
0x94e10	0x0
0x91210	0x0
0x91c10	0x0
0x92610	0x0
0x93010	0x0
0x93a10	0x0
0x94410	0x0
0x8e010	0x0
0x8ea10	0x0
0x8f410	0x0
0x8fe10	0x0
0x90810	0x0
0x8a410	0x0
0x8ae10	0x0
0x8b810	0x0
0x8c210	0x0
0x8cc10	0x0
0x8d610	0x0
0x87210	0x0
0x87c10	0x0
0x88610	0x0
0x89010	0x0
0x89a10	0x0
0x13a	0x13a
0x165	0x165
0x1a2	0x1a2
0x1cd	0x1cd
0x20a	0x20a
0x235	0x235
0x272	0x272
0x2a2	0x2a2
0x2cd	0x2cd
0x2f6	0x2f6
0x321	0x321
0x35e	0x35e
0x39b	0x39b
0x3d8	0x3d8
0x408	0x408
0x433	0x433
0x470	0x470
0x48c	0x48c
0x4b5	0x4b5
0x4e0	0x4e0
0x50b	0x50b
0x536	0x536
0x6480	0x6480
0x1d9a	0x1d9a
0x1c5b	0x1c5b
0x1a83	0x1a83
0x2037	0x2037
0x29	0x0
0x34	0x0
0x4a	0x0
0x55	0x0
0x7b	0x0
0x86	0x0
0x91	0x0
0x9c	0x0
0xb7	0x0
0xc2	0x0
0xcd	0x0
0xd8	0x0
0xe3	0x0
0xee	0x0
0x109	0x0
0x114	0x0
0x11f	0x0
0x12a	0x0
0x135	0x0
0xf13	0x470
0x135e	0x1348
0x136d	0x1348
0x1a99	0x1a83
0x1aa8	0x1a83
0x2071	0x2037
0xb150x39b	0x39b
0x1b6b0x470	0x470
0x1bbf0x470	0x470
0xb670x39b	0x39b
0xa830x39b	0x39b
0x1c4d0x470	0x470
0xbf50x39b	0x39b
0xb0c0x39b	0x39b
0x1d09B0x140c	0x1348
0x1d09B0x15a4	0x1348
0x1cb0B0x19a9	0x172c
0x1a6cB0x135e	0x1348
0x1a6cB0x1a99	0x1a83
0x2e79B0xdaf	0x470
0x295fB0xdaf	0x470
0x2952B0xdaf	0x470
0x30c8B0x2952B0xdaf	0x470
0x2dd9B0xec2	0x470
0x27dfB0xec2	0x470
0x27d2B0xec2	0x470
0x30c8B0x27d2B0xec2	0x470
0x2e39B0xf75	0x470
0x28dfB0xf75	0x470
0x28d2B0xf75	0x470
0x30c8B0x28d2B0xf75	0x470
0x2db9B0x1126	0x470
0x279fB0x1126	0x470
0x2792B0x1126	0x470
0x30c8B0x2792B0x1126	0x470
0x2e99B0x11ab	0x470
0x299fB0x11ab	0x470
0x2992B0x11ab	0x470
0x30c8B0x2992B0x11ab	0x470
0x2eb9B0x1382	0x1348
0x29dfB0x1382	0x1348
0x29d2B0x1382	0x1348
0x30c8B0x29d2B0x1382	0x1348
0x2e19B0x17ff	0x172c
0x289fB0x17ff	0x172c
0x2892B0x17ff	0x172c
0x30c8B0x2892B0x17ff	0x172c
0x2eb9B0x1abd	0x1a83
0x29dfB0x1abd	0x1a83
0x29d2B0x1abd	0x1a83
0x30c8B0x29d2B0x1abd	0x1a83
0x2df9B0x1c6c	0x1c5b
0x285fB0x1c6c	0x1c5b
0x2852B0x1c6c	0x1c5b
0x30c8B0x2852B0x1c6c	0x1c5b
0x2d97B0x1fe9	0x1d9a
0x2764B0x1fe9	0x1d9a
0x3094B0x1fe9	0x1d9a
0x276eB0x1fe9	0x1d9a
0x277eB0x1fe9	0x1d9a
0x2787B0x1fe9	0x1d9a
0x3180B0x1fe9	0x1d9a
0x2759B0x1fe9	0x1d9a
0x30c8B0x2764B0x1fe9	0x1d9a
0x316aB0x276eB0x1fe9	0x1d9a
0x3143B0x276eB0x1fe9	0x1d9a
0x3161B0x276eB0x1fe9	0x1d9a
0x3146B0x276eB0x1fe9	0x1d9a
0x314fB0x276eB0x1fe9	0x1d9a
0x2aebB0xadb0x39b	0x39b
0x2adeB0xadb0x39b	0x39b
0x2f19B0xadb0x39b	0x39b
0x30c8B0x2adeB0xadb0x39b	0x39b
0x2c76B0x30b	0x2f6
0x26f3B0x30b	0x2f6
0x30f6B0x26f3B0x30b	0x2f6
0x271dB0x2bad	0x470
0x3176B0x2bad	0x470
0x2711B0x2bad	0x470
0x3102B0x2711B0x2bad	0x470
0x271dB0x2bb9	0x470
0x3176B0x2bb9	0x470
0x2711B0x2bb9	0x470
0x3102B0x2711B0x2bb9	0x470
0x2bd9B0x14f	0x13a
0x2686B0x2bd9B0x14f	0x13a
0x30e4B0x2686B0x2bd9B0x14f	0x13a
0x310cB0x2686B0x2bd9B0x14f	0x13a
0x2f59B0x18c	0x165
0x2b6dB0x2f59B0x18c	0x165
0x312cB0x2b6dB0x2f59B0x18c	0x165
0x2f59B0x1b7	0x1a2
0x2b6dB0x2f59B0x1b7	0x1a2
0x312cB0x2b6dB0x2f59B0x1b7	0x1a2
0x2c54B0x1f4	0x1cd
0x267aB0x2c54B0x1f4	0x1cd
0x2b5eB0x2c54B0x1f4	0x1cd
0x26a0B0x2c54B0x1f4	0x1cd
0x307eB0x2c54B0x1f4	0x1cd
0x26aaB0x2c54B0x1f4	0x1cd
0x30acB0x2c54B0x1f4	0x1cd
0x26b5B0x2c54B0x1f4	0x1cd
0x306eB0x2c54B0x1f4	0x1cd
0x26e6B0x2c54B0x1f4	0x1cd
0x26cdB0x2c54B0x1f4	0x1cd
0x266eB0x2c54B0x1f4	0x1cd
0x26d8B0x2c54B0x1f4	0x1cd
0x309fB0x2c54B0x1f4	0x1cd
0x26b9B0x2c54B0x1f4	0x1cd
0x2b67B0x2c54B0x1f4	0x1cd
0x2695B0x2c54B0x1f4	0x1cd
0x26c2B0x2c54B0x1f4	0x1cd
0x312cB0x2b5eB0x2c54B0x1f4	0x1cd
0x2c91B0x21f	0x20a
0x2702B0x2c91B0x21f	0x20a
0x3102B0x2702B0x2c91B0x21f	0x20a
0x2f59B0x25c	0x235
0x2b6dB0x2f59B0x25c	0x235
0x312cB0x2b6dB0x2f59B0x25c	0x235
0x2f59B0x28c	0x272
0x2b6dB0x2f59B0x28c	0x272
0x312cB0x2b6dB0x2f59B0x28c	0x272
0x2c91B0x2b7	0x2a2
0x2702B0x2c91B0x2b7	0x2a2
0x3102B0x2702B0x2c91B0x2b7	0x2a2
0x2f59B0x348	0x321
0x2b6dB0x2f59B0x348	0x321
0x312cB0x2b6dB0x2f59B0x348	0x321
0x2f59B0x385	0x35e
0x2b6dB0x2f59B0x385	0x35e
0x312cB0x2b6dB0x2f59B0x385	0x35e
0x2f59B0x3c2	0x39b
0x2b6dB0x2f59B0x3c2	0x39b
0x312cB0x2b6dB0x2f59B0x3c2	0x39b
0x2f59B0x3f2	0x3d8
0x2b6dB0x2f59B0x3f2	0x3d8
0x312cB0x2b6dB0x2f59B0x3f2	0x3d8
0x2c91B0x41d	0x408
0x2702B0x2c91B0x41d	0x408
0x3102B0x2702B0x2c91B0x41d	0x408
0x2c54B0x45a	0x433
0x267aB0x2c54B0x45a	0x433
0x2b5eB0x2c54B0x45a	0x433
0x26a0B0x2c54B0x45a	0x433
0x307eB0x2c54B0x45a	0x433
0x26aaB0x2c54B0x45a	0x433
0x30acB0x2c54B0x45a	0x433
0x26b5B0x2c54B0x45a	0x433
0x306eB0x2c54B0x45a	0x433
0x26e6B0x2c54B0x45a	0x433
0x26cdB0x2c54B0x45a	0x433
0x266eB0x2c54B0x45a	0x433
0x26d8B0x2c54B0x45a	0x433
0x309fB0x2c54B0x45a	0x433
0x26b9B0x2c54B0x45a	0x433
0x2b67B0x2c54B0x45a	0x433
0x2695B0x2c54B0x45a	0x433
0x26c2B0x2c54B0x45a	0x433
0x312cB0x2b5eB0x2c54B0x45a	0x433
0x2bd9B0x4ca	0x4b5
0x2686B0x2bd9B0x4ca	0x4b5
0x30e4B0x2686B0x2bd9B0x4ca	0x4b5
0x310cB0x2686B0x2bd9B0x4ca	0x4b5
0x2f59B0x4f5	0x4e0
0x2b6dB0x2f59B0x4f5	0x4e0
0x312cB0x2b6dB0x2f59B0x4f5	0x4e0
0x2bd9B0x520	0x50b
0x2686B0x2bd9B0x520	0x50b
0x30e4B0x2686B0x2bd9B0x520	0x50b
0x310cB0x2686B0x2bd9B0x520	0x50b
0x2f59B0x55d	0x536
0x2b6dB0x2f59B0x55d	0x536
0x312cB0x2b6dB0x2f59B0x55d	0x536
0x2c91B0x172c	0x172c
0x2702B0x2c91B0x172c	0x172c
0x3102B0x2702B0x2c91B0x172c	0x172c
0x2f74B0x719	0x705
0x2f89B0x719	0x705
0x2b6dB0x2f74B0x719	0x705
0x312cB0x2b6dB0x2f74B0x719	0x705
0x2b6dB0x2f89B0x719	0x705
0x312cB0x2b6dB0x2f89B0x719	0x705
0x2c91B0xde9	0x470
0x2702B0x2c91B0xde9	0x470
0x3102B0x2702B0x2c91B0xde9	0x470
0x2539B0xe96	0x470
0x252bB0xe96	0x470
0x253dB0xe96	0x470
0x2327B0x253dB0xe96	0x470
0x31e6B0x2327B0x253dB0xe96	0x470
0x31dfB0x2327B0x253dB0xe96	0x470
0x31d6B0x2327B0x253dB0xe96	0x470
0x312cB0x31d6B0x2327B0x253dB0xe96	0x470
0x2cf1B0xff0	0x470
0x2d06B0xff0	0x470
0x2d13B0xff0	0x470
0x2d20B0xff0	0x470
0x2d2dB0xff0	0x470
0x2d3aB0xff0	0x470
0x2702B0x2cf1B0xff0	0x470
0x3102B0x2702B0x2cf1B0xff0	0x470
0x2b6dB0x2d06B0xff0	0x470
0x312cB0x2b6dB0x2d06B0xff0	0x470
0x2686B0x2d13B0xff0	0x470
0x30e4B0x2686B0x2d13B0xff0	0x470
0x310cB0x2686B0x2d13B0xff0	0x470
0x2b6dB0x2d20B0xff0	0x470
0x312cB0x2b6dB0x2d20B0xff0	0x470
0x2b6dB0x2d2dB0xff0	0x470
0x312cB0x2b6dB0x2d2dB0xff0	0x470
0x2686B0x2d3aB0xff0	0x470
0x30e4B0x2686B0x2d3aB0xff0	0x470
0x310cB0x2686B0x2d3aB0xff0	0x470
0x2d52B0x1099	0x470
0x2d67B0x1099	0x470
0x2d74B0x1099	0x470
0x2b7cB0x1099	0x470
0x2d81B0x1099	0x470
0x3136B0x2b7cB0x1099	0x470
0x2702B0x2d52B0x1099	0x470
0x3102B0x2702B0x2d52B0x1099	0x470
0x2702B0x2d74B0x1099	0x470
0x3102B0x2702B0x2d74B0x1099	0x470
0x2702B0x2d81B0x1099	0x470
0x3102B0x2702B0x2d81B0x1099	0x470
0x2f74B0x1206	0x470
0x2f89B0x1206	0x470
0x2b6dB0x2f74B0x1206	0x470
0x312cB0x2b6dB0x2f74B0x1206	0x470
0x2b6dB0x2f89B0x1206	0x470
0x312cB0x2b6dB0x2f89B0x1206	0x470
0x2f59B0x12f0	0x470
0x2b6dB0x2f59B0x12f0	0x470
0x312cB0x2b6dB0x2f59B0x12f0	0x470
0x24f8B0x157b	0x1348
0x2512B0x157b	0x1348
0x24eaB0x157b	0x1348
0x24fcB0x157b	0x1348
0x2516B0x157b	0x1348
0x2257B0x2516B0x157b	0x1348
0x2286B0x2516B0x157b	0x1348
0x3055B0x2516B0x157b	0x1348
0x225bB0x2516B0x157b	0x1348
0x226eB0x2516B0x157b	0x1348
0x2269B0x2516B0x157b	0x1348
0x3042B0x2516B0x157b	0x1348
0x228aB0x2516B0x157b	0x1348
0x224aB0x2516B0x157b	0x1348
0x3059B0x2516B0x157b	0x1348
0x2fbcB0x2269B0x2516B0x157b	0x1348
0x2f9dB0x2269B0x2516B0x157b	0x1348
0x2fc0B0x2269B0x2516B0x157b	0x1348
0x316aB0x228aB0x2516B0x157b	0x1348
0x3143B0x228aB0x2516B0x157b	0x1348
0x3161B0x228aB0x2516B0x157b	0x1348
0x3146B0x228aB0x2516B0x157b	0x1348
0x314fB0x228aB0x2516B0x157b	0x1348
0x2cacB0x15b3	0x1348
0x2cc1B0x15b3	0x1348
0x2cceB0x15b3	0x1348
0x2cdbB0x15b3	0x1348
0x2702B0x2cacB0x15b3	0x1348
0x3102B0x2702B0x2cacB0x15b3	0x1348
0x2702B0x2cc1B0x15b3	0x1348
0x3102B0x2702B0x2cc1B0x15b3	0x1348
0x2b6dB0x2cceB0x15b3	0x1348
0x312cB0x2b6dB0x2cceB0x15b3	0x1348
0x2686B0x2cdbB0x15b3	0x1348
0x30e4B0x2686B0x2cdbB0x15b3	0x1348
0x310cB0x2686B0x2cdbB0x15b3	0x1348
0x2539B0x17d3	0x172c
0x252bB0x17d3	0x172c
0x253dB0x17d3	0x172c
0x2327B0x253dB0x17d3	0x172c
0x31e6B0x2327B0x253dB0x17d3	0x172c
0x31dfB0x2327B0x253dB0x17d3	0x172c
0x31d6B0x2327B0x253dB0x17d3	0x172c
0x312cB0x31d6B0x2327B0x253dB0x17d3	0x172c
0x2c91B0x1839	0x172c
0x2702B0x2c91B0x1839	0x172c
0x3102B0x2702B0x2c91B0x1839	0x172c
0x2539B0x18e2	0x172c
0x252bB0x18e2	0x172c
0x253dB0x18e2	0x172c
0x2327B0x253dB0x18e2	0x172c
0x31e6B0x2327B0x253dB0x18e2	0x172c
0x31dfB0x2327B0x253dB0x18e2	0x172c
0x31d6B0x2327B0x253dB0x18e2	0x172c
0x312cB0x31d6B0x2327B0x253dB0x18e2	0x172c
0x2f59B0x19c9	0x172c
0x2b6dB0x2f59B0x19c9	0x172c
0x312cB0x2b6dB0x2f59B0x19c9	0x172c
0x2f74B0xb670x39b	0x39b
0x2f89B0xb670x39b	0x39b
0x2b6dB0x2f74B0xb670x39b	0x39b
0x312cB0x2b6dB0x2f74B0xb670x39b	0x39b
0x2b6dB0x2f89B0xb670x39b	0x39b
0x312cB0x2b6dB0x2f89B0xb670x39b	0x39b
0x2f74B0x1bbf0x470	0x470
0x2f89B0x1bbf0x470	0x470
0x2b6dB0x2f74B0x1bbf0x470	0x470
0x312cB0x2b6dB0x2f74B0x1bbf0x470	0x470
0x2b6dB0x2f89B0x1bbf0x470	0x470
0x312cB0x2b6dB0x2f89B0x1bbf0x470	0x470
0x235fB0x171	0x165
0x2351B0x171	0x165
0x2363B0x171	0x165
0x2082B0x2363B0x171	0x165
0x31a1B0x2082B0x2363B0x171	0x165
0x3191B0x2082B0x2363B0x171	0x165
0x319aB0x2082B0x2363B0x171	0x165
0x30e4B0x3191B0x2082B0x2363B0x171	0x165
0x310cB0x3191B0x2082B0x2363B0x171	0x165
0x25a1B0x241	0x235
0x2590B0x241	0x235
0x25a5B0x241	0x235
0x25b3B0x241	0x235
0x25c4B0x241	0x235
0x2312B0x25a5B0x241	0x235
0x2312B0x25c4B0x241	0x235
0x31e6B0x2312B0x25a5B0x241	0x235
0x31dfB0x2312B0x25a5B0x241	0x235
0x31d6B0x2312B0x25a5B0x241	0x235
0x312cB0x31d6B0x2312B0x25a5B0x241	0x235
0x31e6B0x2312B0x25c4B0x241	0x235
0x31dfB0x2312B0x25c4B0x241	0x235
0x31d6B0x2312B0x25c4B0x241	0x235
0x312cB0x31d6B0x2312B0x25c4B0x241	0x235
0x2082B0x25b3B0x241	0x235
0x31a1B0x2082B0x25b3B0x241	0x235
0x3191B0x2082B0x25b3B0x241	0x235
0x319aB0x2082B0x25b3B0x241	0x235
0x30e4B0x3191B0x2082B0x25b3B0x241	0x235
0x310cB0x3191B0x2082B0x25b3B0x241	0x235
0x2389B0x2d9	0x2cd
0x237aB0x2d9	0x2cd
0x238dB0x2d9	0x2cd
0x239bB0x2d9	0x2cd
0x2082B0x238dB0x2d9	0x2cd
0x31a1B0x2082B0x238dB0x2d9	0x2cd
0x3191B0x2082B0x238dB0x2d9	0x2cd
0x319aB0x2082B0x238dB0x2d9	0x2cd
0x30e4B0x3191B0x2082B0x238dB0x2d9	0x2cd
0x310cB0x3191B0x2082B0x238dB0x2d9	0x2cd
0x2082B0x239bB0x2d9	0x2cd
0x31a1B0x2082B0x239bB0x2d9	0x2cd
0x3191B0x2082B0x239bB0x2d9	0x2cd
0x319aB0x2082B0x239bB0x2d9	0x2cd
0x30e4B0x3191B0x2082B0x239bB0x2d9	0x2cd
0x310cB0x3191B0x2082B0x239bB0x2d9	0x2cd
0x23c5B0x32d	0x321
0x23b6B0x32d	0x321
0x23c9B0x32d	0x321
0x23d7B0x32d	0x321
0x2312B0x23d7B0x32d	0x321
0x31e6B0x2312B0x23d7B0x32d	0x321
0x31dfB0x2312B0x23d7B0x32d	0x321
0x31d6B0x2312B0x23d7B0x32d	0x321
0x312cB0x31d6B0x2312B0x23d7B0x32d	0x321
0x2082B0x23c9B0x32d	0x321
0x31a1B0x2082B0x23c9B0x32d	0x321
0x3191B0x2082B0x23c9B0x32d	0x321
0x319aB0x2082B0x23c9B0x32d	0x321
0x30e4B0x3191B0x2082B0x23c9B0x32d	0x321
0x310cB0x3191B0x2082B0x23c9B0x32d	0x321
0x25a1B0x36a	0x35e
0x2590B0x36a	0x35e
0x25a5B0x36a	0x35e
0x25b3B0x36a	0x35e
0x25c4B0x36a	0x35e
0x2312B0x25a5B0x36a	0x35e
0x2312B0x25c4B0x36a	0x35e
0x31e6B0x2312B0x25a5B0x36a	0x35e
0x31dfB0x2312B0x25a5B0x36a	0x35e
0x31d6B0x2312B0x25a5B0x36a	0x35e
0x312cB0x31d6B0x2312B0x25a5B0x36a	0x35e
0x31e6B0x2312B0x25c4B0x36a	0x35e
0x31dfB0x2312B0x25c4B0x36a	0x35e
0x31d6B0x2312B0x25c4B0x36a	0x35e
0x312cB0x31d6B0x2312B0x25c4B0x36a	0x35e
0x2082B0x25b3B0x36a	0x35e
0x31a1B0x2082B0x25b3B0x36a	0x35e
0x3191B0x2082B0x25b3B0x36a	0x35e
0x319aB0x2082B0x25b3B0x36a	0x35e
0x30e4B0x3191B0x2082B0x25b3B0x36a	0x35e
0x310cB0x3191B0x2082B0x25b3B0x36a	0x35e
0x23c5B0x3a7	0x39b
0x23b6B0x3a7	0x39b
0x23c9B0x3a7	0x39b
0x23d7B0x3a7	0x39b
0x2312B0x23d7B0x3a7	0x39b
0x31e6B0x2312B0x23d7B0x3a7	0x39b
0x31dfB0x2312B0x23d7B0x3a7	0x39b
0x31d6B0x2312B0x23d7B0x3a7	0x39b
0x312cB0x31d6B0x2312B0x23d7B0x3a7	0x39b
0x2082B0x23c9B0x3a7	0x39b
0x31a1B0x2082B0x23c9B0x3a7	0x39b
0x3191B0x2082B0x23c9B0x3a7	0x39b
0x319aB0x2082B0x23c9B0x3a7	0x39b
0x30e4B0x3191B0x2082B0x23c9B0x3a7	0x39b
0x310cB0x3191B0x2082B0x23c9B0x3a7	0x39b
0x2389B0x498	0x48c
0x237aB0x498	0x48c
0x238dB0x498	0x48c
0x239bB0x498	0x48c
0x2082B0x238dB0x498	0x48c
0x31a1B0x2082B0x238dB0x498	0x48c
0x3191B0x2082B0x238dB0x498	0x48c
0x319aB0x2082B0x238dB0x498	0x48c
0x30e4B0x3191B0x2082B0x238dB0x498	0x48c
0x310cB0x3191B0x2082B0x238dB0x498	0x48c
0x2082B0x239bB0x498	0x48c
0x31a1B0x2082B0x239bB0x498	0x48c
0x3191B0x2082B0x239bB0x498	0x48c
0x319aB0x2082B0x239bB0x498	0x48c
0x30e4B0x3191B0x2082B0x239bB0x498	0x48c
0x310cB0x3191B0x2082B0x239bB0x498	0x48c
0x16a0B0x4ec	0x4e0
0x16afB0x4ec	0x4e0
0x162fB0x4ec	0x4e0
0x168cB0x4ec	0x4e0
0x16a4B0x4ec	0x4e0
0x16b8B0x4ec	0x4e0
0x2bd9B0x162fB0x4ec	0x4e0
0x2686B0x2bd9B0x162fB0x4ec	0x4e0
0x30e4B0x2686B0x2bd9B0x162fB0x4ec	0x4e0
0x310cB0x2686B0x2bd9B0x162fB0x4ec	0x4e0
0x2539B0x16b8B0x4ec	0x4e0
0x252bB0x16b8B0x4ec	0x4e0
0x253dB0x16b8B0x4ec	0x4e0
0x2327B0x253dB0x16b8B0x4ec	0x4e0
0x31e6B0x2327B0x253dB0x16b8B0x4ec	0x4e0
0x31dfB0x2327B0x253dB0x16b8B0x4ec	0x4e0
0x31d6B0x2327B0x253dB0x16b8B0x4ec	0x4e0
0x312cB0x31d6B0x2327B0x253dB0x16b8B0x4ec	0x4e0
0x2563B0x542	0x536
0x2554B0x542	0x536
0x2567B0x542	0x536
0x2575B0x542	0x536
0x2312B0x2567B0x542	0x536
0x31e6B0x2312B0x2567B0x542	0x536
0x31dfB0x2312B0x2567B0x542	0x536
0x31d6B0x2312B0x2567B0x542	0x536
0x312cB0x31d6B0x2312B0x2567B0x542	0x536
0x2082B0x2575B0x542	0x536
0x31a1B0x2082B0x2575B0x542	0x536
0x3191B0x2082B0x2575B0x542	0x536
0x319aB0x2082B0x2575B0x542	0x536
0x30e4B0x3191B0x2082B0x2575B0x542	0x536
0x310cB0x3191B0x2082B0x2575B0x542	0x536
0x2404B0x272	0x272
0x23f2B0x272	0x272
0x2408B0x272	0x272
0x2416B0x272	0x272
0x2427B0x272	0x272
0x2438B0x272	0x272
0x2312B0x2416B0x272	0x272
0x2312B0x2438B0x272	0x272
0x31e6B0x2312B0x2416B0x272	0x272
0x31dfB0x2312B0x2416B0x272	0x272
0x31d6B0x2312B0x2416B0x272	0x272
0x312cB0x31d6B0x2312B0x2416B0x272	0x272
0x31e6B0x2312B0x2438B0x272	0x272
0x31dfB0x2312B0x2438B0x272	0x272
0x31d6B0x2312B0x2438B0x272	0x272
0x312cB0x31d6B0x2312B0x2438B0x272	0x272
0x2082B0x2408B0x272	0x272
0x31a1B0x2082B0x2408B0x272	0x272
0x3191B0x2082B0x2408B0x272	0x272
0x319aB0x2082B0x2408B0x272	0x272
0x30e4B0x3191B0x2082B0x2408B0x272	0x272
0x310cB0x3191B0x2082B0x2408B0x272	0x272
0x2082B0x2427B0x272	0x272
0x31a1B0x2082B0x2427B0x272	0x272
0x3191B0x2082B0x2427B0x272	0x272
0x319aB0x2082B0x2427B0x272	0x272
0x30e4B0x3191B0x2082B0x2427B0x272	0x272
0x310cB0x3191B0x2082B0x2427B0x272	0x272
0x25a1B0x3d8	0x3d8
0x2590B0x3d8	0x3d8
0x25a5B0x3d8	0x3d8
0x25b3B0x3d8	0x3d8
0x25c4B0x3d8	0x3d8
0x2312B0x25a5B0x3d8	0x3d8
0x2312B0x25c4B0x3d8	0x3d8
0x31e6B0x2312B0x25a5B0x3d8	0x3d8
0x31dfB0x2312B0x25a5B0x3d8	0x3d8
0x31d6B0x2312B0x25a5B0x3d8	0x3d8
0x312cB0x31d6B0x2312B0x25a5B0x3d8	0x3d8
0x31e6B0x2312B0x25c4B0x3d8	0x3d8
0x31dfB0x2312B0x25c4B0x3d8	0x3d8
0x31d6B0x2312B0x25c4B0x3d8	0x3d8
0x312cB0x31d6B0x2312B0x25c4B0x3d8	0x3d8
0x2082B0x25b3B0x3d8	0x3d8
0x31a1B0x2082B0x25b3B0x3d8	0x3d8
0x3191B0x2082B0x25b3B0x3d8	0x3d8
0x319aB0x2082B0x25b3B0x3d8	0x3d8
0x30e4B0x3191B0x2082B0x25b3B0x3d8	0x3d8
0x310cB0x3191B0x2082B0x25b3B0x3d8	0x3d8
0x2e92B0xdaf	0x470
0x2df2B0xec2	0x470
0x2e52B0xf75	0x470
0x2dd2B0x1126	0x470
0x2eb2B0x11ab	0x470
0x2ed2B0x1382	0x1348
0x2e32B0x17ff	0x172c
0x2ed2B0x1abd	0x1a83
0x2e12B0x1c6c	0x1c5b
0x2db1B0x1fe9	0x1d9a
0x3c517B0x276eB0x1fe9	0x1d9a
0x3c5f3B0x276eB0x1fe9	0x1d9a
0x2f32B0xadb0x39b	0x39b
0x26fcB0x30b	0x2f6
0x2c8bB0x30b	0x2f6
0x2722B0x2bad	0x470
0x2722B0x2bb9	0x470
0x2beeB0x14f	0x13a
0x268fB0x2bd9B0x14f	0x13a
0x30efB0x2686B0x2bd9B0x14f	0x13a
0x2f6eB0x18c	0x165
0x2b76B0x2f59B0x18c	0x165
0x2f6eB0x1b7	0x1a2
0x2b76B0x2f59B0x1b7	0x1a2
0x2c6eB0x1f4	0x1cd
0x2ca6B0x21f	0x20a
0x270bB0x2c91B0x21f	0x20a
0x2f6eB0x25c	0x235
0x2b76B0x2f59B0x25c	0x235
0x2f6eB0x28c	0x272
0x2b76B0x2f59B0x28c	0x272
0x2ca6B0x2b7	0x2a2
0x270bB0x2c91B0x2b7	0x2a2
0x2f6eB0x348	0x321
0x2b76B0x2f59B0x348	0x321
0x2f6eB0x385	0x35e
0x2b76B0x2f59B0x385	0x35e
0x2f6eB0x3c2	0x39b
0x2b76B0x2f59B0x3c2	0x39b
0x2f6eB0x3f2	0x3d8
0x2b76B0x2f59B0x3f2	0x3d8
0x2ca6B0x41d	0x408
0x270bB0x2c91B0x41d	0x408
0x2c6eB0x45a	0x433
0x2beeB0x4ca	0x4b5
0x268fB0x2bd9B0x4ca	0x4b5
0x30efB0x2686B0x2bd9B0x4ca	0x4b5
0x2f6eB0x4f5	0x4e0
0x2b76B0x2f59B0x4f5	0x4e0
0x2beeB0x520	0x50b
0x268fB0x2bd9B0x520	0x50b
0x30efB0x2686B0x2bd9B0x520	0x50b
0x2f6eB0x55d	0x536
0x2b76B0x2f59B0x55d	0x536
0x2ca6B0x172c	0x172c
0x270bB0x2c91B0x172c	0x172c
0x2f96B0x719	0x705
0x2b76B0x2f74B0x719	0x705
0x2b76B0x2f89B0x719	0x705
0x2ca6B0xde9	0x470
0x270bB0x2c91B0xde9	0x470
0x254bB0xe96	0x470
0x2336B0x253dB0xe96	0x470
0x31eaB0x2327B0x253dB0xe96	0x470
0x2d47B0xff0	0x470
0x270bB0x2cf1B0xff0	0x470
0x2b76B0x2d06B0xff0	0x470
0x268fB0x2d13B0xff0	0x470
0x30efB0x2686B0x2d13B0xff0	0x470
0x2b76B0x2d20B0xff0	0x470
0x2b76B0x2d2dB0xff0	0x470
0x268fB0x2d3aB0xff0	0x470
0x30efB0x2686B0x2d3aB0xff0	0x470
0x2b85B0x1099	0x470
0x2d8eB0x1099	0x470
0x270bB0x2d52B0x1099	0x470
0x270bB0x2d74B0x1099	0x470
0x270bB0x2d81B0x1099	0x470
0x2f96B0x1206	0x470
0x2b76B0x2f74B0x1206	0x470
0x2b76B0x2f89B0x1206	0x470
0x2f6eB0x12f0	0x470
0x2b76B0x2f59B0x12f0	0x470
0x2522B0x157b	0x1348
0x2295B0x2516B0x157b	0x1348
0x3c517B0x228aB0x2516B0x157b	0x1348
0x3c5f3B0x228aB0x2516B0x157b	0x1348
0x2ce8B0x15b3	0x1348
0x270bB0x2cacB0x15b3	0x1348
0x270bB0x2cc1B0x15b3	0x1348
0x2b76B0x2cceB0x15b3	0x1348
0x268fB0x2cdbB0x15b3	0x1348
0x30efB0x2686B0x2cdbB0x15b3	0x1348
0x254bB0x17d3	0x172c
0x2336B0x253dB0x17d3	0x172c
0x31eaB0x2327B0x253dB0x17d3	0x172c
0x2ca6B0x1839	0x172c
0x270bB0x2c91B0x1839	0x172c
0x254bB0x18e2	0x172c
0x2336B0x253dB0x18e2	0x172c
0x31eaB0x2327B0x253dB0x18e2	0x172c
0x2f6eB0x19c9	0x172c
0x2b76B0x2f59B0x19c9	0x172c
0x2f96B0xb670x39b	0x39b
0x2b76B0x2f74B0xb670x39b	0x39b
0x2b76B0x2f89B0xb670x39b	0x39b
0x2f96B0x1bbf0x470	0x470
0x2b76B0x2f74B0x1bbf0x470	0x470
0x2b76B0x2f89B0x1bbf0x470	0x470
0x2371B0x171	0x165
0x2091B0x2363B0x171	0x165
0x31a5B0x2082B0x2363B0x171	0x165
0x30efB0x3191B0x2082B0x2363B0x171	0x165
0x25d5B0x241	0x235
0x2321B0x25a5B0x241	0x235
0x2321B0x25c4B0x241	0x235
0x31eaB0x2312B0x25a5B0x241	0x235
0x31eaB0x2312B0x25c4B0x241	0x235
0x2091B0x25b3B0x241	0x235
0x31a5B0x2082B0x25b3B0x241	0x235
0x30efB0x3191B0x2082B0x25b3B0x241	0x235
0x23acB0x2d9	0x2cd
0x2091B0x238dB0x2d9	0x2cd
0x31a5B0x2082B0x238dB0x2d9	0x2cd
0x30efB0x3191B0x2082B0x238dB0x2d9	0x2cd
0x2091B0x239bB0x2d9	0x2cd
0x31a5B0x2082B0x239bB0x2d9	0x2cd
0x30efB0x3191B0x2082B0x239bB0x2d9	0x2cd
0x23e8B0x32d	0x321
0x2321B0x23d7B0x32d	0x321
0x31eaB0x2312B0x23d7B0x32d	0x321
0x2091B0x23c9B0x32d	0x321
0x31a5B0x2082B0x23c9B0x32d	0x321
0x30efB0x3191B0x2082B0x23c9B0x32d	0x321
0x25d5B0x36a	0x35e
0x2321B0x25a5B0x36a	0x35e
0x2321B0x25c4B0x36a	0x35e
0x31eaB0x2312B0x25a5B0x36a	0x35e
0x31eaB0x2312B0x25c4B0x36a	0x35e
0x2091B0x25b3B0x36a	0x35e
0x31a5B0x2082B0x25b3B0x36a	0x35e
0x30efB0x3191B0x2082B0x25b3B0x36a	0x35e
0x23e8B0x3a7	0x39b
0x2321B0x23d7B0x3a7	0x39b
0x31eaB0x2312B0x23d7B0x3a7	0x39b
0x2091B0x23c9B0x3a7	0x39b
0x31a5B0x2082B0x23c9B0x3a7	0x39b
0x30efB0x3191B0x2082B0x23c9B0x3a7	0x39b
0x23acB0x498	0x48c
0x2091B0x238dB0x498	0x48c
0x31a5B0x2082B0x238dB0x498	0x48c
0x30efB0x3191B0x2082B0x238dB0x498	0x48c
0x2091B0x239bB0x498	0x48c
0x31a5B0x2082B0x239bB0x498	0x48c
0x30efB0x3191B0x2082B0x239bB0x498	0x48c
0x16dcB0x4ec	0x4e0
0x2beeB0x162fB0x4ec	0x4e0
0x268fB0x2bd9B0x162fB0x4ec	0x4e0
0x30efB0x2686B0x2bd9B0x162fB0x4ec	0x4e0
0x254bB0x16b8B0x4ec	0x4e0
0x2336B0x253dB0x16b8B0x4ec	0x4e0
0x31eaB0x2327B0x253dB0x16b8B0x4ec	0x4e0
0x2586B0x542	0x536
0x2321B0x2567B0x542	0x536
0x31eaB0x2312B0x2567B0x542	0x536
0x2091B0x2575B0x542	0x536
0x31a5B0x2082B0x2575B0x542	0x536
0x30efB0x3191B0x2082B0x2575B0x542	0x536
0x2449B0x272	0x272
0x2321B0x2416B0x272	0x272
0x2321B0x2438B0x272	0x272
0x31eaB0x2312B0x2416B0x272	0x272
0x31eaB0x2312B0x2438B0x272	0x272
0x2091B0x2408B0x272	0x272
0x31a5B0x2082B0x2408B0x272	0x272
0x30efB0x3191B0x2082B0x2408B0x272	0x272
0x2091B0x2427B0x272	0x272
0x31a5B0x2082B0x2427B0x272	0x272
0x30efB0x3191B0x2082B0x2427B0x272	0x272
0x25d5B0x3d8	0x3d8
0x2321B0x25a5B0x3d8	0x3d8
0x2321B0x25c4B0x3d8	0x3d8
0x31eaB0x2312B0x25a5B0x3d8	0x3d8
0x31eaB0x2312B0x25c4B0x3d8	0x3d8
0x2091B0x25b3B0x3d8	0x3d8
0x31a5B0x2082B0x25b3B0x3d8	0x3d8
0x30efB0x3191B0x2082B0x25b3B0x3d8	0x3d8
0x2464B0x1d9	0x1cd
0x247eB0x1d9	0x1cd
0x24a7B0x1d9	0x1cd
0x2455B0x1d9	0x1cd
0x2468B0x1d9	0x1cd
0x2482B0x1d9	0x1cd
0x248eB0x1d9	0x1cd
0x24abB0x1d9	0x1cd
0x24b7B0x1d9	0x1cd
0x21aaB0x24abB0x1d9	0x1cd
0x21e2B0x24abB0x1d9	0x1cd
0x302dB0x24abB0x1d9	0x1cd
0x21aeB0x24abB0x1d9	0x1cd
0x21c1B0x24abB0x1d9	0x1cd
0x21bcB0x24abB0x1d9	0x1cd
0x301aB0x24abB0x1d9	0x1cd
0x21e6B0x24abB0x1d9	0x1cd
0x21fcB0x24abB0x1d9	0x1cd
0x21e9B0x24abB0x1d9	0x1cd
0x219dB0x24abB0x1d9	0x1cd
0x3031B0x24abB0x1d9	0x1cd
0x21f2B0x24abB0x1d9	0x1cd
0x2fbcB0x21bcB0x24abB0x1d9	0x1cd
0x2f9dB0x21bcB0x24abB0x1d9	0x1cd
0x2fc0B0x21bcB0x24abB0x1d9	0x1cd
0x2312B0x21f2B0x24abB0x1d9	0x1cd
0x31e6B0x2312B0x21f2B0x24abB0x1d9	0x1cd
0x31dfB0x2312B0x21f2B0x24abB0x1d9	0x1cd
0x31d6B0x2312B0x21f2B0x24abB0x1d9	0x1cd
0x312cB0x31d6B0x2312B0x21f2B0x24abB0x1d9	0x1cd
0x2216B0x24abB0x1d9	0x1cd
0x2321B0x21f2B0x24abB0x1d9	0x1cd
0x31eaB0x2312B0x21f2B0x24abB0x1d9	0x1cd
0x20a4B0x2482B0x1d9	0x1cd
0x20dcB0x2482B0x1d9	0x1cd
0x2fddB0x2482B0x1d9	0x1cd
0x20a8B0x2482B0x1d9	0x1cd
0x20bbB0x2482B0x1d9	0x1cd
0x20b6B0x2482B0x1d9	0x1cd
0x2fcaB0x2482B0x1d9	0x1cd
0x20e0B0x2482B0x1d9	0x1cd
0x2110B0x2482B0x1d9	0x1cd
0x20f6B0x2482B0x1d9	0x1cd
0x20e3B0x2482B0x1d9	0x1cd
0x2097B0x2482B0x1d9	0x1cd
0x2fe1B0x2482B0x1d9	0x1cd
0x20ecB0x2482B0x1d9	0x1cd
0x2fbcB0x20b6B0x2482B0x1d9	0x1cd
0x2f9dB0x20b6B0x2482B0x1d9	0x1cd
0x2fc0B0x20b6B0x2482B0x1d9	0x1cd
0x2091B0x20ecB0x2482B0x1d9	0x1cd
0x2082B0x20ecB0x2482B0x1d9	0x1cd
0x31a1B0x2082B0x20ecB0x2482B0x1d9	0x1cd
0x3191B0x2082B0x20ecB0x2482B0x1d9	0x1cd
0x319aB0x2082B0x20ecB0x2482B0x1d9	0x1cd
0x31a5B0x2082B0x20ecB0x2482B0x1d9	0x1cd
0x30e4B0x3191B0x2082B0x20ecB0x2482B0x1d9	0x1cd
0x30efB0x3191B0x2082B0x20ecB0x2482B0x1d9	0x1cd
0x310cB0x3191B0x2082B0x20ecB0x2482B0x1d9	0x1cd
0x894B0x2ef	0x2cd
0x8e9B0x2ef	0x2cd
0x937B0x2ef	0x2cd
0x85aB0x2ef	0x2cd
0x879B0x2ef	0x2cd
0x878B0x2ef	0x2cd
0x88fB0x2ef	0x2cd
0x8ceB0x2ef	0x2cd
0x8c5B0x2ef	0x2cd
0x91eB0x2ef	0x2cd
0x926B0x2ef	0x2cd
0x930B0x2ef	0x2cd
0x3c460B0x2ef	0x2cd
0x3c53cB0x2ef	0x2cd
0x870B0x2ef	0x2cd
0x87fB0x2ef	0x2cd
0x1a6cB0x870B0x2ef	0x2cd
0x2eb9B0x894B0x2ef	0x2cd
0x29dfB0x894B0x2ef	0x2cd
0x29d2B0x894B0x2ef	0x2cd
0x30c8B0x29d2B0x894B0x2ef	0x2cd
0x2ed2B0x894B0x2ef	0x2cd
0x9b70x95fB0x343	0x321
0x95fB0x343	0x321
0x1b6b0x95fB0x343	0x321
0xa3c0x95fB0x343	0x321
0x1bbf0x95fB0x343	0x321
0xa3f0x95fB0x343	0x321
0x9f10x95fB0x343	0x321
0x1c4d0x95fB0x343	0x321
0x9e80x95fB0x343	0x321
0x2aebB0x9b70x95fB0x343	0x321
0x2adeB0x9b70x95fB0x343	0x321
0x2f19B0x9b70x95fB0x343	0x321
0x30c8B0x2adeB0x9b70x95fB0x343	0x321
0x2f74B0x1bbf0x95fB0x343	0x321
0x2f89B0x1bbf0x95fB0x343	0x321
0x2b6dB0x2f74B0x1bbf0x95fB0x343	0x321
0x312cB0x2b6dB0x2f74B0x1bbf0x95fB0x343	0x321
0x2b6dB0x2f89B0x1bbf0x95fB0x343	0x321
0x312cB0x2b6dB0x2f89B0x1bbf0x95fB0x343	0x321
0xa490x95fB0x343	0x321
0x2f32B0x9b70x95fB0x343	0x321
0x2f96B0x1bbf0x95fB0x343	0x321
0x2b76B0x2f74B0x1bbf0x95fB0x343	0x321
0x2b76B0x2f89B0x1bbf0x95fB0x343	0x321
0xc03B0x3ed	0x3d8
0xc18B0x3ed	0x3d8
0xc10B0x3ed	0x3d8
0x1cb0B0xc03B0x3ed	0x3d8
0x2464B0x43f	0x433
0x247eB0x43f	0x433
0x24a7B0x43f	0x433
0x2455B0x43f	0x433
0x2468B0x43f	0x433
0x2482B0x43f	0x433
0x248eB0x43f	0x433
0x24abB0x43f	0x433
0x24b7B0x43f	0x433
0x21aaB0x24abB0x43f	0x433
0x21e2B0x24abB0x43f	0x433
0x302dB0x24abB0x43f	0x433
0x21aeB0x24abB0x43f	0x433
0x21c1B0x24abB0x43f	0x433
0x21bcB0x24abB0x43f	0x433
0x301aB0x24abB0x43f	0x433
0x21e6B0x24abB0x43f	0x433
0x21fcB0x24abB0x43f	0x433
0x21e9B0x24abB0x43f	0x433
0x219dB0x24abB0x43f	0x433
0x3031B0x24abB0x43f	0x433
0x21f2B0x24abB0x43f	0x433
0x2fbcB0x21bcB0x24abB0x43f	0x433
0x2f9dB0x21bcB0x24abB0x43f	0x433
0x2fc0B0x21bcB0x24abB0x43f	0x433
0x2312B0x21f2B0x24abB0x43f	0x433
0x31e6B0x2312B0x21f2B0x24abB0x43f	0x433
0x31dfB0x2312B0x21f2B0x24abB0x43f	0x433
0x31d6B0x2312B0x21f2B0x24abB0x43f	0x433
0x312cB0x31d6B0x2312B0x21f2B0x24abB0x43f	0x433
0x2216B0x24abB0x43f	0x433
0x2321B0x21f2B0x24abB0x43f	0x433
0x31eaB0x2312B0x21f2B0x24abB0x43f	0x433
0x20a4B0x2482B0x43f	0x433
0x20dcB0x2482B0x43f	0x433
0x2fddB0x2482B0x43f	0x433
0x20a8B0x2482B0x43f	0x433
0x20bbB0x2482B0x43f	0x433
0x20b6B0x2482B0x43f	0x433
0x2fcaB0x2482B0x43f	0x433
0x20e0B0x2482B0x43f	0x433
0x2110B0x2482B0x43f	0x433
0x20f6B0x2482B0x43f	0x433
0x20e3B0x2482B0x43f	0x433
0x2097B0x2482B0x43f	0x433
0x2fe1B0x2482B0x43f	0x433
0x20ecB0x2482B0x43f	0x433
0x2fbcB0x20b6B0x2482B0x43f	0x433
0x2f9dB0x20b6B0x2482B0x43f	0x433
0x2fc0B0x20b6B0x2482B0x43f	0x433
0x2091B0x20ecB0x2482B0x43f	0x433
0x2082B0x20ecB0x2482B0x43f	0x433
0x31a1B0x2082B0x20ecB0x2482B0x43f	0x433
0x3191B0x2082B0x20ecB0x2482B0x43f	0x433
0x319aB0x2082B0x20ecB0x2482B0x43f	0x433
0x31a5B0x2082B0x20ecB0x2482B0x43f	0x433
0x30e4B0x3191B0x2082B0x20ecB0x2482B0x43f	0x433
0x30efB0x3191B0x2082B0x20ecB0x2482B0x43f	0x433
0x310cB0x3191B0x2082B0x20ecB0x2482B0x43f	0x433
0x1d11B0x1a19	0x1a19
0x1d94B0x1a19	0x1a19
0x1d32B0x1a19	0x1a19
0x2bf4B0x1d11B0x1a19	0x1a19
0x2c09B0x1d11B0x1a19	0x1a19
0x2c16B0x1d11B0x1a19	0x1a19
0x2686B0x2bf4B0x1d11B0x1a19	0x1a19
0x30e4B0x2686B0x2bf4B0x1d11B0x1a19	0x1a19
0x310cB0x2686B0x2bf4B0x1d11B0x1a19	0x1a19
0x2686B0x2c09B0x1d11B0x1a19	0x1a19
0x30e4B0x2686B0x2c09B0x1d11B0x1a19	0x1a19
0x310cB0x2686B0x2c09B0x1d11B0x1a19	0x1a19
0x2b6dB0x2c16B0x1d11B0x1a19	0x1a19
0x312cB0x2b6dB0x2c16B0x1d11B0x1a19	0x1a19
0x1e8eB0x1d32B0x1a19	0x1a19
0x1f0dB0x1d32B0x1a19	0x1a19
0x1f3eB0x1d32B0x1a19	0x1a19
0x1f9bB0x1d32B0x1a19	0x1a19
0x1e6aB0x1d32B0x1a19	0x1a19
0x1e89B0x1d32B0x1a19	0x1a19
0x1ec8B0x1d32B0x1a19	0x1a19
0x1ebfB0x1d32B0x1a19	0x1a19
0x1ef1B0x1d32B0x1a19	0x1a19
0x1f2eB0x1d32B0x1a19	0x1a19
0x1f33B0x1d32B0x1a19	0x1a19
0x1f78B0x1d32B0x1a19	0x1a19
0x1f6fB0x1d32B0x1a19	0x1a19
0x1f96B0x1d32B0x1a19	0x1a19
0x1fd5B0x1d32B0x1a19	0x1a19
0x1fccB0x1d32B0x1a19	0x1a19
0x1f83B0x1d32B0x1a19	0x1a19
0x2f39B0x1e8eB0x1d32B0x1a19	0x1a19
0x2b2bB0x1e8eB0x1d32B0x1a19	0x1a19
0x2b1eB0x1e8eB0x1d32B0x1a19	0x1a19
0x30c8B0x2b1eB0x1e8eB0x1d32B0x1a19	0x1a19
0x2e59B0x1f3eB0x1d32B0x1a19	0x1a19
0x291fB0x1f3eB0x1d32B0x1a19	0x1a19
0x2912B0x1f3eB0x1d32B0x1a19	0x1a19
0x30c8B0x2912B0x1f3eB0x1d32B0x1a19	0x1a19
0x2ef9B0x1f9bB0x1d32B0x1a19	0x1a19
0x2a85B0x1f9bB0x1d32B0x1a19	0x1a19
0x2a78B0x1f9bB0x1d32B0x1a19	0x1a19
0x30c8B0x2a78B0x1f9bB0x1d32B0x1a19	0x1a19
0x2b8bB0x1ec8B0x1d32B0x1a19	0x1a19
0x2733B0x1ec8B0x1d32B0x1a19	0x1a19
0x3089B0x1ec8B0x1d32B0x1a19	0x1a19
0x273dB0x1ec8B0x1d32B0x1a19	0x1a19
0x30bdB0x1ec8B0x1d32B0x1a19	0x1a19
0x274dB0x1ec8B0x1d32B0x1a19	0x1a19
0x2728B0x1ec8B0x1d32B0x1a19	0x1a19
0x316aB0x273dB0x1ec8B0x1d32B0x1a19	0x1a19
0x3143B0x273dB0x1ec8B0x1d32B0x1a19	0x1a19
0x3161B0x273dB0x1ec8B0x1d32B0x1a19	0x1a19
0x3146B0x273dB0x1ec8B0x1d32B0x1a19	0x1a19
0x314fB0x273dB0x1ec8B0x1d32B0x1a19	0x1a19
0x2c23B0x1d11B0x1a19	0x1a19
0x268fB0x2bf4B0x1d11B0x1a19	0x1a19
0x30efB0x2686B0x2bf4B0x1d11B0x1a19	0x1a19
0x268fB0x2c09B0x1d11B0x1a19	0x1a19
0x30efB0x2686B0x2c09B0x1d11B0x1a19	0x1a19
0x2b76B0x2c16B0x1d11B0x1a19	0x1a19
0x3c4caB0x1d32B0x1a19	0x1a19
0x3c5a6B0x1d32B0x1a19	0x1a19
0x2f52B0x1e8eB0x1d32B0x1a19	0x1a19
0x2e72B0x1f3eB0x1d32B0x1a19	0x1a19
0x2f12B0x1f9bB0x1d32B0x1a19	0x1a19
0x2b97B0x1ec8B0x1d32B0x1a19	0x1a19
0x3c517B0x273dB0x1ec8B0x1d32B0x1a19	0x1a19
0x3c5f3B0x273dB0x1ec8B0x1d32B0x1a19	0x1a19
0x24cfB0x1f83B0x1d32B0x1a19	0x1a19
0x24d3B0x1f83B0x1d32B0x1a19	0x1a19
0x24e1B0x1f83B0x1d32B0x1a19	0x1a19
0x24c1B0x1f83B0x1d32B0x1a19	0x1a19
0x222fB0x24d3B0x1f83B0x1d32B0x1a19	0x1a19
0x2220B0x24d3B0x1f83B0x1d32B0x1a19	0x1a19
0x31b8B0x2220B0x24d3B0x1f83B0x1d32B0x1a19	0x1a19
0x31a8B0x2220B0x24d3B0x1f83B0x1d32B0x1a19	0x1a19
0x31b1B0x2220B0x24d3B0x1f83B0x1d32B0x1a19	0x1a19
0x31bcB0x2220B0x24d3B0x1f83B0x1d32B0x1a19	0x1a19
0x30f6B0x31a8B0x2220B0x24d3B0x1f83B0x1d32B0x1a19	0x1a19
0x1de4B0x1cb8	0x1cb8
0x1e65B0x1cb8	0x1cb8
0x1e03B0x1cb8	0x1cb8
0x2c2bB0x1de4B0x1cb8	0x1cb8
0x2c40B0x1de4B0x1cb8	0x1cb8
0x2686B0x2c2bB0x1de4B0x1cb8	0x1cb8
0x30e4B0x2686B0x2c2bB0x1de4B0x1cb8	0x1cb8
0x310cB0x2686B0x2c2bB0x1de4B0x1cb8	0x1cb8
0x2b6dB0x2c40B0x1de4B0x1cb8	0x1cb8
0x312cB0x2b6dB0x2c40B0x1de4B0x1cb8	0x1cb8
0x1e8eB0x1e03B0x1cb8	0x1cb8
0x1f0dB0x1e03B0x1cb8	0x1cb8
0x1f3eB0x1e03B0x1cb8	0x1cb8
0x1f9bB0x1e03B0x1cb8	0x1cb8
0x1e6aB0x1e03B0x1cb8	0x1cb8
0x1e89B0x1e03B0x1cb8	0x1cb8
0x1ec8B0x1e03B0x1cb8	0x1cb8
0x1ebfB0x1e03B0x1cb8	0x1cb8
0x1ef1B0x1e03B0x1cb8	0x1cb8
0x1f2eB0x1e03B0x1cb8	0x1cb8
0x1f33B0x1e03B0x1cb8	0x1cb8
0x1f78B0x1e03B0x1cb8	0x1cb8
0x1f6fB0x1e03B0x1cb8	0x1cb8
0x1f96B0x1e03B0x1cb8	0x1cb8
0x1fd5B0x1e03B0x1cb8	0x1cb8
0x1fccB0x1e03B0x1cb8	0x1cb8
0x1f83B0x1e03B0x1cb8	0x1cb8
0x2f39B0x1e8eB0x1e03B0x1cb8	0x1cb8
0x2b2bB0x1e8eB0x1e03B0x1cb8	0x1cb8
0x2b1eB0x1e8eB0x1e03B0x1cb8	0x1cb8
0x30c8B0x2b1eB0x1e8eB0x1e03B0x1cb8	0x1cb8
0x2e59B0x1f3eB0x1e03B0x1cb8	0x1cb8
0x291fB0x1f3eB0x1e03B0x1cb8	0x1cb8
0x2912B0x1f3eB0x1e03B0x1cb8	0x1cb8
0x30c8B0x2912B0x1f3eB0x1e03B0x1cb8	0x1cb8
0x2ef9B0x1f9bB0x1e03B0x1cb8	0x1cb8
0x2a85B0x1f9bB0x1e03B0x1cb8	0x1cb8
0x2a78B0x1f9bB0x1e03B0x1cb8	0x1cb8
0x30c8B0x2a78B0x1f9bB0x1e03B0x1cb8	0x1cb8
0x2b8bB0x1ec8B0x1e03B0x1cb8	0x1cb8
0x2733B0x1ec8B0x1e03B0x1cb8	0x1cb8
0x3089B0x1ec8B0x1e03B0x1cb8	0x1cb8
0x273dB0x1ec8B0x1e03B0x1cb8	0x1cb8
0x30bdB0x1ec8B0x1e03B0x1cb8	0x1cb8
0x274dB0x1ec8B0x1e03B0x1cb8	0x1cb8
0x2728B0x1ec8B0x1e03B0x1cb8	0x1cb8
0x316aB0x273dB0x1ec8B0x1e03B0x1cb8	0x1cb8
0x3143B0x273dB0x1ec8B0x1e03B0x1cb8	0x1cb8
0x3161B0x273dB0x1ec8B0x1e03B0x1cb8	0x1cb8
0x3146B0x273dB0x1ec8B0x1e03B0x1cb8	0x1cb8
0x314fB0x273dB0x1ec8B0x1e03B0x1cb8	0x1cb8
0x2c4dB0x1de4B0x1cb8	0x1cb8
0x268fB0x2c2bB0x1de4B0x1cb8	0x1cb8
0x30efB0x2686B0x2c2bB0x1de4B0x1cb8	0x1cb8
0x2b76B0x2c40B0x1de4B0x1cb8	0x1cb8
0x3c4caB0x1e03B0x1cb8	0x1cb8
0x3c5a6B0x1e03B0x1cb8	0x1cb8
0x2f52B0x1e8eB0x1e03B0x1cb8	0x1cb8
0x2e72B0x1f3eB0x1e03B0x1cb8	0x1cb8
0x2f12B0x1f9bB0x1e03B0x1cb8	0x1cb8
0x2b97B0x1ec8B0x1e03B0x1cb8	0x1cb8
0x3c517B0x273dB0x1ec8B0x1e03B0x1cb8	0x1cb8
0x3c5f3B0x273dB0x1ec8B0x1e03B0x1cb8	0x1cb8
0x24cfB0x1f83B0x1e03B0x1cb8	0x1cb8
0x24d3B0x1f83B0x1e03B0x1cb8	0x1cb8
0x24e1B0x1f83B0x1e03B0x1cb8	0x1cb8
0x24c1B0x1f83B0x1e03B0x1cb8	0x1cb8
0x222fB0x24d3B0x1f83B0x1e03B0x1cb8	0x1cb8
0x2220B0x24d3B0x1f83B0x1e03B0x1cb8	0x1cb8
0x31b8B0x2220B0x24d3B0x1f83B0x1e03B0x1cb8	0x1cb8
0x31a8B0x2220B0x24d3B0x1f83B0x1e03B0x1cb8	0x1cb8
0x31b1B0x2220B0x24d3B0x1f83B0x1e03B0x1cb8	0x1cb8
0x31bcB0x2220B0x24d3B0x1f83B0x1e03B0x1cb8	0x1cb8
0x30f6B0x31a8B0x2220B0x24d3B0x1f83B0x1e03B0x1cb8	0x1cb8
0x25f3B0x470	0x470
0x2651B0x470	0x470
0x25dfB0x470	0x470
0x25f7B0x470	0x470
0x2605B0x470	0x470
0x2616B0x470	0x470
0x2627B0x470	0x470
0x2638B0x470	0x470
0x2655B0x470	0x470
0x2661B0x470	0x470
0x2312B0x25f7B0x470	0x470
0x2312B0x2616B0x470	0x470
0x2312B0x2627B0x470	0x470
0x31e6B0x2312B0x25f7B0x470	0x470
0x31dfB0x2312B0x25f7B0x470	0x470
0x31d6B0x2312B0x25f7B0x470	0x470
0x312cB0x31d6B0x2312B0x25f7B0x470	0x470
0x31e6B0x2312B0x2616B0x470	0x470
0x31dfB0x2312B0x2616B0x470	0x470
0x31d6B0x2312B0x2616B0x470	0x470
0x312cB0x31d6B0x2312B0x2616B0x470	0x470
0x31e6B0x2312B0x2627B0x470	0x470
0x31dfB0x2312B0x2627B0x470	0x470
0x31d6B0x2312B0x2627B0x470	0x470
0x312cB0x31d6B0x2312B0x2627B0x470	0x470
0x2082B0x2605B0x470	0x470
0x31a1B0x2082B0x2605B0x470	0x470
0x3191B0x2082B0x2605B0x470	0x470
0x319aB0x2082B0x2605B0x470	0x470
0x30e4B0x3191B0x2082B0x2605B0x470	0x470
0x310cB0x3191B0x2082B0x2605B0x470	0x470
0x2321B0x25f7B0x470	0x470
0x2321B0x2616B0x470	0x470
0x2321B0x2627B0x470	0x470
0x31eaB0x2312B0x25f7B0x470	0x470
0x31eaB0x2312B0x2616B0x470	0x470
0x31eaB0x2312B0x2627B0x470	0x470
0x2091B0x2605B0x470	0x470
0x31a5B0x2082B0x2605B0x470	0x470
0x30efB0x3191B0x2082B0x2605B0x470	0x470
0x2127B0x2655B0x470	0x470
0x215fB0x2655B0x470	0x470
0x22acB0x2655B0x470	0x470
0x3005B0x2655B0x470	0x470
0x212bB0x2655B0x470	0x470
0x213eB0x2655B0x470	0x470
0x2139B0x2655B0x470	0x470
0x2ff2B0x2655B0x470	0x470
0x2163B0x2655B0x470	0x470
0x2193B0x2655B0x470	0x470
0x2179B0x2655B0x470	0x470
0x229eB0x2655B0x470	0x470
0x2166B0x2655B0x470	0x470
0x22b0B0x2655B0x470	0x470
0x22baB0x2655B0x470	0x470
0x22caB0x2655B0x470	0x470
0x22deB0x2655B0x470	0x470
0x22f2B0x2655B0x470	0x470
0x2306B0x2655B0x470	0x470
0x211aB0x2655B0x470	0x470
0x3009B0x2655B0x470	0x470
0x216fB0x2655B0x470	0x470
0x2fbcB0x2139B0x2655B0x470	0x470
0x2f9dB0x2139B0x2655B0x470	0x470
0x2fc0B0x2139B0x2655B0x470	0x470
0x2fbcB0x22b0B0x2655B0x470	0x470
0x2f9dB0x22b0B0x2655B0x470	0x470
0x2fc0B0x22b0B0x2655B0x470	0x470
0x2091B0x22baB0x2655B0x470	0x470
0x2082B0x22baB0x2655B0x470	0x470
0x31a1B0x2082B0x22baB0x2655B0x470	0x470
0x3191B0x2082B0x22baB0x2655B0x470	0x470
0x319aB0x2082B0x22baB0x2655B0x470	0x470
0x31a5B0x2082B0x22baB0x2655B0x470	0x470
0x30e4B0x3191B0x2082B0x22baB0x2655B0x470	0x470
0x30efB0x3191B0x2082B0x22baB0x2655B0x470	0x470
0x310cB0x3191B0x2082B0x22baB0x2655B0x470	0x470
0x233cB0x22caB0x2655B0x470	0x470
0x234bB0x22caB0x2655B0x470	0x470
0x31fdB0x233cB0x22caB0x2655B0x470	0x470
0x31edB0x233cB0x22caB0x2655B0x470	0x470
0x31f6B0x233cB0x22caB0x2655B0x470	0x470
0x3201B0x233cB0x22caB0x2655B0x470	0x470
0x3136B0x31edB0x233cB0x22caB0x2655B0x470	0x470
0x2244B0x22deB0x2655B0x470	0x470
0x2235B0x22deB0x2655B0x470	0x470
0x31cfB0x2235B0x22deB0x2655B0x470	0x470
0x31bfB0x2235B0x22deB0x2655B0x470	0x470
0x31c8B0x2235B0x22deB0x2655B0x470	0x470
0x31d3B0x2235B0x22deB0x2655B0x470	0x470
0x3102B0x31bfB0x2235B0x22deB0x2655B0x470	0x470
0x2244B0x22f2B0x2655B0x470	0x470
0x2235B0x22f2B0x2655B0x470	0x470
0x31cfB0x2235B0x22f2B0x2655B0x470	0x470
0x31bfB0x2235B0x22f2B0x2655B0x470	0x470
0x31c8B0x2235B0x22f2B0x2655B0x470	0x470
0x31d3B0x2235B0x22f2B0x2655B0x470	0x470
0x3102B0x31bfB0x2235B0x22f2B0x2655B0x470	0x470
0x5c3B0x1ef	0x1cd
0x611B0x1ef	0x1cd
0x654B0x1ef	0x1cd
0xadb0x5b7B0x1ef	0x1cd
0x661B0x1ef	0x1cd
0x675B0x1ef	0x1cd
0x68eB0x1ef	0x1cd
0x5b7B0x1ef	0x1cd
0x5fdB0x1ef	0x1cd
0x5f4B0x1ef	0x1cd
0x615B0x1ef	0x1cd
0x644B0x1ef	0x1cd
0x6a8B0x1ef	0x1cd
0x683B0x1ef	0x1cd
0x662B0x1ef	0x1cd
0x676B0x1ef	0x1cd
0x68fB0x1ef	0x1cd
0x64aB0x1ef	0x1cd
0x630B0x1ef	0x1cd
0xb150x5b7B0x1ef	0x1cd
0xb670x5b7B0x1ef	0x1cd
0xa830x5b7B0x1ef	0x1cd
0xbf50x5b7B0x1ef	0x1cd
0xb0c0x5b7B0x1ef	0x1cd
0x2ed9B0x5c3B0x1ef	0x1cd
0x2a45B0x5c3B0x1ef	0x1cd
0x2a38B0x5c3B0x1ef	0x1cd
0x30c8B0x2a38B0x5c3B0x1ef	0x1cd
0x2aebB0xadb0x5b7B0x1ef	0x1cd
0x2adeB0xadb0x5b7B0x1ef	0x1cd
0x2f19B0xadb0x5b7B0x1ef	0x1cd
0x30c8B0x2adeB0xadb0x5b7B0x1ef	0x1cd
0x2f74B0xb670x5b7B0x1ef	0x1cd
0x2f89B0xb670x5b7B0x1ef	0x1cd
0x2b6dB0x2f74B0xb670x5b7B0x1ef	0x1cd
0x312cB0x2b6dB0x2f74B0xb670x5b7B0x1ef	0x1cd
0x2b6dB0x2f89B0xb670x5b7B0x1ef	0x1cd
0x312cB0x2b6dB0x2f89B0xb670x5b7B0x1ef	0x1cd
0x2ef2B0x5c3B0x1ef	0x1cd
0x2f32B0xadb0x5b7B0x1ef	0x1cd
0x2f96B0xb670x5b7B0x1ef	0x1cd
0x2b76B0x2f74B0xb670x5b7B0x1ef	0x1cd
0x2b76B0x2f89B0xb670x5b7B0x1ef	0x1cd
0xc51B0x455	0x433
0xc9fB0x455	0x433
0xce2B0x455	0x433
0x9b70xc45B0x455	0x433
0xcefB0x455	0x433
0xd03B0x455	0x433
0xd1cB0x455	0x433
0xc45B0x455	0x433
0xc8bB0x455	0x433
0xc82B0x455	0x433
0xca3B0x455	0x433
0xcd2B0x455	0x433
0xd36B0x455	0x433
0xd11B0x455	0x433
0xcf0B0x455	0x433
0xd04B0x455	0x433
0xd1dB0x455	0x433
0xcd8B0x455	0x433
0xcbeB0x455	0x433
0x1b6b0xc45B0x455	0x433
0xa3c0xc45B0x455	0x433
0x1bbf0xc45B0x455	0x433
0xa3f0xc45B0x455	0x433
0x9f10xc45B0x455	0x433
0x95f0xc45B0x455	0x433
0x1c4d0xc45B0x455	0x433
0x9e80xc45B0x455	0x433
0x2ed9B0xc51B0x455	0x433
0x2a45B0xc51B0x455	0x433
0x2a38B0xc51B0x455	0x433
0x30c8B0x2a38B0xc51B0x455	0x433
0x2aebB0x9b70xc45B0x455	0x433
0x2adeB0x9b70xc45B0x455	0x433
0x2f19B0x9b70xc45B0x455	0x433
0x30c8B0x2adeB0x9b70xc45B0x455	0x433
0x2f74B0x1bbf0xc45B0x455	0x433
0x2f89B0x1bbf0xc45B0x455	0x433
0x2b6dB0x2f74B0x1bbf0xc45B0x455	0x433
0x312cB0x2b6dB0x2f74B0x1bbf0xc45B0x455	0x433
0x2b6dB0x2f89B0x1bbf0xc45B0x455	0x433
0x312cB0x2b6dB0x2f89B0x1bbf0xc45B0x455	0x433
0xa490xc45B0x455	0x433
0x2ef2B0xc51B0x455	0x433
0x2f32B0x9b70xc45B0x455	0x433
0x2f96B0x1bbf0xc45B0x455	0x433
0x2b76B0x2f74B0x1bbf0xc45B0x455	0x433
0x2b76B0x2f89B0x1bbf0xc45B0x455	0x433
