src,dst
0x0,0xd
0x0,0x12adba
0xd,0x139
0xd,0x1e
0x12adba,0x6b10
0x60,0x1159ba
0x60,0x6b
0x1159ba,0x73b
0x6b,0x76
0x6b,0x1163ba
0x3f,0x113bba
0x3f,0x4a
0x113bba,0x6d6
0x4a,0x1145ba
0x4a,0x55
0x139,0x1d2
0x139,0x145
0x1e,0xb6
0x1e,0x29
0x76,0x6b34
0xb2,0x6b58
0xf9,0x6b7c
0x135,0x6ba0
0x192,0x6bc4
0x1ce,0x6be8
0x215,0x6c0c
0x77a,0x2d3aB0x77a
0x2d3aB0x77a,0x397e1
0x7b3,0x32f2B0x7b3
0x32f2B0x7b3,0x39809
0x7e8,0x308aB0x7e8
0x308aB0x7e8,0x39831
0x9d5,0x2ff1
0x2ff1,0x47190
0xab6,0x2e22
0x2e22,0x471b8
0xaff,0x2efe
0x2efe,0x471e0
0xc34,0x2ceb
0x2ceb,0x4722c
0xd0e,0x30f8B0xd0e
0x30f8B0xd0e,0x472ea
0xf97,0x30f8B0xf97
0x30f8B0xf97,0x54cc2
0x12d2,0x30f8B0x12d2
0x30f8B0x12d2,0x6269b
0x1310,0x2e59
0x2e59,0x626c3
0x1a73,0x2f6a
0x2f6a,0x62915
0x1cff,0x2d3aB0x1cff
0x2d3aB0x1cff,0x702f1
0x1d4e,0x32f2B0x1d4e
0x32f2B0x1d4e,0x70319
0x1d83,0x308aB0x1d83
0x308aB0x1d83,0x70341
0x1eb1,0x30f8B0x1eb1
0x30f8B0x1eb1,0x70369
0x1ed7,0x2ddc
0x2ddc,0x70391
0x1f59,0x2f33
0x2f33,0x703b9
0x1f94,0x1f4aB0x1f94
0x1f4aB0x1f94,0x1f9b
0x208f,0x1f4aB0x208f
0x1f4aB0x208f,0x2096
0x2117,0x303cB0x2117
0x303cB0x2117,0x7044f
0x2141,0x2159
0x2159,0x233eB0x2159
0x217b,0x3176
0x3176,0x70477
0x21d2,0x303cB0x21d2
0x303cB0x21d2,0x704c1
0x21fc,0x2214
0x2214,0x221c
0x2214,0x23bc
0x22c7,0x32ab
0x32ab,0x7057f
0x23e8,0x303cB0x23e8
0x303cB0x23e8,0x7068e
0x2412,0x2430
0x2412,0x706b6
0x2430,0x2214
0x2430,0x221c
0x2430,0x23acB0x2159
0x706b6,0x2214
0x706b6,0x221c
0x706b6,0x23acB0x2159
0x25da,0x303cB0x25da
0x303cB0x25da,0x70794
0x2604,0x261c
0x261c,0x1f4aB0x261c
0x1d2,0x219
0x1d2,0x1de
0x145,0x196
0x145,0x150
0xb6,0xfd
0xb6,0xc2
0xfd,0x109bba
0xfd,0x109
0xc2,0xcd
0xc2,0x10cdba
0x7a,0x10ffba
0x7a,0x86
0x10ffba,0x614
0x86,0x1109ba
0x86,0x91
0x109bba,0x4e6
0x109,0x10a5ba
0x109,0x114
0x219,0xfc9ba
0x219,0x225
0x1de,0xffbba
0x1de,0x1e9
0x196,0x102dba
0x196,0x1a2
0x102dba,0x3a3
0x1a2,0x1037ba
0x1a2,0x1ad
0xfc9ba,0x256
0x225,0xfd3ba
0x225,0x230
0x264,0x76e
0x76e,0x77a
0x76e,0x79a
0x79a,0x7b3
0x79a,0x7ca
0x277,0x2812B0x277
0x2812B0x277,0x2823B0x277
0x2812B0x277,0x2820B0x277
0x286,0x8eaB0x286
0x8eaB0x286,0x1f4aB0x8eaB0x286
0x297,0x295d
0x295d,0x2971
0x295d,0x296e
0x2a6,0x99f
0x99f,0x10bdB0x99f
0x2971,0x2725B0x2971
0x10bdB0x99f,0x9a8
0x2b7,0x282eB0x2b7
0x282eB0x2b7,0x283fB0x2b7
0x282eB0x2b7,0x283cB0x2b7
0x39143,0x2bfeB0x39143
0x2bfeB0x39143,0x70ae5
0x2c6,0xbf9B0x2c6
0xbf9B0x2c6,0x70a2aB0x2c6
0x2ed,0x2846B0x2ed
0x2846B0x2ed,0x2858B0x2ed
0x2846B0x2ed,0x2855B0x2ed
0x2fc,0x39197
0x2fc,0xc11
0xc11,0x1f4aB0xc11
0x1f4aB0xc11,0x47208
0x30d,0xc59B0x30d
0xc59B0x30d,0x1f4aB0xc59B0x30d
0x322,0x2846B0x322
0x2846B0x322,0x2858B0x322
0x2846B0x322,0x2855B0x322
0x331,0xca4B0x331
0xca4B0x331,0x1f4aB0xca4B0x331
0x342,0x2896B0x342
0x2896B0x342,0x28a7B0x342
0x2896B0x342,0x28a4B0x342
0x351,0xce6
0xce6,0x1f4aB0xce6
0x1f4aB0xce6,0xcee
0x362,0x2adaB0x362
0x2adaB0x362,0x2aefB0x362
0x2adaB0x362,0x2aecB0x362
0x371,0xd4fB0x371
0xd4fB0x371,0xd68B0x371
0xd4fB0x371,0xd60B0x371
0x382,0x28bdB0x382
0x28bdB0x382,0x28ceB0x382
0x28bdB0x382,0x28cbB0x382
0x396,0x33e7
0x33e7,0x3923c
0x391,0xe4a
0xe4a,0x396
0x3af,0x2846B0x3af
0x2846B0x3af,0x2858B0x3af
0x2846B0x3af,0x2855B0x3af
0x39264,0x2bfeB0x39264
0x2bfeB0x39264,0x70b0d
0x3be,0xe65B0x3be
0xe65B0x3be,0x70a74B0x3be
0x3cf,0x2736B0x3cf
0x2736B0x3cf,0x2747B0x3cf
0x2736B0x3cf,0x2744B0x3cf
0x39290,0x2bf3B0x39290
0x2bf3B0x39290,0x70b35
0x3de,0xe92B0x3de
0xe92B0x3de,0x1174B0xe92B0x3de
0x3fc,0xeac
0xeac,0x392e4
0x392e4,0x2bf3B0x392e4
0x2bf3B0x392e4,0x70b5d
0x411,0x2736B0x411
0x2736B0x411,0x2747B0x411
0x2736B0x411,0x2744B0x411
0x420,0xeb5B0x420
0xeb5B0x420,0x1f4aB0xeb5B0x420
0x431,0xf6f
0xf6f,0x1f4aB0xf6f
0x1f4aB0xf6f,0xf77
0x446,0x2785
0x2785,0x279a
0x2785,0x2797
0x455,0xff8B0x455
0xff8B0x455,0x1f4aB0xff8B0x455
0x279a,0x34c8B0x279a
0x466,0x39373
0x466,0x109f
0x39373,0x2bfeB0x39373
0x2bfeB0x39373,0x70b85
0x109f,0x17aeB0x109f
0x17aeB0x109f,0x22deB0x17aeB0x109f
0x47b,0x10bdB0x47b
0x10bdB0x47b,0x3939f
0x3939f,0x2bbbB0x3939f
0x2bbbB0x3939f,0x70bad
0x49d,0x28bdB0x49d
0x28bdB0x49d,0x28ceB0x49d
0x28bdB0x49d,0x28cbB0x49d
0x4ac,0x10ccB0x4ac
0x10ccB0x4ac,0x1f4aB0x10ccB0x4ac
0x4bd,0x2875B0x4bd
0x2875B0x4bd,0x2887B0x4bd
0x2875B0x4bd,0x2884B0x4bd
0x39414,0x2bbbB0x39414
0x2bbbB0x39414,0x70bd5
0x4cc,0x114fB0x4cc
0x114fB0x4cc,0x2224B0x114fB0x4cc
0x4dd,0x116e
0x116e,0x39440
0x39440,0x2bfeB0x39440
0x2bfeB0x39440,0x70bfd
0x4f2,0x2846B0x4f2
0x2846B0x4f2,0x2858B0x4f2
0x2846B0x4f2,0x2855B0x4f2
0x3946c,0x2bf3B0x3946c
0x2bf3B0x3946c,0x70c25
0x39498,0x1174B0x39498
0x1174B0x39498,0x2230B0x1174B0x39498
0x512,0x118c
0x118c,0x394bc
0x394bc,0x2bfeB0x394bc
0x2bfeB0x394bc,0x70c4d
0x527,0x119e
0x119e,0x394e8
0x394e8,0x340fB0x394e8
0x340fB0x394e8,0x70c75
0x549,0x11a7
0x11a7,0x3953c
0x3953c,0x2bfeB0x3953c
0x2bfeB0x3953c,0x70c9d
0x55e,0x11ac
0x11ac,0x39568
0x39568,0x2bfeB0x39568
0x2bfeB0x39568,0x70cc5
0x573,0x27d5B0x573
0x27d5B0x573,0x27e9B0x573
0x27d5B0x573,0x27e6B0x573
0x582,0x11b1B0x582
0x11b1B0x582,0x1f4aB0x11b1B0x582
0x593,0x2930B0x593
0x2930B0x593,0x2942B0x593
0x2930B0x593,0x293fB0x593
0x5a7,0x33fb
0x33fb,0x395b5
0x5a2,0x1275B0x5a2
0x1275B0x5a2,0x5a7
0x5c0,0x282eB0x5c0
0x282eB0x5c0,0x283fB0x5c0
0x282eB0x5c0,0x283cB0x5c0
0x395dd,0x2bbbB0x395dd
0x2bbbB0x395dd,0x70ced
0x5cf,0x128f
0x128f,0x395dd
0x5e0,0x2930B0x5e0
0x2930B0x5e0,0x2942B0x5e0
0x2930B0x5e0,0x293fB0x5e0
0x5ef,0x12aa
0x12aa,0x1f4aB0x12aa
0x1f4aB0x12aa,0x12b2
0x600,0x29e9B0x600
0x29e9B0x600,0x2a00B0x600
0x29e9B0x600,0x29fdB0x600
0x60f,0x135bB0x60f
0x135bB0x60f,0x1174B0x135bB0x60f
0x620,0x282eB0x620
0x282eB0x620,0x283fB0x620
0x282eB0x620,0x283cB0x620
0x3964b,0x2bfeB0x3964b
0x2bfeB0x3964b,0x70d15
0x62f,0x17aeB0x62f
0x17aeB0x62f,0x22deB0x17aeB0x62f
0x640,0x2a59B0x640
0x2a59B0x640,0x2a71B0x640
0x2a59B0x640,0x2a6eB0x640
0x64f,0x17c5B0x64f
0x17c5B0x64f,0x1174B0x17c5B0x64f
0x660,0x2846B0x660
0x2846B0x660,0x2858B0x660
0x2846B0x660,0x2855B0x660
0x66f,0x39698
0x66f,0x1a50
0x1a50,0x1f4aB0x1a50
0x1f4aB0x1a50,0x628f1
0x680,0x2736B0x680
0x2736B0x680,0x2747B0x680
0x2736B0x680,0x2744B0x680
0x68f,0x1a8aB0x68f
0x1a8aB0x68f,0x1f4aB0x1a8aB0x68f
0x6a0,0x1b6c
0x1b6c,0x6a9
0x6a9,0x33c1
0x33c1,0x396da
0x6c2,0x2751B0x6c2
0x2751B0x6c2,0x2763B0x6c2
0x2751B0x6c2,0x2760B0x6c2
0x6d1,0x1b81B0x6d1
0x1b81B0x6d1,0x1f4aB0x1b81B0x6d1
0x6e2,0x1c1a
0x1c1a,0x6eb
0x6eb,0x33d5
0x33d5,0x39723
0x704,0x299aB0x704
0x299aB0x704,0x29afB0x704
0x299aB0x704,0x29acB0x704
0x718,0x336f
0x336f,0x34beB0x336f
0x713,0x1c2eB0x713
0x1c2eB0x713,0x2688B0x1c2eB0x713
0x34beB0x336f,0x34c7B0x336f
0x34beB0x336f,0x7095eB0x336f
0x732,0x1ce5
0x1ce5,0x39773
0x39773,0x340fB0x39773
0x340fB0x39773,0x70d3d
0x749,0x1cf3
0x1cf3,0x1cff
0x1cf3,0x1d16
0x1d16,0x2875B0x1d16
0x75a,0x2736B0x75a
0x2736B0x75a,0x2747B0x75a
0x2736B0x75a,0x2744B0x75a
0x769,0x1e89
0x1e89,0x1f4aB0x1e89
0x1f4aB0x1e89,0x1e91
0x7ca,0x7e8
0x7ca,0x7ff
0x7ff,0x2c1eB0x7ff
0xcd,0xd8
0xcd,0x10d7ba
0xd8,0x10e1ba
0xd8,0xe3
0x10d7ba,0x587
0x2c1eB0x7ff,0x2b49B0x2c1eB0x7ff
0x867,0x87d
0x867,0x881
0x881,0x88c
0x881,0x895
0x895,0x341dB0x895
0x341dB0x895,0x2b49B0x341dB0x895
0x8da,0x390e0
0x8da,relayer
0x9a8,0x9d0
0x9a8,0x9b8
0x9d0,0x9d5
0x9d0,0x9ec
0x9b8,0x1174B0x9b8
0x9ec,0x1275B0x9ec
0x1275B0x9ec,0x9f8
0x9f8,0x2688B0x9f8
0x2688B0x9f8,0xa02
0xa02,0xa41
0xa02,0xa42
0xa42,0xa4c
0xa42,0xa4d
0xa4d,0xa99
0xa4d,0xa9a
0xa9a,0xab1
0xa9a,0xaa1
0x10e1ba,0x5b4
0xe3,0x10ebba
0xe3,0xee
0xab1,0xab6
0xab1,0xacd
0xaa1,0xaae
0xaa1,0xaaf
0xacd,0xaf2
0xacd,0x1f4e
0xaaf,0xab1
0xaf2,0xaff
0xaf2,0xb16
0xb16,0xb58
0xb16,0xb59
0x1f4e,0x1f59
0x1f4e,0x1f70
0x1f70,0xacd
0x1f70,0x229d
0x1f70,0x15a5B0x60f
0xb59,0x345aB0xb59
0x345aB0xb59,0x34beB0x345aB0xb59
0xbe9,0x39122
0xc2f,0xc34
0xc2f,0xc4b0xc11
0xc4b0xc11,0x472540xc11
0xc4b0xc11,0x1f76
0x47208,0x1174B0x47208
0x1174B0x47208,0x2230B0x1174B0x47208
0xcee,0x10bdB0xcee
0x10bdB0xcee,0xcff
0xcff,0xd0e
0xcff,0xd25
0xd25,0x391fa
0xf77,0x10bdB0xf77
0x10bdB0xf77,0xf88
0xf88,0xf97
0xf88,0xfae
0xfae,0x39331
0x12b2,0x10bdB0x12b2
0x10bdB0x12b2,0x12c3
0x12c3,0x12d2
0x12c3,0x12e9
0x12e9,0x1310
0x12e9,0x1327
0x1327,0x39609
0x1a6e,0x1a73
0x1a6e,0xcdc0x1a50
0xcdc0x1a50,0x472c70x1a50
0xcdc0x1a50,0x2071
0x628f1,0x1174B0x628f1
0x1174B0x628f1,0x2230B0x1174B0x628f1
0x2875B0x1d16,0x2887B0x1d16
0x2875B0x1d16,0x2884B0x1d16
0x1d25,0x22e9B0x1d25
0x22e9B0x1d25,0x22f7B0x1d25
0x22e9B0x1d25,0x705ccB0x1d25
0x1d47,0x1d4e
0x1d47,0x1d65
0x1d65,0x1d83
0x1d65,0x1d9a
0x1d9a,0x2c1eB0x1d9a
0x2c1eB0x1d9a,0x2b49B0x2c1eB0x1d9a
0x1e04,0x1e19
0x1e04,0x1e1d
0x1e1d,0x1e28
0x1e1d,0x1e31
0x1e31,0x341dB0x1e31
0x341dB0x1e31,0x2b49B0x341dB0x1e31
0x1e77,0x3979f
0x1e77,relayer
0x1e91,0x10bdB0x1e91
0x10bdB0x1e91,0x1ea2
0x1ea2,0x1eb1
0x1ea2,0x1ec8
0x1ec8,0x1ed7
0x1ec8,0x1eee
0x1eee,0x397c0
0x1f8e,0x1f94
0x1f8e,0x703e1
0x703e1,0xc4b0xc11
0x703e1,0xc4bB0xdcdB0x371
0x2089,0x208f
0x2089,0x7042c
0x7042c,0xcdc0x1a50
0x7042c,0xcdc0xca4B0x331
0x2104,0x2112
0x2104,0x210a
0x2112,0x2117
0x2112,0x212e
0x210a,0x2112
0x212e,0x2141
0x212e,0x2159
0x233eB0x2159,0x2357B0x2159
0x233eB0x2159,0x234fB0x2159
0x2161,0x10bdB0x2161
0x10bdB0x2161,0x216b
0x216b,0x217b
0x216b,0x21920x20eb
0x21920x20eb,0x21990x20eb
0x21920x20eb,0x7049f0x20eb
0x21bf,0x21cd
0x21bf,0x21c5
0x21cd,0x21d2
0x21cd,0x21e9
0x21c5,0x21cd
0x21e9,0x21fc
0x21e9,0x2214
0x221c,0x21920x21a6
0x221c,0x23bc
0x21920x21a6,0x21990x21a6
0x21920x21a6,0x7049f0x21a6
0x23bc,0x23d5
0x23bc,0x23cd
0x23d5,0x23e3
0x23d5,0x23db
0x23cd,0x20daB0x23cd
0x2280,0xe65B0x2280
0xe65B0x2280,0x70a74B0x2280
0x229d,0x22a3
0x229d,0x1f4e
0x22a3,0x2245B0x1c93B0x713
0x22a3,0x161cB0x60f
0x22a3,0x2245B0x150eB0x60f
0x23e3,0x23e8
0x23e3,0x23ff
0x23db,0x23e3
0x23ff,0x2412
0x23ff,0x21920x23bc
0x21920x23bc,0x21990x23bc
0x21920x23bc,0x7049f0x23bc
0x25c7,0x25d5
0x25c7,0x25cd
0x25d5,0x25da
0x25d5,0x25f1
0x25cd,0x25d5
0x25f1,0x2604
0x25f1,0x261c
0x1f4aB0x261c,0x2626
0x2626,0x267b
0x2626,0x707bc
0x267b,0x23b4B0x2159
0x707bc,0x23b4B0x2159
0x34c8B0x279a,0x34d9B0x279a
0x34c8B0x279a,0x70980B0x279a
0x27a5,0x34c8B0x27a5
0x34c8B0x27a5,0x34d9B0x27a5
0x34c8B0x27a5,0x70980B0x27a5
0x27b5,0x34c8B0x27b5
0x34c8B0x27b5,0x34d9B0x27b5
0x34c8B0x27b5,0x70980B0x27b5
0x27c5,0x455
0x2725B0x2971,0x2732B0x2971
0x2725B0x2971,0x70828B0x2971
0x297b,0x270eB0x297b
0x270eB0x297b,0x2721B0x297b
0x270eB0x297b,0x70803B0x297b
0x298a,0x2a6
0x29,0x7a
0x29,0x34
0x337f,0x3974b
0x256,0x28d8B0x256
0x28d8B0x256,0x28edB0x256
0x28d8B0x256,0x28eaB0x256
0x26b,0x273
0x26b,0x277
0x28b,0x293
0x28b,0x297
0x2ab,0x2b3
0x2ab,0x2b7
0x2e1,0x2e9
0x2e1,0x2ed
0x301,0x309
0x301,0x30d
0x316,0x31e
0x316,0x322
0x336,0x33e
0x336,0x342
0x356,0x35e
0x356,0x362
0x376,0x37e
0x376,0x382
0x3a3,0x3ab
0x3a3,0x3af
0x3c3,0x3cb
0x3c3,0x3cf
0x3f0,0x3f8
0x3f0,0x3fc
0x405,0x40d
0x405,0x411
0x425,0x42d
0x425,0x431
0x43a,0x442
0x43a,0x446
0x45a,0x462
0x45a,0x466
0x46f,0x477
0x46f,0x47b
0x491,0x499
0x491,0x49d
0x4b1,0x4b9
0x4b1,0x4bd
0x4d1,0x4d9
0x4d1,0x4dd
0x4e6,0x4ee
0x4e6,0x4f2
0x506,0x50e
0x506,0x512
0x51b,0x523
0x51b,0x527
0x53d,0x545
0x53d,0x549
0x552,0x55a
0x552,0x55e
0x567,0x56f
0x567,0x573
0x587,0x58f
0x587,0x593
0x5b4,0x5bc
0x5b4,0x5c0
0x5d4,0x5dc
0x5d4,0x5e0
0x5f4,0x5fc
0x5f4,0x600
0x614,0x61c
0x614,0x620
0x634,0x63c
0x634,0x640
0x654,0x65c
0x654,0x660
0x674,0x67c
0x674,0x680
0x694,0x69c
0x694,0x6a0
0x6b6,0x6be
0x6b6,0x6c2
0x6d6,0x6de
0x6d6,0x6e2
0x6f8,0x700
0x6f8,0x704
0x726,0x72e
0x726,0x732
0x73b,0x28d8B0x73b
0x28d8B0x73b,0x28edB0x73b
0x28d8B0x73b,0x28eaB0x73b
0x74e,0x756
0x74e,0x75a
0x2071,0x2323B0x2071
0x2323B0x2071,0x24e8B0x2323B0x2071
0x1f76,0x230eB0x1f76
0x230eB0x1f76,0x249eB0x230eB0x1f76
0x25ae,0x25c7
0x25ae,0x25bf
0x25bf,0x20daB0x25bf
0x20eb,0x2104
0x20eb,0x20fc
0x20fc,0x20daB0x20fc
0x21a6,0x21bf
0x21a6,0x21b7
0x21b7,0x20daB0x21b7
0x2268,0x2280
0x2268,0x2279
0x2279,0x70535
0x34,0x3f
0x34,0x1131ba
0x22ad,0x22c7
0x22ad,0x70559
0x70559,0x162cB0x60f
0x1131ba,0x6b6
0x1145ba,0x6f8
0x55,0x60
0x55,0x114fba
0x114fba,0x726
0x1163ba,0x74e
0x1109ba,0x634
0x91,0x1113ba
0x91,0x9c
0x1113ba,0x654
0x9c,0x111dba
0x9c,0xa7
0x111dba,0x674
0xa7,0xb2
0xa7,0x1127ba
0x1127ba,0x694
0x10cdba,0x567
0x10ebba,0x5d4
0xee,0xf9
0xee,0x10f5ba
0x10f5ba,0x5f4
0x10a5ba,0x506
0x114,0x10afba
0x114,0x11f
0x10afba,0x51b
0x11f,0x10b9ba
0x11f,0x12a
0x10b9ba,0x53d
0x12a,0x135
0x12a,0x10c3ba
0x10c3ba,0x552
0x150,0x105fba
0x150,0x15b
0x105fba,0x43a
0x15b,0x1069ba
0x15b,0x166
0x1069ba,0x45a
0x166,0x1073ba
0x166,0x171
0x1073ba,0x46f
0x171,0x107dba
0x171,0x17c
0x107dba,0x491
0x17c,0x1087ba
0x17c,0x187
0x1087ba,0x4b1
0x187,0x192
0x187,0x1091ba
0x1091ba,0x4d1
0x1037ba,0x3c3
0x1ad,0x1041ba
0x1ad,0x1b8
0x1041ba,0x3f0
0x1b8,0x104bba
0x1b8,0x1c3
0x104bba,0x405
0x1c3,0x1ce
0x1c3,0x1055ba
0x1055ba,0x425
0xffbba,0x301
0x1e9,0x1005ba
0x1e9,0x1f4
0x1005ba,0x316
0x1f4,0x100fba
0x1f4,0x1ff
0x100fba,0x336
0x1ff,0x1019ba
0x1ff,0x20a
0x1019ba,0x356
0x20a,0x215
0x20a,0x1023ba
0x1023ba,0x376
0xfd3ba,0x26b
0x230,0xfddba
0x230,0x23b
0xfddba,0x28b
0x23b,0xfe7ba
0x23b,0x246
0xfe7ba,0x2ab
0x246,0xff1ba
0x246,0x251
0xff1ba,0x2e1
0x1174B0x9b8,0x2230B0x1174B0x9b8
0x20daB0x20fc,0x2338B0x20fc
0x20daB0x21b7,0x2338B0x21b7
0x70535,0x2245B0x1c93B0x713
0x70535,0x161cB0x60f
0x70535,0x2245B0x150eB0x60f
0x20daB0x23cd,0x2338B0x23cd
0x20daB0x25bf,0x2338B0x25bf
0x21990x20eb,0xdbdB0x371
0x7049f0x20eb,0xdbdB0x371
0x21990x21a6,0xdc5B0x371
0x7049f0x21a6,0xdc5B0x371
0x21990x23bc,0x2214
0x21990x23bc,0x221c
0x21990x23bc,0x23acB0x2159
0x7049f0x23bc,0x2214
0x7049f0x23bc,0x221c
0x7049f0x23bc,0x23acB0x2159
0x472c70x1a50,0x66f
0x472c70x1a50,0xf28B0x420
0x472540xc11,0x2fc
0x472540xc11,0x1b25B0x68f
0x1f9b,0xc4b0xc11
0x1f9b,0xc4bB0xdcdB0x371
0x2096,0xcdc0x1a50
0x2096,0xcdc0xca4B0x331
0x283fB0x2b7,0x2c6
0x70a2aB0x2c6,0x39143
0x28a7B0x342,0x708c3B0x342
0x28a7B0x342,0x28baB0x342
0x708c3B0x342,0x351
0x70a74B0x3be,0x39264
0x2887B0x4bd,0x4cc
0x283fB0x5c0,0x5cf
0x283fB0x620,0x62f
0x7095eB0x336f,0x337f
0x2887B0x1d16,0x1d25
0x70a74B0x2280,0x229d
0x70980B0x279a,0x27a5
0x70980B0x27a5,0x27b5
0x70980B0x27b5,0x27c5
0x70828B0x2971,0x297b
0x70803B0x297b,0x298a
0x2338B0x20fc,0x20e5B0x20fc
0x20e5B0x20fc,0x2104
0x2338B0x21b7,0x20e5B0x21b7
0x20e5B0x21b7,0x21bf
0x2338B0x23cd,0x20e5B0x23cd
0x20e5B0x23cd,0x23d5
0x2338B0x25bf,0x20e5B0x25bf
0x20e5B0x25bf,0x25c7
0x2823B0x277,0x34ddB0x2823B0x277
0x34ddB0x2823B0x277,0x34e7B0x2823B0x277
0x34ddB0x2823B0x277,0x709a2B0x2823B0x277
0x709a2B0x2823B0x277,0x70873B0x277
0x2858B0x2ed,0x34c8B0x2858B0x2ed
0x34c8B0x2858B0x2ed,0x34d9B0x2858B0x2ed
0x34c8B0x2858B0x2ed,0x70980B0x2858B0x2ed
0x70980B0x2858B0x2ed,0x70899B0x2ed
0x2858B0x322,0x34c8B0x2858B0x322
0x34c8B0x2858B0x322,0x34d9B0x2858B0x322
0x34c8B0x2858B0x322,0x70980B0x2858B0x322
0x70980B0x2858B0x322,0x70899B0x322
0x2aefB0x362,0x3500B0x2aefB0x362
0x3500B0x2aefB0x362,0x350bB0x2aefB0x362
0x3500B0x2aefB0x362,0x709e6B0x2aefB0x362
0x2afaB0x362,0x3500B0x2afaB0x362
0x3500B0x2afaB0x362,0x350bB0x2afaB0x362
0x3500B0x2afaB0x362,0x709e6B0x2afaB0x362
0x2b0aB0x362,0x2b25B0x362
0x2b0aB0x362,0x2b22B0x362
0x2b25B0x362,0x2b3eB0x362
0x2b25B0x362,0x2b3bB0x362
0x2b3eB0x362,0x371
0x709e6B0x2aefB0x362,0x2afaB0x362
0x709e6B0x2afaB0x362,0x2b0aB0x362
0x28ceB0x382,0x2725B0x28ceB0x382
0x2725B0x28ceB0x382,0x2732B0x28ceB0x382
0x2725B0x28ceB0x382,0x70828B0x28ceB0x382
0x70828B0x28ceB0x382,0x708e9B0x382
0x2858B0x3af,0x34c8B0x2858B0x3af
0x34c8B0x2858B0x3af,0x34d9B0x2858B0x3af
0x34c8B0x2858B0x3af,0x70980B0x2858B0x3af
0x70980B0x2858B0x3af,0x70899B0x3af
0x2747B0x3cf,0x26b1B0x2747B0x3cf
0x26b1B0x2747B0x3cf,0x26c4B0x2747B0x3cf
0x26b1B0x2747B0x3cf,0x707deB0x2747B0x3cf
0x707deB0x2747B0x3cf,0x7084dB0x3cf
0x2747B0x411,0x26b1B0x2747B0x411
0x26b1B0x2747B0x411,0x26c4B0x2747B0x411
0x26b1B0x2747B0x411,0x707deB0x2747B0x411
0x707deB0x2747B0x411,0x7084dB0x411
0x1020B0x455,0x30f8B0x1020B0x455
0x30f8B0x1020B0x455,0x54ceaB0x455
0x1f4aB0xff8B0x455,0x1000B0x455
0x1000B0x455,0x10bdB0x1000B0x455
0x10bdB0x1000B0x455,0x1011B0x455
0x1011B0x455,0x1020B0x455
0x1011B0x455,0x1037B0x455
0x1037B0x455,0x2bcfB0x455
0x2bcfB0x455,0x1067B0x455
0x1067B0x455,0x107dB0x455
0x1067B0x455,0x1081B0x455
0x1081B0x455,0x108cB0x455
0x1081B0x455,0x1095B0x455
0x1095B0x455,0x39352
0x22deB0x17aeB0x109f,0x249aB0x17aeB0x109f
0x249aB0x17aeB0x109f,0x705a7B0x17aeB0x109f
0x705a7B0x17aeB0x109f,0x6282dB0x109f
0x28ceB0x49d,0x2725B0x28ceB0x49d
0x2725B0x28ceB0x49d,0x2732B0x28ceB0x49d
0x2725B0x28ceB0x49d,0x70828B0x28ceB0x49d
0x70828B0x28ceB0x49d,0x708e9B0x49d
0x2224B0x114fB0x4cc,0x243dB0x114fB0x4cc
0x2449B0x114fB0x4cc,0x2ca9B0x114fB0x4cc
0x2ca9B0x114fB0x4cc,0x706d8B0x114fB0x4cc
0x243dB0x114fB0x4cc,0x2449B0x114fB0x4cc
0x243dB0x114fB0x4cc,0x2460B0x114fB0x4cc
0x2460B0x114fB0x4cc,0x246fB0x114fB0x4cc
0x2460B0x114fB0x4cc,0x246eB0x114fB0x4cc
0x246fB0x114fB0x4cc,0x704e9B0x114fB0x4cc
0x704e9B0x114fB0x4cc,0x62627B0x4cc
0x2858B0x4f2,0x34c8B0x2858B0x4f2
0x34c8B0x2858B0x4f2,0x34d9B0x2858B0x4f2
0x34c8B0x2858B0x4f2,0x70980B0x2858B0x4f2
0x70980B0x2858B0x4f2,0x70899B0x4f2
0x27e9B0x573,0x26b1B0x27e9B0x573
0x26b1B0x27e9B0x573,0x26c4B0x27e9B0x573
0x26b1B0x27e9B0x573,0x707deB0x27e9B0x573
0x27f3B0x573,0x26b1B0x27f3B0x573
0x26b1B0x27f3B0x573,0x26c4B0x27f3B0x573
0x26b1B0x27f3B0x573,0x707deB0x27f3B0x573
0x707deB0x27e9B0x573,0x27f3B0x573
0x707deB0x27f3B0x573,0x2809B0x573
0x2942B0x593,0x3500B0x2942B0x593
0x3500B0x2942B0x593,0x350bB0x2942B0x593
0x3500B0x2942B0x593,0x709e6B0x2942B0x593
0x294dB0x593,0x34ebB0x294dB0x593
0x34ebB0x294dB0x593,0x34fcB0x294dB0x593
0x34ebB0x294dB0x593,0x709c4B0x294dB0x593
0x709e6B0x2942B0x593,0x294dB0x593
0x709c4B0x294dB0x593,0x7090fB0x593
0x2942B0x5e0,0x3500B0x2942B0x5e0
0x3500B0x2942B0x5e0,0x350bB0x2942B0x5e0
0x3500B0x2942B0x5e0,0x709e6B0x2942B0x5e0
0x294dB0x5e0,0x34ebB0x294dB0x5e0
0x34ebB0x294dB0x5e0,0x34fcB0x294dB0x5e0
0x34ebB0x294dB0x5e0,0x709c4B0x294dB0x5e0
0x709e6B0x2942B0x5e0,0x294dB0x5e0
0x709c4B0x294dB0x5e0,0x7090fB0x5e0
0x2a00B0x600,0x3500B0x2a00B0x600
0x3500B0x2a00B0x600,0x350bB0x2a00B0x600
0x3500B0x2a00B0x600,0x709e6B0x2a00B0x600
0x2a0bB0x600,0x34ebB0x2a0bB0x600
0x34ebB0x2a0bB0x600,0x34fcB0x2a0bB0x600
0x34ebB0x2a0bB0x600,0x709c4B0x2a0bB0x600
0x2a1bB0x600,0x2a3cB0x600
0x2a1bB0x600,0x2a39B0x600
0x2a3cB0x600,0x26c8B0x2a3cB0x600
0x26c8B0x2a3cB0x600,0x26d9B0x2a3cB0x600
0x26c8B0x2a3cB0x600,0x26d6B0x2a3cB0x600
0x709e6B0x2a00B0x600,0x2a0bB0x600
0x709c4B0x2a0bB0x600,0x2a1bB0x600
0x26d9B0x2a3cB0x600,0x26efB0x2a3cB0x600
0x26d9B0x2a3cB0x600,0x26ecB0x2a3cB0x600
0x26efB0x2a3cB0x600,0x2703B0x2a3cB0x600
0x26efB0x2a3cB0x600,0x2707B0x2a3cB0x600
0x2707B0x2a3cB0x600,0x2a48B0x600
0x22deB0x17aeB0x62f,0x249aB0x17aeB0x62f
0x249aB0x17aeB0x62f,0x705a7B0x17aeB0x62f
0x705a7B0x17aeB0x62f,0x6282dB0x62f
0x2a71B0x640,0x2725B0x2a71B0x640
0x2725B0x2a71B0x640,0x2732B0x2a71B0x640
0x2725B0x2a71B0x640,0x70828B0x2a71B0x640
0x2a7bB0x640,0x34ebB0x2a7bB0x640
0x34ebB0x2a7bB0x640,0x34fcB0x2a7bB0x640
0x34ebB0x2a7bB0x640,0x709c4B0x2a7bB0x640
0x2a8bB0x640,0x2aacB0x640
0x2a8bB0x640,0x2aa9B0x640
0x2aacB0x640,0x26c8B0x2aacB0x640
0x26c8B0x2aacB0x640,0x26d9B0x2aacB0x640
0x26c8B0x2aacB0x640,0x26d6B0x2aacB0x640
0x2ab8B0x640,0x34ddB0x2ab8B0x640
0x34ddB0x2ab8B0x640,0x34e7B0x2ab8B0x640
0x34ddB0x2ab8B0x640,0x709a2B0x2ab8B0x640
0x70828B0x2a71B0x640,0x2a7bB0x640
0x709c4B0x2a7bB0x640,0x2a8bB0x640
0x26d9B0x2aacB0x640,0x26efB0x2aacB0x640
0x26d9B0x2aacB0x640,0x26ecB0x2aacB0x640
0x26efB0x2aacB0x640,0x2703B0x2aacB0x640
0x26efB0x2aacB0x640,0x2707B0x2aacB0x640
0x2707B0x2aacB0x640,0x2ab8B0x640
0x709a2B0x2ab8B0x640,0x2accB0x640
0x2858B0x660,0x34c8B0x2858B0x660
0x34c8B0x2858B0x660,0x34d9B0x2858B0x660
0x34c8B0x2858B0x660,0x70980B0x2858B0x660
0x70980B0x2858B0x660,0x70899B0x660
0x2747B0x680,0x26b1B0x2747B0x680
0x26b1B0x2747B0x680,0x26c4B0x2747B0x680
0x26b1B0x2747B0x680,0x707deB0x2747B0x680
0x707deB0x2747B0x680,0x7084dB0x680
0x2763B0x6c2,0x26b1B0x2763B0x6c2
0x26b1B0x2763B0x6c2,0x26c4B0x2763B0x6c2
0x26b1B0x2763B0x6c2,0x707deB0x2763B0x6c2
0x276dB0x6c2,0x26b1B0x276dB0x6c2
0x26b1B0x276dB0x6c2,0x26c4B0x276dB0x6c2
0x26b1B0x276dB0x6c2,0x707deB0x276dB0x6c2
0x707deB0x2763B0x6c2,0x276dB0x6c2
0x707deB0x276dB0x6c2,0x277cB0x6c2
0x29afB0x704,0x2725B0x29afB0x704
0x2725B0x29afB0x704,0x2732B0x29afB0x704
0x2725B0x29afB0x704,0x70828B0x29afB0x704
0x29b9B0x704,0x270eB0x29b9B0x704
0x270eB0x29b9B0x704,0x2721B0x29b9B0x704
0x270eB0x29b9B0x704,0x70803B0x29b9B0x704
0x29c8B0x704,0x26b1B0x29c8B0x704
0x26b1B0x29c8B0x704,0x26c4B0x29c8B0x704
0x26b1B0x29c8B0x704,0x707deB0x29c8B0x704
0x70828B0x29afB0x704,0x29b9B0x704
0x70803B0x29b9B0x704,0x29c8B0x704
0x707deB0x29c8B0x704,0x29deB0x704
0x2747B0x75a,0x26b1B0x2747B0x75a
0x26b1B0x2747B0x75a,0x26c4B0x2747B0x75a
0x26b1B0x2747B0x75a,0x707deB0x2747B0x75a
0x707deB0x2747B0x75a,0x7084dB0x75a
0x2b49B0x2c1eB0x7ff,0x2c49B0x7ff
0x2c49B0x7ff,0x867
0x2b49B0x341dB0x895,0x344fB0x895
0x344fB0x895,0x8da
0x34beB0x345aB0xb59,0x34c7B0x345aB0xb59
0x34beB0x345aB0xb59,0x7095eB0x345aB0xb59
0x347cB0xb59,0xbe9
0x7095eB0x345aB0xb59,0x347cB0xb59
0x2b49B0x2c1eB0x1d9a,0x2c49B0x1d9a
0x2c49B0x1d9a,0x1e04
0x2b49B0x341dB0x1e31,0x344fB0x1e31
0x344fB0x1e31,0x1e77
0x236aB0x2159,0x303cB0x236aB0x2159
0x303cB0x236aB0x2159,0x70666B0x2159
0x2394B0x2159,0x23acB0x2159
0x23acB0x2159,0x23b4B0x2159
0x23acB0x2159,0x23bc
0x21990x233eB0x2159,0x2161
0x2357B0x2159,0x2365B0x2159
0x2357B0x2159,0x235dB0x2159
0x234fB0x2159,0x20daB0x234fB0x2159
0x2365B0x2159,0x236aB0x2159
0x2365B0x2159,0x2381B0x2159
0x235dB0x2159,0x2365B0x2159
0x2381B0x2159,0x2394B0x2159
0x2381B0x2159,0x23acB0x2159
0x23b4B0x2159,0x21920x233eB0x2159
0x23b4B0x2159,0x25ae
0x21920x233eB0x2159,0x21990x233eB0x2159
0x21920x233eB0x2159,0x7049f0x233eB0x2159
0x20daB0x234fB0x2159,0x2338B0x234fB0x2159
0x7049f0x233eB0x2159,0x2161
0x2338B0x234fB0x2159,0x20e5B0x234fB0x2159
0x20e5B0x234fB0x2159,0x2357B0x2159
0x28edB0x256,0x2725B0x28edB0x256
0x2725B0x28edB0x256,0x2732B0x28edB0x256
0x2725B0x28edB0x256,0x70828B0x28edB0x256
0x28f7B0x256,0x2918B0x256
0x28f7B0x256,0x2915B0x256
0x2918B0x256,0x26c8B0x2918B0x256
0x26c8B0x2918B0x256,0x26d9B0x2918B0x256
0x26c8B0x2918B0x256,0x26d6B0x2918B0x256
0x70828B0x28edB0x256,0x28f7B0x256
0x26d9B0x2918B0x256,0x26efB0x2918B0x256
0x26d9B0x2918B0x256,0x26ecB0x2918B0x256
0x26efB0x2918B0x256,0x2703B0x2918B0x256
0x26efB0x2918B0x256,0x2707B0x2918B0x256
0x2707B0x2918B0x256,0x2924B0x256
0x28edB0x73b,0x2725B0x28edB0x73b
0x2725B0x28edB0x73b,0x2732B0x28edB0x73b
0x2725B0x28edB0x73b,0x70828B0x28edB0x73b
0x28f7B0x73b,0x2918B0x73b
0x28f7B0x73b,0x2915B0x73b
0x2918B0x73b,0x26c8B0x2918B0x73b
0x26c8B0x2918B0x73b,0x26d9B0x2918B0x73b
0x26c8B0x2918B0x73b,0x26d6B0x2918B0x73b
0x70828B0x28edB0x73b,0x28f7B0x73b
0x26d9B0x2918B0x73b,0x26efB0x2918B0x73b
0x26d9B0x2918B0x73b,0x26ecB0x2918B0x73b
0x26efB0x2918B0x73b,0x2703B0x2918B0x73b
0x26efB0x2918B0x73b,0x2707B0x2918B0x73b
0x2707B0x2918B0x73b,0x2924B0x73b
0x24e8B0x2323B0x2071,0x25a4B0x2323B0x2071
0x24e8B0x2323B0x2071,0x2500B0x2323B0x2071
0x70640B0x2071,0x2089
0x25a4B0x2323B0x2071,0x7076fB0x2323B0x2071
0x2500B0x2323B0x2071,0x251bB0x2323B0x2071
0x2500B0x2323B0x2071,0x251aB0x2323B0x2071
0x7076fB0x2323B0x2071,0x70640B0x2071
0x251bB0x2323B0x2071,0x2538B0x2323B0x2071
0x251bB0x2323B0x2071,0x2537B0x2323B0x2071
0x2538B0x2323B0x2071,0x2568B0x2323B0x2071
0x2538B0x2323B0x2071,0x2567B0x2323B0x2071
0x2568B0x2323B0x2071,0x7074aB0x2323B0x2071
0x7074aB0x2323B0x2071,0x70640B0x2071
0x912B0x286,0x30f8B0x912B0x286
0x30f8B0x912B0x286,0x39859B0x286
0x93bB0x286,0x39881B0x286
0x39881B0x286,0x39101
0x958B0x286,0x95cB0x286
0x95cB0x286,0x2bf3B0x95cB0x286
0x1f4aB0x8eaB0x286,0x8f2B0x286
0x8f2B0x286,0x10bdB0x8f2B0x286
0x10bdB0x8f2B0x286,0x903B0x286
0x903B0x286,0x912B0x286
0x903B0x286,0x929B0x286
0x929B0x286,0x93bB0x286
0x929B0x286,0x93fB0x286
0x93fB0x286,0x958B0x286
0x93fB0x286,0x95cB0x286
0x2bf3B0x95cB0x286,0x398a3B0x286
0x398a3B0x286,0x70d65B0x286
0x70d65B0x286,0x39101
0xc81B0x30d,0x30f8B0xc81B0x30d
0x30f8B0xc81B0x30d,0x47277B0x30d
0x1f4aB0xc59B0x30d,0xc61B0x30d
0xc61B0x30d,0x10bdB0xc61B0x30d
0x10bdB0xc61B0x30d,0xc72B0x30d
0xc72B0x30d,0xc81B0x30d
0xc72B0x30d,0xc98B0x30d
0xc98B0x30d,0x1fdfB0xc98B0x30d
0x1fdfB0xc98B0x30d,0x2b9fB0xc98B0x30d
0x2025B0xc98B0x30d,0x204bB0xc98B0x30d
0x204bB0xc98B0x30d,0x2055B0xc98B0x30d
0x204bB0xc98B0x30d,0x206cB0xc98B0x30d
0x2055B0xc98B0x30d,0x323fB0xc98B0x30d
0x323fB0xc98B0x30d,0x70404B0xc98B0x30d
0x2b9fB0xc98B0x30d,0x348eB0x2b9fB0xc98B0x30d
0x2009B0xc98B0x30d,0x2025B0xc98B0x30d
0x2009B0xc98B0x30d,0x2046B0xc98B0x30d
0x2046B0xc98B0x30d,0x204bB0xc98B0x30d
0x348eB0x2b9fB0xc98B0x30d,0x3491B0x2b9fB0xc98B0x30d
0x206cB0xc98B0x30d,0xca2B0x30d
0x2bb1B0xc98B0x30d,0x2009B0xc98B0x30d
0x34b2B0x2b9fB0xc98B0x30d,0x70ac0B0x2b9fB0xc98B0x30d
0x70ac0B0x2b9fB0xc98B0x30d,0x2bb1B0xc98B0x30d
0x3491B0x2b9fB0xc98B0x30d,0x34a9B0x2b9fB0xc98B0x30d
0x3491B0x2b9fB0xc98B0x30d,0x349aB0x2b9fB0xc98B0x30d
0x34a9B0x2b9fB0xc98B0x30d,0x34b2B0x2b9fB0xc98B0x30d
0x34a9B0x2b9fB0xc98B0x30d,0x70939B0x2b9fB0xc98B0x30d
0x70939B0x2b9fB0xc98B0x30d,0x2bb1B0xc98B0x30d
0x349aB0x2b9fB0xc98B0x30d,0x3491B0x2b9fB0xc98B0x30d
0xcc5B0x331,0x3320B0x331
0x3320B0x331,0x4729fB0x331
0x1f4aB0xca4B0x331,0xcacB0x331
0xcacB0x331,0xcc5B0x331
0xcacB0x331,0xcdc0xca4B0x331
0xcdc0xca4B0x331,0x472c70xca4B0x331
0xcdc0xca4B0x331,0x2071
0x472c70xca4B0x331,0x391d9
0xd7bB0x371,0x303cB0xd7bB0x371
0x303cB0xd7bB0x371,0x47312B0x371
0xda5B0x371,0xdbdB0x371
0xdbdB0x371,0xdc5B0x371
0xdbdB0x371,0x20eb
0xe38B0x371,0x70a4eB0x371
0x70a4eB0x371,0x3921b
0xd68B0x371,0xd76B0x371
0xd68B0x371,0xd6eB0x371
0xd60B0x371,0x20daB0xd60B0x371
0xd76B0x371,0xd7bB0x371
0xd76B0x371,0xd92B0x371
0xd6eB0x371,0xd76B0x371
0xd92B0x371,0xda5B0x371
0xd92B0x371,0xdbdB0x371
0xdc5B0x371,0xdcdB0x371
0xdc5B0x371,0x21a6
0xdcdB0x371,0xc4bB0xdcdB0x371
0xc4bB0xdcdB0x371,0x472540xc4bB0xdcdB0x371
0xc4bB0xdcdB0x371,0x1f76
0xe31B0x371,0xe38B0x371
0xe31B0x371,0x4733aB0x371
0x4733aB0x371,0x3921b
0x20daB0xd60B0x371,0x2338B0xd60B0x371
0x472540xc4bB0xdcdB0x371,0xe31B0x371
0x2338B0xd60B0x371,0x20e5B0xd60B0x371
0x20e5B0xd60B0x371,0xd68B0x371
0x10f4B0x4ac,0x30f8B0x10f4B0x4ac
0x30f8B0x10f4B0x4ac,0x54d12B0x4ac
0x1f4aB0x10ccB0x4ac,0x10d4B0x4ac
0x10d4B0x4ac,0x10bdB0x10d4B0x4ac
0x10bdB0x10d4B0x4ac,0x10e5B0x4ac
0x10e5B0x4ac,0x10f4B0x4ac
0x10e5B0x4ac,0x110bB0x4ac
0x110bB0x4ac,0x340fB0x110bB0x4ac
0x340fB0x110bB0x4ac,0x54d3aB0x4ac
0x54d3aB0x4ac,0x70da9B0x4ac
0x70da9B0x4ac,0x393f3
0x2230B0x1174B0x39498,0x2482B0x2230B0x1174B0x39498
0x2482B0x2230B0x1174B0x39498,0x7050fB0x1174B0x39498
0x7050fB0x1174B0x39498,0x6264dB0x39498
0x11d9B0x582,0x30f8B0x11d9B0x582
0x30f8B0x11d9B0x582,0x62673B0x582
0x1f4aB0x11b1B0x582,0x11b9B0x582
0x11b9B0x582,0x10bdB0x11b9B0x582
0x10bdB0x11b9B0x582,0x11caB0x582
0x11caB0x582,0x11d9B0x582
0x11caB0x582,0x11f0B0x582
0x11f0B0x582,0x2c07B0x582
0x2c07B0x582,0x123eB0x582
0x123eB0x582,0x1254B0x582
0x123eB0x582,0x1258B0x582
0x1258B0x582,0x1263B0x582
0x1258B0x582,0x126cB0x582
0x126cB0x582,0x39594
0x1ba9B0x6d1,0x30f8B0x1ba9B0x6d1
0x30f8B0x1ba9B0x6d1,0x702a2B0x6d1
0x1f4aB0x1b81B0x6d1,0x1b89B0x6d1
0x1b89B0x6d1,0x10bdB0x1b89B0x6d1
0x10bdB0x1b89B0x6d1,0x1b9aB0x6d1
0x1b9aB0x6d1,0x1ba9B0x6d1
0x1b9aB0x6d1,0x1bc0B0x6d1
0x1bc0B0x6d1,0x2bbbB0x1bc0B0x6d1
0x2bbbB0x1bc0B0x6d1,0x1becB0x6d1
0x1becB0x6d1,0x1c02B0x6d1
0x1becB0x6d1,0x1c06B0x6d1
0x1c06B0x6d1,0x1c11B0x6d1
0x1c06B0x6d1,0x702caB0x6d1
0x702caB0x6d1,0x39702
0x2688B0x1c2eB0x713,0x1c36B0x713
0x1c36B0x713,0x1275B0x1c36B0x713
0x1275B0x1c36B0x713,0x1c43B0x713
0x1c43B0x713,0x1c88B0x713
0x1c43B0x713,0x1c87B0x713
0x1c88B0x713,0x1c93B0x713
0x1c88B0x713,0x1c92B0x713
0x1c93B0x713,0x2245B0x1c93B0x713
0x2245B0x1c93B0x713,0x225fB0x1c93B0x713
0x2245B0x1c93B0x713,0x2268
0x225fB0x1c93B0x713,0x1cd9B0x713
0x1cd9B0x713,0x718
0x2230B0x1174B0x47208,0x2482B0x2230B0x1174B0x47208
0x2482B0x2230B0x1174B0x47208,0x7050fB0x1174B0x47208
0x7050fB0x1174B0x47208,0x6264dB0x47208
0x2230B0x1174B0x628f1,0x2482B0x2230B0x1174B0x628f1
0x2482B0x2230B0x1174B0x628f1,0x7050fB0x1174B0x628f1
0x7050fB0x1174B0x628f1,0x6264dB0x628f1
0x22f7B0x1d25,0x2e90B0x1d25
0x2e90B0x1d25,0x705f2B0x1d25
0x705ccB0x1d25,0x1d47
0x249eB0x230eB0x1f76,0x2482B0x249eB0x230eB0x1f76
0x7061aB0x1f76,0x1f8e
0x2482B0x249eB0x230eB0x1f76,0x24aaB0x230eB0x1f76
0x24aaB0x230eB0x1f76,0x24e0B0x230eB0x1f76
0x24aaB0x230eB0x1f76,0x24afB0x230eB0x1f76
0x24e0B0x230eB0x1f76,0x70725B0x230eB0x1f76
0x24afB0x230eB0x1f76,0x70700B0x230eB0x1f76
0x70725B0x230eB0x1f76,0x7061aB0x1f76
0x70700B0x230eB0x1f76,0x7061aB0x1f76
0x2230B0x1174B0x9b8,0x2482B0x2230B0x1174B0x9b8
0x2482B0x2230B0x1174B0x9b8,0x7050fB0x1174B0x9b8
0x7050fB0x1174B0x9b8,0x6264dB0x9b8
0x1174B0xe92B0x3de,0x2230B0x1174B0xe92B0x3de
0x2230B0x1174B0xe92B0x3de,0x2482B0x2230B0x1174B0xe92B0x3de
0x2482B0x2230B0x1174B0xe92B0x3de,0x7050fB0x1174B0xe92B0x3de
0x7050fB0x1174B0xe92B0x3de,0x6264dB0xe92B0x3de
0xeddB0x420,0x30f8B0xeddB0x420
0x30f8B0xeddB0x420,0x47385B0x420
0xf11B0x420,0x2fbaB0x420
0x2fbaB0x420,0x473adB0x420
0x1f4aB0xeb5B0x420,0xebdB0x420
0xebdB0x420,0x10bdB0xebdB0x420
0x10bdB0xebdB0x420,0xeceB0x420
0xeceB0x420,0xeddB0x420
0xeceB0x420,0xef4B0x420
0xef4B0x420,0x1174B0xef4B0x420
0x1174B0xef4B0x420,0x2230B0x1174B0xef4B0x420
0xf0cB0x420,0xf11B0x420
0xf0cB0x420,0xf28B0x420
0xf28B0x420,0xf40B0x420
0xf28B0x420,0x1a50
0xf40B0x420,0x2bbbB0xf40B0x420
0x2bbbB0xf40B0x420,0x473d5B0x420
0x473d5B0x420,0x70d87B0x420
0x70d87B0x420,0x39310
0x2230B0x1174B0xef4B0x420,0x2482B0x2230B0x1174B0xef4B0x420
0x2482B0x2230B0x1174B0xef4B0x420,0x7050fB0x1174B0xef4B0x420
0x7050fB0x1174B0xef4B0x420,0x6264dB0xef4B0x420
0x17e2B0x64f,0x3269B0x17e2B0x64f
0x3269B0x17e2B0x64f,0x62852B0x64f
0x1805B0x64f,0x2d3aB0x1805B0x64f
0x2d3aB0x1805B0x64f,0x6287aB0x64f
0x18a9B0x64f,0x312dB0x64f
0x312dB0x64f,0x628a2B0x64f
0x18d3B0x64f,0x2c53B0x18d3B0x64f
0x2c53B0x18d3B0x64f,0x2b49B0x2c53B0x18d3B0x64f
0x1999B0x64f,0x19a1B0x64f
0x1999B0x64f,0x19c2B0x64f
0x19a1B0x64f,0x19c7B0x64f
0x19c2B0x64f,0x19c7B0x64f
0x19c7B0x64f,0x2c76B0x64f
0x1174B0x17c5B0x64f,0x2230B0x1174B0x17c5B0x64f
0x17ddB0x64f,0x17e2B0x64f
0x17ddB0x64f,0x17f9B0x64f
0x17f9B0x64f,0x1805B0x64f
0x17f9B0x64f,0x181cB0x64f
0x181cB0x64f,0x1275B0x181cB0x64f
0x1275B0x181cB0x64f,0x183fB0x64f
0x183fB0x64f,0x2b73B0x183fB0x64f
0x2b73B0x183fB0x64f,0x1858B0x64f
0x1858B0x64f,0x18a3B0x64f
0x1858B0x64f,0x18a2B0x64f
0x18a3B0x64f,0x18a9B0x64f
0x18a3B0x64f,0x18c0B0x64f
0x18c0B0x64f,0x18d3B0x64f
0x18c0B0x64f,0x1939B0x64f
0x1939B0x64f,0x2c53B0x1939B0x64f
0x2c53B0x1939B0x64f,0x2b49B0x2c53B0x1939B0x64f
0x1902B0x64f,0x1918B0x64f
0x1902B0x64f,0x191cB0x64f
0x191cB0x64f,0x1927B0x64f
0x191cB0x64f,0x1930B0x64f
0x1930B0x64f,0x1a16B0x64f
0x1a16B0x64f,0x345aB0x1a16B0x64f
0x345aB0x1a16B0x64f,0x34beB0x345aB0x1a16B0x64f
0x1969B0x64f,0x197fB0x64f
0x1969B0x64f,0x1983B0x64f
0x1983B0x64f,0x1994B0x64f
0x1983B0x64f,0x1991B0x64f
0x1994B0x64f,0x1999B0x64f
0x1994B0x64f,0x1a16B0x64f
0x1991B0x64f,0x1994B0x64f
0x2c76B0x64f,0x348eB0x2c76B0x64f
0x1a03B0x64f,0x628caB0x64f
0x628caB0x64f,0x39677
0x348eB0x2c76B0x64f,0x3491B0x2c76B0x64f
0x1a3aB0x64f,0x70a99B0x64f
0x70a99B0x64f,0x39677
0x2c95B0x64f,0x1a03B0x64f
0x34b2B0x2c76B0x64f,0x70ac0B0x2c76B0x64f
0x70ac0B0x2c76B0x64f,0x2c95B0x64f
0x3491B0x2c76B0x64f,0x34a9B0x2c76B0x64f
0x3491B0x2c76B0x64f,0x349aB0x2c76B0x64f
0x34a9B0x2c76B0x64f,0x34b2B0x2c76B0x64f
0x34a9B0x2c76B0x64f,0x70939B0x2c76B0x64f
0x70939B0x2c76B0x64f,0x2c95B0x64f
0x349aB0x2c76B0x64f,0x3491B0x2c76B0x64f
0x2b49B0x2c53B0x18d3B0x64f,0x2c6dB0x18d3B0x64f
0x2c6dB0x18d3B0x64f,0x1902B0x64f
0x2b49B0x2c53B0x1939B0x64f,0x2c6dB0x1939B0x64f
0x2c6dB0x1939B0x64f,0x1969B0x64f
0x34beB0x345aB0x1a16B0x64f,0x34c7B0x345aB0x1a16B0x64f
0x34beB0x345aB0x1a16B0x64f,0x7095eB0x345aB0x1a16B0x64f
0x347cB0x1a16B0x64f,0x1a3aB0x64f
0x7095eB0x345aB0x1a16B0x64f,0x347cB0x1a16B0x64f
0x2230B0x1174B0x17c5B0x64f,0x2482B0x2230B0x1174B0x17c5B0x64f
0x2482B0x2230B0x1174B0x17c5B0x64f,0x7050fB0x1174B0x17c5B0x64f
0x7050fB0x1174B0x17c5B0x64f,0x6264dB0x17c5B0x64f
0x1ab2B0x68f,0x30f8B0x1ab2B0x68f
0x30f8B0x1ab2B0x68f,0x6293dB0x68f
0x1ae7B0x68f,0x2da5B0x68f
0x2da5B0x68f,0x62965B0x68f
0x1b0eB0x68f,0x31bcB0x68f
0x31bcB0x68f,0x6298dB0x68f
0x1f4aB0x1a8aB0x68f,0x1a92B0x68f
0x1a92B0x68f,0x10bdB0x1a92B0x68f
0x10bdB0x1a92B0x68f,0x1aa3B0x68f
0x1aa3B0x68f,0x1ab2B0x68f
0x1aa3B0x68f,0x1ac9B0x68f
0x1ac9B0x68f,0x1174B0x1ac9B0x68f
0x1174B0x1ac9B0x68f,0x2230B0x1174B0x1ac9B0x68f
0x1ae1B0x68f,0x1ae7B0x68f
0x1ae1B0x68f,0x1afeB0x68f
0x1afeB0x68f,0x1b08B0x68f
0x1afeB0x68f,0x109f
0x1b08B0x68f,0x1b0eB0x68f
0x1b08B0x68f,0x1b25B0x68f
0x1b25B0x68f,0x1b3dB0x68f
0x1b25B0x68f,0xc11
0x1b3dB0x68f,0x2bbbB0x1b3dB0x68f
0x2bbbB0x1b3dB0x68f,0x629b5B0x68f
0x629b5B0x68f,0x70dcbB0x68f
0x70dcbB0x68f,0x396b9
0x2230B0x1174B0x1ac9B0x68f,0x2482B0x2230B0x1174B0x1ac9B0x68f
0x2482B0x2230B0x1174B0x1ac9B0x68f,0x7050fB0x1174B0x1ac9B0x68f
0x7050fB0x1174B0x1ac9B0x68f,0x6264dB0x1ac9B0x68f
0x70873B0x277,0x286
0x70899B0x2ed,0x2fc
0x70899B0x322,0x331
0x708e9B0x382,0x391
0x70899B0x3af,0x3be
0x7084dB0x3cf,0x3de
0x7084dB0x411,0x420
0x6282dB0x109f,0x10b8
0x10b8,0x466
0x10b8,0x1afeB0x68f
0x708e9B0x49d,0x4ac
0x62627B0x4cc,0x39414
0x70899B0x4f2,0x39498
0x2809B0x573,0x582
0x7090fB0x593,0x5a2
0x7090fB0x5e0,0x5ef
0x2a48B0x600,0x60f
0x6282dB0x62f,0x3964b
0x2accB0x640,0x64f
0x70899B0x660,0x66f
0x7084dB0x680,0x68f
0x277cB0x6c2,0x6d1
0x29deB0x704,0x713
0x7084dB0x75a,0x769
0x2924B0x256,0x264
0x2924B0x73b,0x749
0xca2B0x30d,0x391b8
0x6264dB0x39498,0x3946c
0x6264dB0x47208,0xc2f
0x6264dB0x628f1,0x1a6e
0x6264dB0x9b8,0x9d0
0x47360B0x3de,0x39290
0x6264dB0xe92B0x3de,0x47360B0x3de
0x6264dB0xef4B0x420,0xf0cB0x420
0x6264dB0x17c5B0x64f,0x17ddB0x64f
0x6264dB0x1ac9B0x68f,0x1ae1B0x68f
0x1378B0x60f,0x3269B0x1378B0x60f
0x3269B0x1378B0x60f,0x626ebB0x60f
0x139bB0x60f,0x2d3aB0x139bB0x60f
0x2d3aB0x139bB0x60f,0x62713B0x60f
0x13d0B0x60f,0x2ec7B0x60f
0x2ec7B0x60f,0x6273bB0x60f
0x14c9B0x60f,0x17c5B0x14c9B0x60f
0x17c5B0x14c9B0x60f,0x1174B0x17c5B0x14c9B0x60f
0x14f7B0x60f,0x31f3B0x60f
0x31f3B0x60f,0x62789B0x60f
0x151eB0x60f,0x30c1B0x60f
0x30c1B0x60f,0x627b1B0x60f
0x15d8B0x60f,0x345aB0x15d8B0x60f
0x345aB0x15d8B0x60f,0x34beB0x345aB0x15d8B0x60f
0x161cB0x60f,0x162cB0x60f
0x161cB0x60f,0x2268
0x162cB0x60f,0x1631B0x60f
0x162cB0x60f,0x22ad
0x16a5B0x60f,0x345aB0x16a5B0x60f
0x345aB0x16a5B0x60f,0x34beB0x345aB0x16a5B0x60f
0x1795B0x60f,0x17c5B0x1795B0x60f
0x17c5B0x1795B0x60f,0x1174B0x17c5B0x1795B0x60f
0x1174B0x135bB0x60f,0x2230B0x1174B0x135bB0x60f
0x1373B0x60f,0x1378B0x60f
0x1373B0x60f,0x138fB0x60f
0x138fB0x60f,0x139bB0x60f
0x138fB0x60f,0x13b2B0x60f
0x13b2B0x60f,0x13d0B0x60f
0x13b2B0x60f,0x13e7B0x60f
0x13e7B0x60f,0x1275B0x13e7B0x60f
0x1275B0x13e7B0x60f,0x13f3B0x60f
0x13f3B0x60f,0x2b73B0x13f3B0x60f
0x2b73B0x13f3B0x60f,0x140cB0x60f
0x140cB0x60f,0x2688B0x140cB0x60f
0x2688B0x140cB0x60f,0x142cB0x60f
0x142cB0x60f,0x146bB0x60f
0x142cB0x60f,0x146cB0x60f
0x146cB0x60f,0x1476B0x60f
0x146cB0x60f,0x1477B0x60f
0x1477B0x60f,0x14c1B0x60f
0x1477B0x60f,0x14c2B0x60f
0x14c2B0x60f,0x14c9B0x60f
0x14c2B0x60f,0x14e0B0x60f
0x14e0B0x60f,0x14efB0x60f
0x14e0B0x60f,0x14f0B0x60f
0x14f0B0x60f,0x14f7B0x60f
0x14f0B0x60f,0x150eB0x60f
0x14d7B0x60f,0x62763B0x60f
0x62763B0x60f,0x3962a
0x150eB0x60f,0x2245B0x150eB0x60f
0x2245B0x150eB0x60f,0x225fB0x150eB0x60f
0x2245B0x150eB0x60f,0x2268
0x1518B0x60f,0x151eB0x60f
0x1518B0x60f,0x1535B0x60f
0x1535B0x60f,0x1543B0x60f
0x1535B0x60f,0x1544B0x60f
0x1544B0x60f,0x15a5B0x60f
0x1544B0x60f,0x154bB0x60f
0x15a5B0x60f,0x15caB0x60f
0x15a5B0x60f,0x1f4e
0x154bB0x60f,0x345aB0x154bB0x60f
0x15caB0x60f,0x15d8B0x60f
0x15caB0x60f,0x1607B0x60f
0x1598B0x60f,0x1607B0x60f
0x1607B0x60f,0x1615B0x60f
0x1607B0x60f,0x1616B0x60f
0x1616B0x60f,0x161cB0x60f
0x1616B0x60f,0x16d4B0x60f
0x15feB0x60f,0x1607B0x60f
0x16d4B0x60f,0x1712B0x60f
0x16d4B0x60f,0x1713B0x60f
0x1713B0x60f,0x178dB0x60f
0x1713B0x60f,0x178eB0x60f
0x1631B0x60f,0x345aB0x1631B0x60f
0x345aB0x1631B0x60f,0x34beB0x345aB0x1631B0x60f
0x1683B0x60f,0x16a5B0x60f
0x1683B0x60f,0x16d4B0x60f
0x16cbB0x60f,0x16d4B0x60f
0x178eB0x60f,0x1795B0x60f
0x178eB0x60f,0x627d9B0x60f
0x627d9B0x60f,0x3962a
0x62803B0x60f,0x3962a
0x345aB0x154bB0x60f,0x34beB0x345aB0x154bB0x60f
0x225fB0x150eB0x60f,0x1518B0x60f
0x34beB0x345aB0x15d8B0x60f,0x34c7B0x345aB0x15d8B0x60f
0x34beB0x345aB0x15d8B0x60f,0x7095eB0x345aB0x15d8B0x60f
0x347cB0x15d8B0x60f,0x15feB0x60f
0x7095eB0x345aB0x15d8B0x60f,0x347cB0x15d8B0x60f
0x34beB0x345aB0x16a5B0x60f,0x34c7B0x345aB0x16a5B0x60f
0x34beB0x345aB0x16a5B0x60f,0x7095eB0x345aB0x16a5B0x60f
0x347cB0x16a5B0x60f,0x16cbB0x60f
0x7095eB0x345aB0x16a5B0x60f,0x347cB0x16a5B0x60f
0x34beB0x345aB0x1631B0x60f,0x34c7B0x345aB0x1631B0x60f
0x34beB0x345aB0x1631B0x60f,0x7095eB0x345aB0x1631B0x60f
0x347cB0x1631B0x60f,0x1683B0x60f
0x7095eB0x345aB0x1631B0x60f,0x347cB0x1631B0x60f
0x34beB0x345aB0x154bB0x60f,0x34c7B0x345aB0x154bB0x60f
0x34beB0x345aB0x154bB0x60f,0x7095eB0x345aB0x154bB0x60f
0x347cB0x154bB0x60f,0x1598B0x60f
0x7095eB0x345aB0x154bB0x60f,0x347cB0x154bB0x60f
0x2230B0x1174B0x135bB0x60f,0x2482B0x2230B0x1174B0x135bB0x60f
0x2482B0x2230B0x1174B0x135bB0x60f,0x7050fB0x1174B0x135bB0x60f
0x7050fB0x1174B0x135bB0x60f,0x6264dB0x135bB0x60f
0x6264dB0x135bB0x60f,0x1373B0x60f
0x17e2B0x14c9B0x60f,0x3269B0x17e2B0x14c9B0x60f
0x3269B0x17e2B0x14c9B0x60f,0x62852B0x14c9B0x60f
0x1805B0x14c9B0x60f,0x2d3aB0x1805B0x14c9B0x60f
0x2d3aB0x1805B0x14c9B0x60f,0x6287aB0x14c9B0x60f
0x18a9B0x14c9B0x60f,0x312dB0x14c9B0x60f
0x312dB0x14c9B0x60f,0x628a2B0x14c9B0x60f
0x18d3B0x14c9B0x60f,0x2c53B0x18d3B0x14c9B0x60f
0x2c53B0x18d3B0x14c9B0x60f,0x2b49B0x2c53B0x18d3B0x14c9B0x60f
0x1999B0x14c9B0x60f,0x19a1B0x14c9B0x60f
0x1999B0x14c9B0x60f,0x19c2B0x14c9B0x60f
0x19a1B0x14c9B0x60f,0x19c7B0x14c9B0x60f
0x19c2B0x14c9B0x60f,0x19c7B0x14c9B0x60f
0x19c7B0x14c9B0x60f,0x2c76B0x14c9B0x60f
0x1174B0x17c5B0x14c9B0x60f,0x2230B0x1174B0x17c5B0x14c9B0x60f
0x17ddB0x14c9B0x60f,0x17e2B0x14c9B0x60f
0x17ddB0x14c9B0x60f,0x17f9B0x14c9B0x60f
0x17f9B0x14c9B0x60f,0x1805B0x14c9B0x60f
0x17f9B0x14c9B0x60f,0x181cB0x14c9B0x60f
0x181cB0x14c9B0x60f,0x1275B0x181cB0x14c9B0x60f
0x1275B0x181cB0x14c9B0x60f,0x183fB0x14c9B0x60f
0x183fB0x14c9B0x60f,0x2b73B0x183fB0x14c9B0x60f
0x2b73B0x183fB0x14c9B0x60f,0x1858B0x14c9B0x60f
0x1858B0x14c9B0x60f,0x18a2B0x14c9B0x60f
0x1858B0x14c9B0x60f,0x18a3B0x14c9B0x60f
0x18a3B0x14c9B0x60f,0x18a9B0x14c9B0x60f
0x18a3B0x14c9B0x60f,0x18c0B0x14c9B0x60f
0x18c0B0x14c9B0x60f,0x18d3B0x14c9B0x60f
0x18c0B0x14c9B0x60f,0x1939B0x14c9B0x60f
0x1939B0x14c9B0x60f,0x2c53B0x1939B0x14c9B0x60f
0x2c53B0x1939B0x14c9B0x60f,0x2b49B0x2c53B0x1939B0x14c9B0x60f
0x1902B0x14c9B0x60f,0x1918B0x14c9B0x60f
0x1902B0x14c9B0x60f,0x191cB0x14c9B0x60f
0x191cB0x14c9B0x60f,0x1927B0x14c9B0x60f
0x191cB0x14c9B0x60f,0x1930B0x14c9B0x60f
0x1930B0x14c9B0x60f,0x1a16B0x14c9B0x60f
0x1a16B0x14c9B0x60f,0x345aB0x1a16B0x14c9B0x60f
0x345aB0x1a16B0x14c9B0x60f,0x34beB0x345aB0x1a16B0x14c9B0x60f
0x1969B0x14c9B0x60f,0x197fB0x14c9B0x60f
0x1969B0x14c9B0x60f,0x1983B0x14c9B0x60f
0x1983B0x14c9B0x60f,0x1994B0x14c9B0x60f
0x1983B0x14c9B0x60f,0x1991B0x14c9B0x60f
0x1994B0x14c9B0x60f,0x1999B0x14c9B0x60f
0x1994B0x14c9B0x60f,0x1a16B0x14c9B0x60f
0x1991B0x14c9B0x60f,0x1994B0x14c9B0x60f
0x2c76B0x14c9B0x60f,0x348eB0x2c76B0x14c9B0x60f
0x1a03B0x14c9B0x60f,0x628caB0x14c9B0x60f
0x628caB0x14c9B0x60f,0x14d7B0x60f
0x348eB0x2c76B0x14c9B0x60f,0x3491B0x2c76B0x14c9B0x60f
0x1a3aB0x14c9B0x60f,0x70a99B0x14c9B0x60f
0x70a99B0x14c9B0x60f,0x14d7B0x60f
0x2c95B0x14c9B0x60f,0x1a03B0x14c9B0x60f
0x34b2B0x2c76B0x14c9B0x60f,0x70ac0B0x2c76B0x14c9B0x60f
0x70ac0B0x2c76B0x14c9B0x60f,0x2c95B0x14c9B0x60f
0x3491B0x2c76B0x14c9B0x60f,0x34a9B0x2c76B0x14c9B0x60f
0x3491B0x2c76B0x14c9B0x60f,0x349aB0x2c76B0x14c9B0x60f
0x34a9B0x2c76B0x14c9B0x60f,0x34b2B0x2c76B0x14c9B0x60f
0x34a9B0x2c76B0x14c9B0x60f,0x70939B0x2c76B0x14c9B0x60f
0x70939B0x2c76B0x14c9B0x60f,0x2c95B0x14c9B0x60f
0x349aB0x2c76B0x14c9B0x60f,0x3491B0x2c76B0x14c9B0x60f
0x2b49B0x2c53B0x18d3B0x14c9B0x60f,0x2c6dB0x18d3B0x14c9B0x60f
0x2c6dB0x18d3B0x14c9B0x60f,0x1902B0x14c9B0x60f
0x2b49B0x2c53B0x1939B0x14c9B0x60f,0x2c6dB0x1939B0x14c9B0x60f
0x2c6dB0x1939B0x14c9B0x60f,0x1969B0x14c9B0x60f
0x34beB0x345aB0x1a16B0x14c9B0x60f,0x34c7B0x345aB0x1a16B0x14c9B0x60f
0x34beB0x345aB0x1a16B0x14c9B0x60f,0x7095eB0x345aB0x1a16B0x14c9B0x60f
0x347cB0x1a16B0x14c9B0x60f,0x1a3aB0x14c9B0x60f
0x7095eB0x345aB0x1a16B0x14c9B0x60f,0x347cB0x1a16B0x14c9B0x60f
0x2230B0x1174B0x17c5B0x14c9B0x60f,0x2482B0x2230B0x1174B0x17c5B0x14c9B0x60f
0x6264dB0x17c5B0x14c9B0x60f,0x17ddB0x14c9B0x60f
0x2482B0x2230B0x1174B0x17c5B0x14c9B0x60f,0x7050fB0x1174B0x17c5B0x14c9B0x60f
0x7050fB0x1174B0x17c5B0x14c9B0x60f,0x6264dB0x17c5B0x14c9B0x60f
0x17e2B0x1795B0x60f,0x3269B0x17e2B0x1795B0x60f
0x3269B0x17e2B0x1795B0x60f,0x62852B0x1795B0x60f
0x1805B0x1795B0x60f,0x2d3aB0x1805B0x1795B0x60f
0x2d3aB0x1805B0x1795B0x60f,0x6287aB0x1795B0x60f
0x18a9B0x1795B0x60f,0x312dB0x1795B0x60f
0x312dB0x1795B0x60f,0x628a2B0x1795B0x60f
0x18d3B0x1795B0x60f,0x2c53B0x18d3B0x1795B0x60f
0x2c53B0x18d3B0x1795B0x60f,0x2b49B0x2c53B0x18d3B0x1795B0x60f
0x1999B0x1795B0x60f,0x19a1B0x1795B0x60f
0x1999B0x1795B0x60f,0x19c2B0x1795B0x60f
0x19a1B0x1795B0x60f,0x19c7B0x1795B0x60f
0x19c2B0x1795B0x60f,0x19c7B0x1795B0x60f
0x19c7B0x1795B0x60f,0x2c76B0x1795B0x60f
0x1174B0x17c5B0x1795B0x60f,0x2230B0x1174B0x17c5B0x1795B0x60f
0x17ddB0x1795B0x60f,0x17e2B0x1795B0x60f
0x17ddB0x1795B0x60f,0x17f9B0x1795B0x60f
0x17f9B0x1795B0x60f,0x1805B0x1795B0x60f
0x17f9B0x1795B0x60f,0x181cB0x1795B0x60f
0x181cB0x1795B0x60f,0x1275B0x181cB0x1795B0x60f
0x1275B0x181cB0x1795B0x60f,0x183fB0x1795B0x60f
0x183fB0x1795B0x60f,0x2b73B0x183fB0x1795B0x60f
0x2b73B0x183fB0x1795B0x60f,0x1858B0x1795B0x60f
0x1858B0x1795B0x60f,0x18a2B0x1795B0x60f
0x1858B0x1795B0x60f,0x18a3B0x1795B0x60f
0x18a3B0x1795B0x60f,0x18a9B0x1795B0x60f
0x18a3B0x1795B0x60f,0x18c0B0x1795B0x60f
0x18c0B0x1795B0x60f,0x18d3B0x1795B0x60f
0x18c0B0x1795B0x60f,0x1939B0x1795B0x60f
0x1939B0x1795B0x60f,0x2c53B0x1939B0x1795B0x60f
0x2c53B0x1939B0x1795B0x60f,0x2b49B0x2c53B0x1939B0x1795B0x60f
0x1902B0x1795B0x60f,0x1918B0x1795B0x60f
0x1902B0x1795B0x60f,0x191cB0x1795B0x60f
0x191cB0x1795B0x60f,0x1927B0x1795B0x60f
0x191cB0x1795B0x60f,0x1930B0x1795B0x60f
0x1930B0x1795B0x60f,0x1a16B0x1795B0x60f
0x1a16B0x1795B0x60f,0x345aB0x1a16B0x1795B0x60f
0x345aB0x1a16B0x1795B0x60f,0x34beB0x345aB0x1a16B0x1795B0x60f
0x1969B0x1795B0x60f,0x197fB0x1795B0x60f
0x1969B0x1795B0x60f,0x1983B0x1795B0x60f
0x1983B0x1795B0x60f,0x1994B0x1795B0x60f
0x1983B0x1795B0x60f,0x1991B0x1795B0x60f
0x1994B0x1795B0x60f,0x1999B0x1795B0x60f
0x1994B0x1795B0x60f,0x1a16B0x1795B0x60f
0x1991B0x1795B0x60f,0x1994B0x1795B0x60f
0x2c76B0x1795B0x60f,0x348eB0x2c76B0x1795B0x60f
0x1a03B0x1795B0x60f,0x628caB0x1795B0x60f
0x628caB0x1795B0x60f,0x62803B0x60f
0x348eB0x2c76B0x1795B0x60f,0x3491B0x2c76B0x1795B0x60f
0x1a3aB0x1795B0x60f,0x70a99B0x1795B0x60f
0x70a99B0x1795B0x60f,0x62803B0x60f
0x2c95B0x1795B0x60f,0x1a03B0x1795B0x60f
0x34b2B0x2c76B0x1795B0x60f,0x70ac0B0x2c76B0x1795B0x60f
0x70ac0B0x2c76B0x1795B0x60f,0x2c95B0x1795B0x60f
0x3491B0x2c76B0x1795B0x60f,0x34a9B0x2c76B0x1795B0x60f
0x3491B0x2c76B0x1795B0x60f,0x349aB0x2c76B0x1795B0x60f
0x34a9B0x2c76B0x1795B0x60f,0x34b2B0x2c76B0x1795B0x60f
0x34a9B0x2c76B0x1795B0x60f,0x70939B0x2c76B0x1795B0x60f
0x70939B0x2c76B0x1795B0x60f,0x2c95B0x1795B0x60f
0x349aB0x2c76B0x1795B0x60f,0x3491B0x2c76B0x1795B0x60f
0x2b49B0x2c53B0x18d3B0x1795B0x60f,0x2c6dB0x18d3B0x1795B0x60f
0x2c6dB0x18d3B0x1795B0x60f,0x1902B0x1795B0x60f
0x2b49B0x2c53B0x1939B0x1795B0x60f,0x2c6dB0x1939B0x1795B0x60f
0x2c6dB0x1939B0x1795B0x60f,0x1969B0x1795B0x60f
0x34beB0x345aB0x1a16B0x1795B0x60f,0x34c7B0x345aB0x1a16B0x1795B0x60f
0x34beB0x345aB0x1a16B0x1795B0x60f,0x7095eB0x345aB0x1a16B0x1795B0x60f
0x347cB0x1a16B0x1795B0x60f,0x1a3aB0x1795B0x60f
0x7095eB0x345aB0x1a16B0x1795B0x60f,0x347cB0x1a16B0x1795B0x60f
0x2230B0x1174B0x17c5B0x1795B0x60f,0x2482B0x2230B0x1174B0x17c5B0x1795B0x60f
0x6264dB0x17c5B0x1795B0x60f,0x17ddB0x1795B0x60f
0x2482B0x2230B0x1174B0x17c5B0x1795B0x60f,0x7050fB0x1174B0x17c5B0x1795B0x60f
0x7050fB0x1174B0x17c5B0x1795B0x60f,0x6264dB0x17c5B0x1795B0x60f
extern_node,0x256
extern_node,0x26b
extern_node,0x28b
extern_node,0x2ab
extern_node,0x2e1
extern_node,0x301
extern_node,0x316
extern_node,0x336
extern_node,0x356
extern_node,0x376
extern_node,0x3a3
extern_node,0x3c3
extern_node,0x3f0
extern_node,0x405
extern_node,0x425
extern_node,0x43a
extern_node,0x45a
extern_node,0x46f
extern_node,0x491
extern_node,0x4b1
extern_node,0x4d1
extern_node,0x4e6
extern_node,0x506
extern_node,0x51b
extern_node,0x53d
extern_node,0x552
extern_node,0x567
extern_node,0x587
extern_node,0x5b4
extern_node,0x5d4
extern_node,0x5f4
extern_node,0x614
extern_node,0x634
extern_node,0x654
extern_node,0x674
extern_node,0x694
extern_node,0x6b6
extern_node,0x6d6
extern_node,0x6f8
extern_node,0x726
extern_node,0x73b
extern_node,0x74e
extern_node,0x6b10
