0xa29	0xa4f	-32
0xa29	0xb1b	-32
0xa29	0xa64	0
0xa29	0xa73	32
0xa29	0xa87	64
0xa29	0xac1	96
0xa29	0xb0a	96
0xa29	0x3460S0xb59	96
0xa29	0x2e27	100
0xa29	0x2f03	100
0xa29	0x346fS0xb59	128
0xa29	0x2e2d	132
0xa29	0x2f07	132
0xa29	0x3484S0xb59	160
0xa29	0x2e53	164
0xa29	0x2f2d	164
0xa29	0x3488S0xb59	192
0x2cf5	0x2cf6	-32
0x2cf5	0x2d1c	0
0x2cf5	0x2d34	32
0x2de6	0x2de7	-32
0x2de6	0x2e0d	0
0x2de6	0x2e1c	32
0x2e2c	0x2e2d	-32
0x2e2c	0x2e53	0
0x2e63	0x2e64	-32
0x2e63	0x2e8a	0
0x2f06	0x2f07	-32
0x2f06	0x2f2d	0
0x2f3d	0x2f3e	-32
0x2f3d	0x2f64	0
0x2f74	0x2f75	-32
0x2f74	0x2f9b	0
0x2f74	0x2fb4	32
0x2ffb	0x2ffc	-32
0x2ffb	0x3022	0
0x2ffb	0x3036	32
0x3180	0x3181	-32
0x3180	0x31a7	0
0x3180	0x31b6	32
0x32b5	0x32b6	-32
0x32b5	0x32dc	0
0x32b5	0x32ec	32
0x2d44V0x77a	0x2d45S0x77a	-32
0x2d44V0x77a	0x2d6bS0x77a	0
0x2d44V0x77a	0x2d91S0x77a	32
0x2d44V0x77a	0x2d9fS0x77a	64
0x32fcV0x7b3	0x32fdS0x7b3	-32
0x32fcV0x7b3	0x331aS0x7b3	0
0x3094V0x7e8	0x3095S0x7e8	-32
0x3094V0x7e8	0x30bbS0x7e8	0
0x3100V0xd0e	0x3101S0xd0e	-32
0x3100V0xd0e	0x3127S0xd0e	0
0x3100V0xf97	0x3101S0xf97	-32
0x3100V0xf97	0x3127S0xf97	0
0x3100V0x12d2	0x3101S0x12d2	-32
0x3100V0x12d2	0x3127S0x12d2	0
0x2d44V0x1cff	0x2d45S0x1cff	-32
0x2d44V0x1cff	0x2d6bS0x1cff	0
0x2d44V0x1cff	0x2d91S0x1cff	32
0x2d44V0x1cff	0x2d9fS0x1cff	64
0x32fcV0x1d4e	0x32fdS0x1d4e	-32
0x32fcV0x1d4e	0x331aS0x1d4e	0
0x3094V0x1d83	0x3095S0x1d83	-32
0x3094V0x1d83	0x30bbS0x1d83	0
0x3100V0x1eb1	0x3101S0x1eb1	-32
0x3100V0x1eb1	0x3127S0x1eb1	0
0x3046V0x2117	0x3047S0x2117	-32
0x3046V0x2117	0x306dS0x2117	0
0x3046V0x2117	0x3084S0x2117	32
0x3046V0x21d2	0x3047S0x21d2	-32
0x3046V0x21d2	0x306dS0x21d2	0
0x3046V0x21d2	0x3084S0x21d2	32
0x3046V0x23e8	0x3047S0x23e8	-32
0x3046V0x23e8	0x306dS0x23e8	0
0x3046V0x23e8	0x3084S0x23e8	32
0x3046V0x25da	0x3047S0x25da	-32
0x3046V0x25da	0x306dS0x25da	0
0x3046V0x25da	0x3084S0x25da	32
0x3100V0x1020V0x455	0x3101S0x1020S0x455	-32
0x3100V0x1020V0x455	0x3127S0x1020S0x455	0
0x2cb3V0x114fV0x4cc	0x2cb4S0x114fS0x4cc	-32
0x2cb3V0x114fV0x4cc	0x2cdaS0x114fS0x4cc	0
0x2cb3V0x114fV0x4cc	0x2ce5S0x114fS0x4cc	32
0x2c42V0x7ff	0x3425S0x895	-132
0x2c42V0x7ff	0x342bS0x895	-100
0x2c42V0x7ff	0x2c30S0x7ff	-96
0x2c42V0x7ff	0x343aS0x895	-68
0x2c42V0x7ff	0x2c39S0x7ff	-64
0x2c42V0x7ff	0x3441S0x895	-36
0x2c42V0x7ff	0x2b4eS0x2c1eS0x7ff	-32
0x2c42V0x7ff	0x2b4eS0x341dS0x895	-4
0x3448V0x895	0x342bS0x895	-128
0x3448V0x895	0x343aS0x895	-96
0x3448V0x895	0x3441S0x895	-64
0x3448V0x895	0x2b4eS0x341dS0x895	-32
0x2c42V0x1d9a	0x3425S0x1e31	-132
0x2c42V0x1d9a	0x342bS0x1e31	-100
0x2c42V0x1d9a	0x2c30S0x1d9a	-96
0x2c42V0x1d9a	0x343aS0x1e31	-68
0x2c42V0x1d9a	0x2c39S0x1d9a	-64
0x2c42V0x1d9a	0x3441S0x1e31	-36
0x2c42V0x1d9a	0x2b4eS0x2c1eS0x1d9a	-32
0x2c42V0x1d9a	0x2b4eS0x341dS0x1e31	-4
0x3448V0x1e31	0x342bS0x1e31	-128
0x3448V0x1e31	0x343aS0x1e31	-96
0x3448V0x1e31	0x3441S0x1e31	-64
0x3448V0x1e31	0x2b4eS0x341dS0x1e31	-32
0x3046V0x236aV0x2159	0x3047S0x236aS0x2159	-32
0x3046V0x236aV0x2159	0x306dS0x236aS0x2159	0
0x3046V0x236aV0x2159	0x3084S0x236aS0x2159	32
0x3100V0x912V0x286	0x3101S0x912S0x286	-32
0x3100V0x912V0x286	0x3127S0x912S0x286	0
0x3100V0xc81V0x30d	0x3101S0xc81S0x30d	-32
0x3100V0xc81V0x30d	0x3127S0xc81S0x30d	0
0x2027V0xc98V0x30d	0x2039S0xc98S0x30d	-32
0x3249V0xc98V0x30d	0x324aS0xc98S0x30d	-32
0x3249V0xc98V0x30d	0x3263S0xc98S0x30d	0
0x332aV0x331	0x332bS0x331	-32
0x332aV0x331	0x3351S0x331	0
0x332aV0x331	0x3369S0x331	32
0x3046V0xd7bV0x371	0x3047S0xd7bS0x371	-32
0x3046V0xd7bV0x371	0x306dS0xd7bS0x371	0
0x3046V0xd7bV0x371	0x3084S0xd7bS0x371	32
0x3100V0x10f4V0x4ac	0x3101S0x10f4S0x4ac	-32
0x3100V0x10f4V0x4ac	0x3127S0x10f4S0x4ac	0
0x3100V0x11d9V0x582	0x3101S0x11d9S0x582	-32
0x3100V0x11d9V0x582	0x3127S0x11d9S0x582	0
0x3100V0x1ba9V0x6d1	0x3101S0x1ba9S0x6d1	-32
0x3100V0x1ba9V0x6d1	0x3127S0x1ba9S0x6d1	0
0x2e9aV0x1d25	0x2e9bS0x1d25	-32
0x2e9aV0x1d25	0x2ec1S0x1d25	0
0x2fc4V0x420	0x2fc5S0x420	-32
0x2fc4V0x420	0x2febS0x420	0
0x3100V0xeddV0x420	0x3101S0xeddS0x420	-32
0x3100V0xeddV0x420	0x3127S0xeddS0x420	0
0x19a3V0x64f	0x19b5S0x64f	-32
0x1849V0x64f	0x1865S0x64f	-32
0x1849V0x64f	0x2b8aS0x183fS0x64f	0
0x185cV0x64f	0x1865S0x64f	-32
0x3137V0x64f	0x3138S0x64f	-32
0x3137V0x64f	0x315eS0x64f	0
0x3137V0x64f	0x3170S0x64f	32
0x2c83V0x64f	0x2c84S0x64f	-32
0x3273V0x17e2V0x64f	0x3274S0x17e2S0x64f	-32
0x3273V0x17e2V0x64f	0x329aS0x17e2S0x64f	0
0x3273V0x17e2V0x64f	0x32a5S0x17e2S0x64f	32
0x2d44V0x1805V0x64f	0x2d45S0x1805S0x64f	-32
0x2d44V0x1805V0x64f	0x2d6bS0x1805S0x64f	0
0x2d44V0x1805V0x64f	0x2d91S0x1805S0x64f	32
0x2d44V0x1805V0x64f	0x2d9fS0x1805S0x64f	64
0x2c66V0x18d3V0x64f	0x2c5fS0x18d3S0x64f	-64
0x2c66V0x18d3V0x64f	0x2b4eS0x2c53S0x18d3S0x64f	-32
0x2c66V0x1939V0x64f	0x19b5S0x64f	-100
0x2c66V0x1939V0x64f	0x2c5fS0x1939S0x64f	-64
0x2c66V0x1939V0x64f	0x2b4eS0x2c53S0x1939S0x64f	-32
0x2dafV0x68f	0x2db0S0x68f	-32
0x2dafV0x68f	0x2dd6S0x68f	0
0x31c6V0x68f	0x31c7S0x68f	-32
0x31c6V0x68f	0x31edS0x68f	0
0x3100V0x1ab2V0x68f	0x3101S0x1ab2S0x68f	-32
0x3100V0x1ab2V0x68f	0x3127S0x1ab2S0x68f	0
0x2ed1V0x60f	0x2ed2S0x60f	-32
0x2ed1V0x60f	0x2ef8S0x60f	0
0x13fdV0x60f	0x1417S0x60f	-32
0x13fdV0x60f	0x2b8aS0x13f3S0x60f	0
0x140fV0x60f	0x1417S0x60f	-32
0x1453V0x60f	0x15dcS0x60f	-32
0x1453V0x60f	0x1479S0x60f	-32
0x1453V0x60f	0x148eS0x60f	0
0x1453V0x60f	0x149dS0x60f	32
0x1453V0x60f	0x14b1S0x60f	64
0x1453V0x60f	0x1502S0x60f	96
0x1453V0x60f	0x1529S0x60f	96
0x1453V0x60f	0x155aS0x60f	96
0x1453V0x60f	0x3460S0x15d8S0x60f	96
0x1453V0x60f	0x17edS0x14c9S0x60f	96
0x1453V0x60f	0x1810S0x14c9S0x60f	96
0x1453V0x60f	0x1865S0x14c9S0x60f	96
0x1453V0x60f	0x31f8S0x60f	100
0x1453V0x60f	0x30c6S0x60f	100
0x1453V0x60f	0x326eS0x17e2S0x14c9S0x60f	100
0x1453V0x60f	0x2d3fS0x1805S0x14c9S0x60f	100
0x1453V0x60f	0x1563S0x60f	128
0x1453V0x60f	0x346fS0x15d8S0x60f	128
0x1453V0x60f	0x2b8aS0x183fS0x14c9S0x60f	128
0x1453V0x60f	0x31feS0x60f	132
0x1453V0x60f	0x30ccS0x60f	132
0x1453V0x60f	0x3274S0x17e2S0x14c9S0x60f	132
0x1453V0x60f	0x2d45S0x1805S0x14c9S0x60f	132
0x1453V0x60f	0x1567S0x60f	160
0x1453V0x60f	0x3484S0x15d8S0x60f	160
0x1453V0x60f	0x3224S0x60f	164
0x1453V0x60f	0x30f2S0x60f	164
0x1453V0x60f	0x329aS0x17e2S0x14c9S0x60f	164
0x1453V0x60f	0x2d6bS0x1805S0x14c9S0x60f	164
0x1453V0x60f	0x1574S0x60f	192
0x1453V0x60f	0x3488S0x15d8S0x60f	192
0x1453V0x60f	0x3239S0x60f	196
0x1453V0x60f	0x32a5S0x17e2S0x14c9S0x60f	196
0x1453V0x60f	0x2d91S0x1805S0x14c9S0x60f	196
0x1453V0x60f	0x2d9fS0x1805S0x14c9S0x60f	228
0x31fdV0x60f	0x31feS0x60f	-32
0x31fdV0x60f	0x3224S0x60f	0
0x31fdV0x60f	0x3239S0x60f	32
0x30cbV0x60f	0x30ccS0x60f	-32
0x30cbV0x60f	0x30f2S0x60f	0
0x3273V0x1378V0x60f	0x3274S0x1378S0x60f	-32
0x3273V0x1378V0x60f	0x329aS0x1378S0x60f	0
0x3273V0x1378V0x60f	0x32a5S0x1378S0x60f	32
0x2d44V0x139bV0x60f	0x2d45S0x139bS0x60f	-32
0x2d44V0x139bV0x60f	0x2d6bS0x139bS0x60f	0
0x2d44V0x139bV0x60f	0x2d91S0x139bS0x60f	32
0x2d44V0x139bV0x60f	0x2d9fS0x139bS0x60f	64
0x19a3V0x14c9V0x60f	0x19b5S0x14c9S0x60f	-32
0x1849V0x14c9V0x60f	0x1865S0x14c9S0x60f	-32
0x1849V0x14c9V0x60f	0x2b8aS0x183fS0x14c9S0x60f	0
0x185cV0x14c9V0x60f	0x1865S0x14c9S0x60f	-32
0x3137V0x14c9V0x60f	0x3138S0x14c9S0x60f	-32
0x3137V0x14c9V0x60f	0x315eS0x14c9S0x60f	0
0x3137V0x14c9V0x60f	0x3170S0x14c9S0x60f	32
0x2c83V0x14c9V0x60f	0x2c84S0x14c9S0x60f	-32
0x3273V0x17e2V0x14c9V0x60f	0x3274S0x17e2S0x14c9S0x60f	-32
0x3273V0x17e2V0x14c9V0x60f	0x329aS0x17e2S0x14c9S0x60f	0
0x3273V0x17e2V0x14c9V0x60f	0x32a5S0x17e2S0x14c9S0x60f	32
0x2d44V0x1805V0x14c9V0x60f	0x2d45S0x1805S0x14c9S0x60f	-32
0x2d44V0x1805V0x14c9V0x60f	0x2d6bS0x1805S0x14c9S0x60f	0
0x2d44V0x1805V0x14c9V0x60f	0x2d91S0x1805S0x14c9S0x60f	32
0x2d44V0x1805V0x14c9V0x60f	0x2d9fS0x1805S0x14c9S0x60f	64
0x2c66V0x18d3V0x14c9V0x60f	0x2c5fS0x18d3S0x14c9S0x60f	-64
0x2c66V0x18d3V0x14c9V0x60f	0x2b4eS0x2c53S0x18d3S0x14c9S0x60f	-32
0x2c66V0x1939V0x14c9V0x60f	0x19b5S0x14c9S0x60f	-100
0x2c66V0x1939V0x14c9V0x60f	0x2c5fS0x1939S0x14c9S0x60f	-64
0x2c66V0x1939V0x14c9V0x60f	0x2b4eS0x2c53S0x1939S0x14c9S0x60f	-32
0x19a3V0x1795V0x60f	0x19b5S0x1795S0x60f	-32
0x1849V0x1795V0x60f	0x1865S0x1795S0x60f	-32
0x1849V0x1795V0x60f	0x2b8aS0x183fS0x1795S0x60f	0
0x185cV0x1795V0x60f	0x1865S0x1795S0x60f	-32
0x3137V0x1795V0x60f	0x3138S0x1795S0x60f	-32
0x3137V0x1795V0x60f	0x315eS0x1795S0x60f	0
0x3137V0x1795V0x60f	0x3170S0x1795S0x60f	32
0x2c83V0x1795V0x60f	0x2c84S0x1795S0x60f	-32
0x3273V0x17e2V0x1795V0x60f	0x3274S0x17e2S0x1795S0x60f	-32
0x3273V0x17e2V0x1795V0x60f	0x329aS0x17e2S0x1795S0x60f	0
0x3273V0x17e2V0x1795V0x60f	0x32a5S0x17e2S0x1795S0x60f	32
0x2d44V0x1805V0x1795V0x60f	0x2d45S0x1805S0x1795S0x60f	-32
0x2d44V0x1805V0x1795V0x60f	0x2d6bS0x1805S0x1795S0x60f	0
0x2d44V0x1805V0x1795V0x60f	0x2d91S0x1805S0x1795S0x60f	32
0x2d44V0x1805V0x1795V0x60f	0x2d9fS0x1805S0x1795S0x60f	64
0x2c66V0x18d3V0x1795V0x60f	0x2c5fS0x18d3S0x1795S0x60f	-64
0x2c66V0x18d3V0x1795V0x60f	0x2b4eS0x2c53S0x18d3S0x1795S0x60f	-32
0x2c66V0x1939V0x1795V0x60f	0x19b5S0x1795S0x60f	-100
0x2c66V0x1939V0x1795V0x60f	0x2c5fS0x1939S0x1795S0x60f	-64
0x2c66V0x1939V0x1795V0x60f	0x2b4eS0x2c53S0x1939S0x1795S0x60f	-32
