0x397e9	Error(string)
0x39811	Error(string)
0x39839	Error(string)
0x47198	Error(string)
0x471c0	Error(string)
0x471e8	Error(string)
0x47234	Error(string)
0x472f2	Error(string)
0x54cca	Error(string)
0x626a3	Error(string)
0x626cb	Error(string)
0x6291d	Error(string)
0x702f9	Error(string)
0x70321	Error(string)
0x70349	Error(string)
0x70371	Error(string)
0x70399	Error(string)
0x703c1	Error(string)
0x70457	Error(string)
0x7047f	Error(string)
0x704c9	Error(string)
0x70587	Error(string)
0x70696	Error(string)
0x7079c	Error(string)
0x54cf2S0x455	Error(string)
0x706e0S0x114fS0x4cc	Error(string)
0x7066eS0x2159	Error(string)
0x39861S0x286	Error(string)
0x4727fS0x30d	Error(string)
0x7040cS0xc98S0x30d	Error(string)
0x472a7S0x331	Error(string)
0x4731aS0x371	Error(string)
0x54d1aS0x4ac	Error(string)
0x6267bS0x582	Error(string)
0x702aaS0x6d1	Error(string)
0x705faS0x1d25	Error(string)
0x4738dS0x420	Error(string)
0x473b5S0x420	Error(string)
0x6285aS0x64f	Error(string)
0x62882S0x64f	Error(string)
0x628aaS0x64f	Error(string)
0x62945S0x68f	Error(string)
0x6296dS0x68f	Error(string)
0x62995S0x68f	Error(string)
0x626f3S0x60f	Error(string)
0x6271bS0x60f	Error(string)
0x62743S0x60f	Error(string)
0x62791S0x60f	Error(string)
0x627b9S0x60f	Error(string)
0x6285aS0x14c9S0x60f	Error(string)
0x62882S0x14c9S0x60f	Error(string)
0x628aaS0x14c9S0x60f	Error(string)
0x6285aS0x1795S0x60f	Error(string)
0x62882S0x1795S0x60f	Error(string)
0x628aaS0x1795S0x60f	Error(string)
