0x0	CONST
0x40	CONST
0xf	CALLDATALOAD
0x4	MSTORE
0x8	LT
0x60	EQ
0x1f	CONST
0x2	CONST
0x5	CONST
0x7	CALLDATASIZE
0xd	CONST
0x10	CONST
0x12	SHR
0x14	CONST
0x19	GT
0x1a	CONST
0x24	EQ
0x2a	CONST
0x2f	EQ
0x35	CONST
0x3a	EQ
0x45	EQ
0x4a	CONST
0x50	CONST
0x55	EQ
0x5b	CONST
0x66	CONST
0x6b	EQ
0x71	CONST
0x76	CALLVALUE
0x78	ISZERO
0x79	CONST
0x7d	CONST
0x83	CONST
0x86	CONST
0x89	CALLDATASIZE
0x8a	CONST
0x8c	CONST
0x91	CONST
0x93	CONST
0x98	CONST
0x9d	CONST
0xa1	SHA3
0xa9	SHA3
0xaa	SLOAD
0xae	CONST
0xb0	MLOAD
0xb4	CONST
0xb6	ADD
0xc1	CALLVALUE
0xc3	ISZERO
0xc4	CONST
0xc8	CONST
0xce	CONST
0xd1	CONST
0xd4	CALLDATASIZE
0xd5	CONST
0xd7	CONST
0xdc	CONST
0xe3	CONST
0xe6	CONST
0xe9	CALLDATASIZE
0xea	CONST
0xec	CONST
0xf1	CONST
0xf6	CONST
0xf9	CONST
0xfc	CALLDATASIZE
0xfd	CONST
0xff	CONST
0x104	CONST
0x109	CONST
0x10c	CONST
0x10f	CALLDATASIZE
0x110	CONST
0x112	CONST
0x117	CONST
0x11c	CONST
0x11f	CONST
0x122	CALLDATASIZE
0x123	CONST
0x125	CONST
0x12a	CONST
0x12f	CALLVALUE
0x131	ISZERO
0x132	CONST
0x136	CONST
0x13c	CONST
0x13e	SLOAD
0x13f	CONST
0x143	CONST
0x145	CONST
0x147	CONST
0x149	SHL
0x14a	SUB
0x14b	AND
0x14f	CONST
0x151	MLOAD
0x152	CONST
0x154	CONST
0x156	CONST
0x158	SHL
0x159	SUB
0x15c	AND
0x15f	CONST
0x161	ADD
0x162	CONST
0x1eb	CONST
0x1ed	CONST
0x1ef	CONST
0x1f1	CONST
0x1f3	SHL
0x1f4	SUB
0x1f6	AND
0x1f7	CONST
0x1fc	CONST
0x1fe	MLOAD
0x1ff	CALLVALUE
0x201	CONST
0x203	CONST
0x205	CONST
0x207	SHL
0x208	SUB
0x20a	AND
0x20e	CONST
0x215	GAS
0x216	CALL
0x21b	RETURNDATASIZE
0x21d	CONST
0x220	EQ
0x221	CONST
0x225	CONST
0x227	MLOAD
0x22a	CONST
0x22c	NOT
0x22d	CONST
0x22f	RETURNDATASIZE
0x230	ADD
0x231	AND
0x233	ADD
0x234	CONST
0x237	RETURNDATASIZE
0x23a	RETURNDATASIZE
0x23b	CONST
0x23d	CONST
0x240	ADD
0x242	CONST
0x247	CONST
0x24f	CONST
0x254	CONST
0x256	SLOAD
0x257	CONST
0x259	CONST
0x25b	CONST
0x25d	SHL
0x25e	SUB
0x261	AND
0x263	AND
0x264	EQ
0x265	ISZERO
0x266	CONST
0x26b	CONST
0x26d	SLOAD
0x26e	CONST
0x270	MLOAD
0x271	CONST
0x276	CONST
0x278	SHL
0x27b	ADDRESS
0x27c	CONST
0x27f	ADD
0x281	CONST
0x284	ADD
0x28a	CONST
0x28c	CONST
0x28e	CONST
0x290	SHL
0x291	SUB
0x292	AND
0x294	CONST
0x29a	CONST
0x29c	ADD
0x29d	CONST
0x29f	CONST
0x2a1	MLOAD
0x2a4	SUB
0x2a6	CONST
0x2aa	EXTCODESIZE
0x2ab	ISZERO
0x2ad	ISZERO
0x2ae	CONST
0x2b2	CONST
0x2b8	GAS
0x2b9	CALL
0x2ba	ISZERO
0x2bc	ISZERO
0x2bd	CONST
0x2c1	RETURNDATASIZE
0x2c2	CONST
0x2c6	RETURNDATASIZE
0x2c7	CONST
0x2cf	CONST
0x2d1	MLOAD
0x2d2	RETURNDATASIZE
0x2d3	CONST
0x2d5	NOT
0x2d6	CONST
0x2d9	ADD
0x2da	AND
0x2dc	ADD
0x2de	CONST
0x2e3	ADD
0x2e5	CONST
0x2ea	CONST
0x2f0	CONST
0x2f2	SLOAD
0x2f3	CONST
0x2f5	MLOAD
0x2f6	CONST
0x2fb	CONST
0x2fd	SHL
0x300	CONST
0x303	ADD
0x307	CONST
0x309	CONST
0x30b	CONST
0x30d	SHL
0x30e	SUB
0x311	AND
0x313	CONST
0x319	CONST
0x31b	ADD
0x31c	CONST
0x31e	CONST
0x320	MLOAD
0x323	SUB
0x325	CONST
0x329	EXTCODESIZE
0x32a	ISZERO
0x32c	ISZERO
0x32d	CONST
0x331	CONST
0x337	GAS
0x338	CALL
0x339	ISZERO
0x33b	ISZERO
0x33c	CONST
0x340	RETURNDATASIZE
0x341	CONST
0x345	RETURNDATASIZE
0x346	CONST
0x34e	CONST
0x353	CONST
0x358	CONST
0x35d	CONST
0x35f	CONST
0x361	CONST
0x363	SHL
0x364	SUB
0x367	AND
0x368	CONST
0x36d	CONST
0x36f	CONST
0x374	CONST
0x378	SHA3
0x37b	AND
0x383	SHA3
0x385	SLOAD
0x38e	CONST
0x394	CONST
0x3a0	CONST
0x3a2	CONST
0x3a4	CONST
0x3a6	SHL
0x3a7	SUB
0x3a8	AND
0x3aa	CONST
0x3ac	CONST
0x3ae	CONST
0x3b0	SHL
0x3b1	SUB
0x3b2	AND
0x3b3	CONST
0x3d6	CONST
0x3d8	MLOAD
0x3d9	CONST
0x3df	CONST
0x885	CALLER
0x886	CONST
0x88b	CONST
0x88d	CONST
0x892	CONST
0x896	SHA3
0x897	CONST
0x899	CONST
0x89b	CONST
0x89d	SHL
0x89e	SUB
0x8a0	AND
0x8a7	SHA3
0x8a9	SLOAD
0x8ad	CONST
0x8b3	CONST
0x9ab	CONST
0x9ad	MLOAD
0x9ae	CONST
0x9b3	CONST
0x9b5	SHL
0x9b8	ADDRESS
0x9b9	CONST
0x9bc	ADD
0x9be	CONST
0x9c3	CONST
0x9c5	CONST
0x9c7	CONST
0x9c9	SHL
0x9ca	SUB
0x9cc	AND
0x9ce	CONST
0x9d4	CONST
0x9d6	ADD
0x9d7	CONST
0x9d9	CONST
0x9db	MLOAD
0x9de	SUB
0x9e2	EXTCODESIZE
0x9e3	ISZERO
0x9e5	ISZERO
0x9e6	CONST
0x9ea	CONST
0x9f0	GAS
0x9f1	STATICCALL
0x9f2	ISZERO
0x9f4	ISZERO
0x9f5	CONST
0x9f9	RETURNDATASIZE
0x9fa	CONST
0x9fe	RETURNDATASIZE
0x9ff	CONST
0xa07	CONST
0xa09	MLOAD
0xa0a	RETURNDATASIZE
0xa0b	CONST
0xa0d	NOT
0xa0e	CONST
0xa11	ADD
0xa12	AND
0xa14	ADD
0xa16	CONST
0xa1b	ADD
0xa1d	CONST
0xa22	CONST
0xa27	CONST
0xa2a	MLOAD
0xa2b	CALLER
0xa2c	CONST
0xa2f	ADD
0xa31	ADDRESS
0xa32	CONST
0xa35	ADD
0xa37	CONST
0xa3b	ADD
0xa40	MLOAD
0xa43	SUB
0xa46	ADD
0xa49	CONST
0xa4d	ADD
0xa50	CONST
0xa53	ADD
0xa55	MLOAD
0xa56	CONST
0xa58	CONST
0xa5a	CONST
0xa5c	SHL
0xa5d	SUB
0xa5e	AND
0xa5f	CONST
0xa64	CONST
0xa66	SHL
0xa67	OR
0xa6b	MLOAD
0xa6f	CONST
0xa74	CONST
0xa76	CONST
0xa78	CONST
0xa7a	SHL
0xa7b	SUB
0xa7d	AND
0xa7f	CONST
0xa84	CONST
0xa89	CONST
0xa8b	CONST
0xa8d	MLOAD
0xa90	SUB
0xa92	CONST
0xa95	GAS
0xa96	CALL
0xa9a	RETURNDATASIZE
0xa9c	CONST
0xa9f	EQ
0xaa0	CONST
0xaa4	CONST
0xaa6	MLOAD
0xaa9	CONST
0xaab	NOT
0xaac	CONST
0xaae	RETURNDATASIZE
0xaaf	ADD
0xab0	AND
0xab2	ADD
0xab3	CONST
0xab6	RETURNDATASIZE
0xab9	RETURNDATASIZE
0xaba	CONST
0xabc	CONST
0xabf	ADD
0xac1	CONST
0xac6	CONST
0xad2	ISZERO
0xad3	CONST
0xad9	MLOAD
0xada	ISZERO
0xadc	CONST
0xae3	CONST
0xae5	ADD
0xae7	MLOAD
0xae9	ADD
0xaeb	CONST
0xaf0	CONST
0xaf5	CONST
0xaf9	CONST
0xafe	CONST
0xb00	MLOAD
0xb01	CONST
0xb06	CONST
0xb08	SHL
0xb0b	ADDRESS
0xb0c	CONST
0xb0f	ADD
0xb13	CONST
0xb15	CONST
0xb17	CONST
0xb19	SHL
0xb1a	SUB
0xb1c	AND
0xb1e	CONST
0xb24	CONST
0xb26	ADD
0xb27	CONST
0xb29	CONST
0xb2b	MLOAD
0xb2e	SUB
0xb32	EXTCODESIZE
0xb33	ISZERO
0xb35	ISZERO
0xb36	CONST
0xb3a	CONST
0xb40	GAS
0xb41	STATICCALL
0xb42	ISZERO
0xb44	ISZERO
0xb45	CONST
0xb49	RETURNDATASIZE
0xb4a	CONST
0xb4e	RETURNDATASIZE
0xb4f	CONST
0xb57	CONST
0xb59	MLOAD
0xb5a	RETURNDATASIZE
0xb5b	CONST
0xb5d	NOT
0xb5e	CONST
0xb61	ADD
0xb62	AND
0xb64	ADD
0xb66	CONST
0xb6b	ADD
0xb6d	CONST
0xb72	CONST
0xb77	CONST
0xb7c	CONST
0x1130	CONST
0x1133	NOT
0x1135	GT
0x1136	ISZERO
0x1137	CONST
0x113b	CONST
0x113e	CONST
0x1144	ADD
0x1148	CONST
0x114c	LT
0x114d	ISZERO
0x114e	CONST
0x1152	CONST
0x1155	CONST
0x115b	SUB
0x118b	CONST
0x118d	CONST
0x118f	NOT
0x1191	EQ
0x1192	ISZERO
0x1193	CONST
0x1197	CONST
0x119a	CONST
0x11a0	CONST
0x11a2	ADD
0x245d	CONST
0x2481	CONST
0x2544	CONST
0x2549	CONST
0x254b	SHL
0x254c	CONST
0x254f	CONST
0x2551	CONST
0x2554	CONST
0x2556	CONST
0x2579	CONST
0x257e	CONST
0x2580	SHL
0x2581	CONST
0x2584	CONST
0x2586	CONST
0x2589	CONST
0x258b	CONST
0x25ae	CONST
0x25b3	CONST
0x25b5	SHL
0x25b6	CONST
0x25b9	CONST
0x25bb	CONST
0x25be	CONST
0x25c0	CONST
0x4ba4	CONST
0x55a4	CONST
0x5fa4	CONST
0x69a4	CONST
0xc3a4	CONST
0x1ec9a	CONST
0x1ec9c	MLOAD
0x1ec9f	SUB
0x3ddd6	CONST
0x3e7d6	CONST
0x3f1d6	CONST
0x3fbd6	CONST
0x405d6	CONST
0x40fd6	CONST
0x419d6	CONST
0x423d6	CONST
0x42df6	CONST
0x437f6	CONST
0x441f6	CONST
0x44bf6	CONST
0x455f6	CONST
0x45ff6	CONST
0x469f6	CONST
0x473f6	CONST
0x35b	CALLPRIVATE
0x397	CALLPRIVATE
0x8b6	CALLPRIVATE
0xb7f	CALLPRIVATE
0x71e0x11b	CALLPRIVATE
0xb9a40x11b	CONST
0xafa40x11b	CONST
0xa5a40x11b	CONST
0x9920x884	CONST
0x9830x884	CONST
0x95e0x884	CONST
0x9350x884	CONST
0x90d0x884	CONST
0x8fe0x884	CONST
0x8000x11b	CONST
0x7b40x11b	CONST
0x7930x11b	CONST
0x7720x11b	CONST
0x7150x11b	CONST
0x6e80x11b	CONST
0x6db0x11b	CONST
0x6ba0x11b	CONST
0x6900x11b	CONST
0x39e_0x0	PHI
0xad7_0x1	PHI
0xae0_0x1	PHI
0xaf4_0x0	PHI
0x7c40x11b_0x0	PHI
0x1ed1a0x11b	SUB
0x1ed170x11b	MLOAD
0x1ed150x11b	CONST
0x99c0x884	CONST
0x99b0x884	RETURNDATASIZE
0x9970x884	CONST
0x9960x884	RETURNDATASIZE
0x9910x884	ISZERO
0x98f0x884	ISZERO
0x98e0x884	CALL
0x98d0x884	GAS
0x9870x884	CONST
0x9820x884	ISZERO
0x9800x884	ISZERO
0x97f0x884	EXTCODESIZE
0x97b0x884	CONST
0x9790x884	SUB
0x9760x884	MLOAD
0x9740x884	CONST
0x9720x884	CONST
0x96d0x884	CONST
0x96c0x884	ADD
0x96a0x884	CONST
0x9580x884	CONST
0x9560x884	AND
0x9540x884	SUB
0x9530x884	SHL
0x9510x884	CONST
0x94f0x884	CONST
0x94d0x884	CONST
0x94a0x884	SHL
0x9480x884	CONST
0x9430x884	CONST
0x9420x884	MLOAD
0x9400x884	CONST
0x93a0x884	CONST
0x9330x884	ADD
0x92e0x884	CONST
0x92c0x884	ADD
0x92a0x884	AND
0x9290x884	ADD
0x9260x884	CONST
0x9250x884	NOT
0x9230x884	CONST
0x9220x884	RETURNDATASIZE
0x9210x884	MLOAD
0x91f0x884	CONST
0x9170x884	CONST
0x9160x884	RETURNDATASIZE
0x9120x884	CONST
0x9110x884	RETURNDATASIZE
0x90c0x884	ISZERO
0x90a0x884	ISZERO
0x9090x884	CALL
0x9080x884	GAS
0x9020x884	CONST
0x8fd0x884	ISZERO
0x8fb0x884	ISZERO
0x8fa0x884	EXTCODESIZE
0x8f60x884	CONST
0x8f40x884	SUB
0x8f10x884	MLOAD
0x8ef0x884	CONST
0x8ed0x884	CONST
0x8ec0x884	ADD
0x8ea0x884	CONST
0x8e40x884	CONST
0x8e20x884	AND
0x8dd0x884	ADD
0x8da0x884	CONST
0x8d80x884	ADD
0x8d50x884	CONST
0x8d40x884	AND
0x8d10x884	SUB
0x8d00x884	SHL
0x8ce0x884	CONST
0x8cc0x884	CONST
0x8ca0x884	CONST
0x8c70x884	SHL
0x8c50x884	CONST
0x8c00x884	CONST
0x8bf0x884	MLOAD
0x8bd0x884	CONST
0x8070x11b	CONST
0x7ff0x11b	MLOAD
0x7fd0x11b	CONST
0x7d90x11b	CONST
0x7d80x11b	AND
0x7d70x11b	SUB
0x7d60x11b	SHL
0x7d40x11b	CONST
0x7d20x11b	CONST
0x7d00x11b	CONST
0x7cf0x11b	CALLER
0x7ce0x11b	AND
0x7cd0x11b	SUB
0x7cc0x11b	SHL
0x7ca0x11b	CONST
0x7c80x11b	CONST
0x7c60x11b	CONST
0x7b90x11b	CONST
0x7b20x11b	ADD
0x7af0x11b	CONST
0x7ad0x11b	CONST
0x7ac0x11b	RETURNDATASIZE
0x7a90x11b	RETURNDATASIZE
0x7a60x11b	CONST
0x7a50x11b	ADD
0x7a30x11b	AND
0x7a20x11b	ADD
0x7a10x11b	RETURNDATASIZE
0x79f0x11b	CONST
0x79e0x11b	NOT
0x79c0x11b	CONST
0x7990x11b	MLOAD
0x7970x11b	CONST
0x7920x11b	EQ
0x78f0x11b	CONST
0x78d0x11b	RETURNDATASIZE
0x7890x11b	CALL
0x7880x11b	GAS
0x7850x11b	CONST
0x7830x11b	SUB
0x7800x11b	MLOAD
0x77e0x11b	CONST
0x77c0x11b	CONST
0x7770x11b	CONST
0x7700x11b	AND
0x76d0x11b	MLOAD
0x7690x11b	OR
0x7680x11b	SHL
0x7660x11b	CONST
0x7610x11b	CONST
0x7600x11b	AND
0x75f0x11b	SUB
0x75e0x11b	SHL
0x75c0x11b	CONST
0x75a0x11b	CONST
0x7580x11b	CONST
0x7570x11b	MLOAD
0x7550x11b	ADD
0x7520x11b	CONST
0x74f0x11b	ADD
0x74b0x11b	CONST
0x7480x11b	ADD
0x7450x11b	SUB
0x7420x11b	MLOAD
0x73d0x11b	ADD
0x7390x11b	CONST
0x7370x11b	ADD
0x7340x11b	CONST
0x7330x11b	AND
0x7300x11b	SUB
0x72f0x11b	SHL
0x72d0x11b	CONST
0x72b0x11b	CONST
0x7290x11b	CONST
0x7280x11b	MLOAD
0x7250x11b	CONST
0x71b0x11b	CONST
0x7110x11b	SLOAD
0x70f0x11b	SHA3
0x7080x11b	AND
0x7060x11b	SUB
0x7050x11b	SHL
0x7030x11b	CONST
0x7010x11b	CONST
0x6ff0x11b	CONST
0x6fe0x11b	SHA3
0x6fa0x11b	CONST
0x6f50x11b	CONST
0x6f30x11b	CONST
0x6ee0x11b	CONST
0x6ed0x11b	CALLER
0x6e00x11b	CONST
0x6d90x11b	ADD
0x6d60x11b	CONST
0x6d40x11b	CONST
0x6d30x11b	RETURNDATASIZE
0x6d00x11b	RETURNDATASIZE
0x6cd0x11b	CONST
0x6cc0x11b	ADD
0x6ca0x11b	AND
0x6c90x11b	ADD
0x6c80x11b	RETURNDATASIZE
0x6c60x11b	CONST
0x6c50x11b	NOT
0x6c30x11b	CONST
0x6c00x11b	MLOAD
0x6be0x11b	CONST
0x6b90x11b	EQ
0x6b60x11b	CONST
0x6b40x11b	RETURNDATASIZE
0x6af0x11b	CALL
0x6ae0x11b	GAS
0x6a70x11b	CONST
0x6a30x11b	AND
0x6a10x11b	SUB
0x6a00x11b	SHL
0x69e0x11b	CONST
0x69c0x11b	CONST
0x69a0x11b	CONST
0x6980x11b	CALLVALUE
0x6970x11b	MLOAD
0x6950x11b	CONST
0x68f0x11b	AND
0x68d0x11b	SUB
0x68c0x11b	SHL
0x68a0x11b	CONST
0x6880x11b	CONST
0x6860x11b	CONST
0x6840x11b	CONST
0xbd0x75	SUB
0xbd0x12e	SUB
0xba0x75	MLOAD
0xba0x12e	MLOAD
0xb80x75	CONST
0xb80x12e	CONST
0xf65S0x2ca	CONST
0xf67S0x2ca	CONST
0xf6bS0x2ca	SUB
0xf6cS0x2ca	SLT
0xf6dS0x2ca	ISZERO
0xf6eS0x2ca	CONST
0xf77S0x2ca	MLOAD
0xf79S0x2ca	ISZERO
0xf7aS0x2ca	ISZERO
0xf7cS0x2ca	EQ
0xf7dS0x2ca	CONST
0xf8cS0xa02	CONST
0xf8eS0xa02	CONST
0xf92S0xa02	SUB
0xf93S0xa02	SLT
0xf94S0xa02	ISZERO
0xf95S0xa02	CONST
0xf9eS0xa02	MLOAD
0xf8cS0xb52	CONST
0xf8eS0xb52	CONST
0xf92S0xb52	SUB
0xf93S0xb52	SLT
0xf94S0xb52	ISZERO
0xf95S0xb52	CONST
0xf9eS0xb52	MLOAD
0xf65S0xae0	CONST
0xf67S0xae0	CONST
0xf6bS0xae0	SUB
0xf6cS0xae0	SLT
0xf6dS0xae0	ISZERO
0xf6eS0xae0	CONST
0xf77S0xae0	MLOAD
0xf79S0xae0	ISZERO
0xf7aS0xae0	ISZERO
0xf7cS0xae0	EQ
0xf7dS0xae0	CONST
0xf65S0x91a0x884	CONST
0xf67S0x91a0x884	CONST
0xf6bS0x91a0x884	SUB
0xf6cS0x91a0x884	SLT
0xf6dS0x91a0x884	ISZERO
0xf6eS0x91a0x884	CONST
0xf77S0x91a0x884	MLOAD
0xf79S0x91a0x884	ISZERO
0xf7aS0x91a0x884	ISZERO
0xf7cS0x91a0x884	EQ
0xf7dS0x91a0x884	CONST
0xd50S0x81	CONST
0xd53S0x81	CONST
0xd57S0x81	SUB
0xd58S0x81	SLT
0xd59S0x81	ISZERO
0xd5aS0x81	CONST
0xd63S0x81	CALLDATALOAD
0xd64S0x81	CONST
0xd68S0x81	CONST
0xd6fS0x81	CONST
0xd72S0x81	ADD
0xd73S0x81	CALLDATALOAD
0xd74S0x81	CONST
0xd78S0x81	CONST
0x11e2S0xd61S0x81	CONST
0x11d2S0xd61S0x81	CONST
0x11d4S0xd61S0x81	CONST
0x11d6S0xd61S0x81	CONST
0x11d8S0xd61S0x81	SHL
0x11d9S0xd61S0x81	SUB
0x11dbS0xd61S0x81	AND
0x11ddS0xd61S0x81	EQ
0x11deS0xd61S0x81	CONST
0x11e2S0xd6cS0x81	CONST
0x11d2S0xd6cS0x81	CONST
0x11d4S0xd6cS0x81	CONST
0x11d6S0xd6cS0x81	CONST
0x11d8S0xd6cS0x81	SHL
0x11d9S0xd6cS0x81	SUB
0x11dbS0xd6cS0x81	AND
0x11ddS0xd6cS0x81	EQ
0x11deS0xd6cS0x81	CONST
0xfd0S0xa26	CONST
0xfd3S0xa26	MLOAD
0xfd4S0xa26	CONST
0xfd9S0xa26	CONST
0xfdcS0xa26	ADD
0xfddS0xa26	CONST
0xfe5S0xa26	ADD
0x115fS0xfcfS0xa26	CONST
0xf5a4S0xfcfS0xa26	CONST
0x117cS0xfcfS0xa26	GT
0x117dS0xfcfS0xa26	ISZERO
0x117eS0xfcfS0xa26	CONST
0x1179_0x0S0xfcfS0xa26	PHI
0x1164S0xfcfS0xa26	LT
0x1165S0xfcfS0xa26	ISZERO
0x1166S0xfcfS0xa26	CONST
0x1161_0x0S0xfcfS0xa26	PHI
0x116cS0xfcfS0xa26	ADD
0x116dS0xfcfS0xa26	MLOAD
0x1170S0xfcfS0xa26	ADD
0x1172S0xfcfS0xa26	CONST
0x1174S0xfcfS0xa26	ADD
0x1175S0xfcfS0xa26	CONST
0x116a_0x0S0xfcfS0xa26	PHI
0x1184S0xfcfS0xa26	CONST
0x1187S0xfcfS0xa26	ADD
0xfd0S0x71f0x11b	CONST
0xfd3S0x71f0x11b	MLOAD
0xfd4S0x71f0x11b	CONST
0xfd9S0x71f0x11b	CONST
0xfdcS0x71f0x11b	ADD
0xfddS0x71f0x11b	CONST
0xfe5S0x71f0x11b	ADD
0x115fS0xfcfS0x71f0x11b	CONST
0xf5a4S0xfcfS0x71f0x11b	CONST
0x117cS0xfcfS0x71f0x11b	GT
0x117dS0xfcfS0x71f0x11b	ISZERO
0x117eS0xfcfS0x71f0x11b	CONST
0x1179_0x0S0xfcfS0x71f0x11b	PHI
0x1164S0xfcfS0x71f0x11b	LT
0x1165S0xfcfS0x71f0x11b	ISZERO
0x1166S0xfcfS0x71f0x11b	CONST
0x1161_0x0S0xfcfS0x71f0x11b	PHI
0x116cS0xfcfS0x71f0x11b	ADD
0x116dS0xfcfS0x71f0x11b	MLOAD
0x1170S0xfcfS0x71f0x11b	ADD
0x1172S0xfcfS0x71f0x11b	CONST
0x1174S0xfcfS0x71f0x11b	ADD
0x1175S0xfcfS0x71f0x11b	CONST
0x116a_0x0S0xfcfS0x71f0x11b	PHI
0x1184S0xfcfS0x71f0x11b	CONST
0x1187S0xfcfS0x71f0x11b	ADD
0xe02S0xcc	CONST
0xe05S0xcc	CONST
0xe08S0xcc	CONST
0xe0aS0xcc	CONST
0xe0eS0xcc	SUB
0xe0fS0xcc	SLT
0xe10S0xcc	ISZERO
0xe11S0xcc	CONST
0xe1aS0xcc	CALLDATALOAD
0xe1bS0xcc	CONST
0xe1fS0xcc	CONST
0xe26S0xcc	CONST
0xe29S0xcc	ADD
0xe2aS0xcc	CALLDATALOAD
0xe2bS0xcc	CONST
0xe2fS0xcc	CONST
0xe36S0xcc	CONST
0xe39S0xcc	ADD
0xe3aS0xcc	CALLDATALOAD
0xe3bS0xcc	CONST
0xe3fS0xcc	CONST
0xe46S0xcc	CONST
0xe49S0xcc	ADD
0xe4aS0xcc	CALLDATALOAD
0xe4dS0xcc	CONST
0xe50S0xcc	ADD
0xe51S0xcc	CALLDATALOAD
0xe52S0xcc	CONST
0xe5cS0xcc	GT
0xe5dS0xcc	ISZERO
0xe5eS0xcc	CONST
0xe66S0xcc	CONST
0xe6cS0xcc	ADD
0xe6dS0xcc	CONST
0x11e2S0xe18S0xcc	CONST
0x11d2S0xe18S0xcc	CONST
0x11d4S0xe18S0xcc	CONST
0x11d6S0xe18S0xcc	CONST
0x11d8S0xe18S0xcc	SHL
0x11d9S0xe18S0xcc	SUB
0x11dbS0xe18S0xcc	AND
0x11ddS0xe18S0xcc	EQ
0x11deS0xe18S0xcc	CONST
0x11e2S0xe23S0xcc	CONST
0x11d2S0xe23S0xcc	CONST
0x11d4S0xe23S0xcc	CONST
0x11d6S0xe23S0xcc	CONST
0x11d8S0xe23S0xcc	SHL
0x11d9S0xe23S0xcc	SUB
0x11dbS0xe23S0xcc	AND
0x11ddS0xe23S0xcc	EQ
0x11deS0xe23S0xcc	CONST
0x11e2S0xe33S0xcc	CONST
0x11d2S0xe33S0xcc	CONST
0x11d4S0xe33S0xcc	CONST
0x11d6S0xe33S0xcc	CONST
0x11d8S0xe33S0xcc	SHL
0x11d9S0xe33S0xcc	SUB
0x11dbS0xe33S0xcc	AND
0x11ddS0xe33S0xcc	EQ
0x11deS0xe33S0xcc	CONST
0xc9dS0xe65S0xcc	CONST
0xca0S0xe65S0xcc	CONST
0xc7bS0xe65S0xcc	CONST
0xc7eS0xe65S0xcc	CONST
0xc81S0xe65S0xcc	ADD
0xc82S0xe65S0xcc	SLT
0xc83S0xe65S0xcc	CONST
0xc8cS0xe65S0xcc	CALLDATALOAD
0xc8dS0xe65S0xcc	CONST
0xc97S0xe65S0xcc	GT
0xc98S0xe65S0xcc	ISZERO
0xc99S0xe65S0xcc	CONST
0xca5S0xe65S0xcc	CONST
0xca8S0xe65S0xcc	CONST
0xcabS0xe65S0xcc	ADD
0xcacS0xe65S0xcc	CONST
0xcaeS0xe65S0xcc	NOT
0xcafS0xe65S0xcc	AND
0xcb0S0xe65S0xcc	CONST
0xcb2S0xe65S0xcc	ADD
0xcb3S0xe65S0xcc	CONST
0x24a5S0xe65S0xcc	CONST
0x24aaS0xe65S0xcc	CONST
0x24acS0xe65S0xcc	SHL
0x24adS0xe65S0xcc	CONST
0x24b0S0xe65S0xcc	CONST
0x24b2S0xe65S0xcc	CONST
0x24b5S0xe65S0xcc	CONST
0x24b7S0xe65S0xcc	CONST
0xcbcS0xe65S0xcc	CONST
0xcc0S0xe65S0xcc	ADD
0xcc1S0xe65S0xcc	ADD
0xcc2S0xe65S0xcc	GT
0xcc3S0xe65S0xcc	ISZERO
0xcc4S0xe65S0xcc	CONST
0xccdS0xe65S0xcc	CONST
0xcd0S0xe65S0xcc	ADD
0xcd1S0xe65S0xcc	CONST
0xcd4S0xe65S0xcc	ADD
0xcd8S0xe65S0xcc	ADD
0xcd9S0xe65S0xcc	CONST
0xcdbS0xe65S0xcc	ADD
0x10fcS0xca4S0xe65S0xcc	CONST
0x10ffS0xca4S0xe65S0xcc	CONST
0x10dbS0xca4S0xe65S0xcc	CONST
0x10ddS0xca4S0xe65S0xcc	MLOAD
0x10deS0xca4S0xe65S0xcc	CONST
0x10e1S0xca4S0xe65S0xcc	ADD
0x10e2S0xca4S0xe65S0xcc	CONST
0x10e4S0xca4S0xe65S0xcc	NOT
0x10e5S0xca4S0xe65S0xcc	AND
0x10e7S0xca4S0xe65S0xcc	ADD
0x10e8S0xca4S0xe65S0xcc	CONST
0x10f2S0xca4S0xe65S0xcc	GT
0x10f5S0xca4S0xe65S0xcc	LT
0x10f6S0xca4S0xe65S0xcc	OR
0x10f7S0xca4S0xe65S0xcc	ISZERO
0x10f8S0xca4S0xe65S0xcc	CONST
0x1104S0xca4S0xe65S0xcc	CONST
0x24daS0xca4S0xe65S0xcc	CONST
0x24dfS0xca4S0xe65S0xcc	CONST
0x24e1S0xca4S0xe65S0xcc	SHL
0x24e2S0xca4S0xe65S0xcc	CONST
0x24e5S0xca4S0xe65S0xcc	CONST
0x24e7S0xca4S0xe65S0xcc	CONST
0x24eaS0xca4S0xe65S0xcc	CONST
0x24ecS0xca4S0xe65S0xcc	CONST
0x10baS0x39e	CONST
0x10bfS0x39e	CONST
0x10c1S0x39e	CONST
0x10c4S0x39e	ADD
0x10c6S0x39e	CONST
0x10c9S0x39e	CONST
0x10ccS0x39e	ADD
0x10ceS0x39e	CONST
0xfbcS0x10b9S0x39e	CONST
0xfbeS0x10b9S0x39e	ADD
0xfbfS0x10b9S0x39e	CONST
0xfc1S0x10b9S0x39e	NOT
0xfc2S0x10b9S0x39e	AND
0xfc6S0x10b9S0x39e	ADD
0xfc7S0x10b9S0x39e	CONST
0xfc9S0x10b9S0x39e	ADD
0xfa4S0x10b9S0x39e	CONST
0xfa7S0x10b9S0x39e	MLOAD
0xfabS0x10b9S0x39e	CONST
0xfafS0x10b9S0x39e	CONST
0xfb2S0x10b9S0x39e	ADD
0xfb3S0x10b9S0x39e	CONST
0xfb6S0x10b9S0x39e	ADD
0xfb7S0x10b9S0x39e	CONST
0x115fS0xfa3S0x10b9S0x39e	CONST
0xf5a4S0xfa3S0x10b9S0x39e	CONST
0x117cS0xfa3S0x10b9S0x39e	GT
0x117dS0xfa3S0x10b9S0x39e	ISZERO
0x117eS0xfa3S0x10b9S0x39e	CONST
0x1179_0x0S0xfa3S0x10b9S0x39e	PHI
0x1164S0xfa3S0x10b9S0x39e	LT
0x1165S0xfa3S0x10b9S0x39e	ISZERO
0x1166S0xfa3S0x10b9S0x39e	CONST
0x1161_0x0S0xfa3S0x10b9S0x39e	PHI
0x116cS0xfa3S0x10b9S0x39e	ADD
0x116dS0xfa3S0x10b9S0x39e	MLOAD
0x1170S0xfa3S0x10b9S0x39e	ADD
0x1172S0xfa3S0x10b9S0x39e	CONST
0x1174S0xfa3S0x10b9S0x39e	ADD
0x1175S0xfa3S0x10b9S0x39e	CONST
0x116a_0x0S0xfa3S0x10b9S0x39e	PHI
0x1184S0xfa3S0x10b9S0x39e	CONST
0x1187S0xfa3S0x10b9S0x39e	ADD
0xce6S0xe2	CONST
0xce9S0xe2	CONST
0xcecS0xe2	CONST
0xcf0S0xe2	SUB
0xcf1S0xe2	SLT
0xcf2S0xe2	ISZERO
0xcf3S0xe2	CONST
0xcfcS0xe2	CALLDATALOAD
0xcfdS0xe2	CONST
0xd01S0xe2	CONST
0xd08S0xe2	CONST
0xd0bS0xe2	ADD
0xd0cS0xe2	CALLDATALOAD
0xd0dS0xe2	CONST
0xd11S0xe2	CONST
0xd18S0xe2	CONST
0xd1bS0xe2	ADD
0xd1cS0xe2	CALLDATALOAD
0xd1fS0xe2	CONST
0xd22S0xe2	ADD
0xd23S0xe2	CALLDATALOAD
0xd24S0xe2	CONST
0xd2eS0xe2	GT
0xd2fS0xe2	ISZERO
0xd30S0xe2	CONST
0xd38S0xe2	CONST
0xd3eS0xe2	ADD
0xd3fS0xe2	CONST
0x11e2S0xcfaS0xe2	CONST
0x11d2S0xcfaS0xe2	CONST
0x11d4S0xcfaS0xe2	CONST
0x11d6S0xcfaS0xe2	CONST
0x11d8S0xcfaS0xe2	SHL
0x11d9S0xcfaS0xe2	SUB
0x11dbS0xcfaS0xe2	AND
0x11ddS0xcfaS0xe2	EQ
0x11deS0xcfaS0xe2	CONST
0x11e2S0xd05S0xe2	CONST
0x11d2S0xd05S0xe2	CONST
0x11d4S0xd05S0xe2	CONST
0x11d6S0xd05S0xe2	CONST
0x11d8S0xd05S0xe2	SHL
0x11d9S0xd05S0xe2	SUB
0x11dbS0xd05S0xe2	AND
0x11ddS0xd05S0xe2	EQ
0x11deS0xd05S0xe2	CONST
0xc9dS0xd37S0xe2	CONST
0xca0S0xd37S0xe2	CONST
0xc7bS0xd37S0xe2	CONST
0xc7eS0xd37S0xe2	CONST
0xc81S0xd37S0xe2	ADD
0xc82S0xd37S0xe2	SLT
0xc83S0xd37S0xe2	CONST
0xc8cS0xd37S0xe2	CALLDATALOAD
0xc8dS0xd37S0xe2	CONST
0xc97S0xd37S0xe2	GT
0xc98S0xd37S0xe2	ISZERO
0xc99S0xd37S0xe2	CONST
0xca5S0xd37S0xe2	CONST
0xca8S0xd37S0xe2	CONST
0xcabS0xd37S0xe2	ADD
0xcacS0xd37S0xe2	CONST
0xcaeS0xd37S0xe2	NOT
0xcafS0xd37S0xe2	AND
0xcb0S0xd37S0xe2	CONST
0xcb2S0xd37S0xe2	ADD
0xcb3S0xd37S0xe2	CONST
0x24a5S0xd37S0xe2	CONST
0x24aaS0xd37S0xe2	CONST
0x24acS0xd37S0xe2	SHL
0x24adS0xd37S0xe2	CONST
0x24b0S0xd37S0xe2	CONST
0x24b2S0xd37S0xe2	CONST
0x24b5S0xd37S0xe2	CONST
0x24b7S0xd37S0xe2	CONST
0xcbcS0xd37S0xe2	CONST
0xcc0S0xd37S0xe2	ADD
0xcc1S0xd37S0xe2	ADD
0xcc2S0xd37S0xe2	GT
0xcc3S0xd37S0xe2	ISZERO
0xcc4S0xd37S0xe2	CONST
0xccdS0xd37S0xe2	CONST
0xcd0S0xd37S0xe2	ADD
0xcd1S0xd37S0xe2	CONST
0xcd4S0xd37S0xe2	ADD
0xcd8S0xd37S0xe2	ADD
0xcd9S0xd37S0xe2	CONST
0xcdbS0xd37S0xe2	ADD
0x10fcS0xca4S0xd37S0xe2	CONST
0x10ffS0xca4S0xd37S0xe2	CONST
0x10dbS0xca4S0xd37S0xe2	CONST
0x10ddS0xca4S0xd37S0xe2	MLOAD
0x10deS0xca4S0xd37S0xe2	CONST
0x10e1S0xca4S0xd37S0xe2	ADD
0x10e2S0xca4S0xd37S0xe2	CONST
0x10e4S0xca4S0xd37S0xe2	NOT
0x10e5S0xca4S0xd37S0xe2	AND
0x10e7S0xca4S0xd37S0xe2	ADD
0x10e8S0xca4S0xd37S0xe2	CONST
0x10f2S0xca4S0xd37S0xe2	GT
0x10f5S0xca4S0xd37S0xe2	LT
0x10f6S0xca4S0xd37S0xe2	OR
0x10f7S0xca4S0xd37S0xe2	ISZERO
0x10f8S0xca4S0xd37S0xe2	CONST
0x1104S0xca4S0xd37S0xe2	CONST
0x24daS0xca4S0xd37S0xe2	CONST
0x24dfS0xca4S0xd37S0xe2	CONST
0x24e1S0xca4S0xd37S0xe2	SHL
0x24e2S0xca4S0xd37S0xe2	CONST
0x24e5S0xca4S0xd37S0xe2	CONST
0x24e7S0xca4S0xd37S0xe2	CONST
0x24eaS0xca4S0xd37S0xe2	CONST
0x24ecS0xca4S0xd37S0xe2	CONST
0xce6S0x11b	CONST
0xce9S0x11b	CONST
0xcecS0x11b	CONST
0xcf0S0x11b	SUB
0xcf1S0x11b	SLT
0xcf2S0x11b	ISZERO
0xcf3S0x11b	CONST
0xcfcS0x11b	CALLDATALOAD
0xcfdS0x11b	CONST
0xd01S0x11b	CONST
0xd08S0x11b	CONST
0xd0bS0x11b	ADD
0xd0cS0x11b	CALLDATALOAD
0xd0dS0x11b	CONST
0xd11S0x11b	CONST
0xd18S0x11b	CONST
0xd1bS0x11b	ADD
0xd1cS0x11b	CALLDATALOAD
0xd1fS0x11b	CONST
0xd22S0x11b	ADD
0xd23S0x11b	CALLDATALOAD
0xd24S0x11b	CONST
0xd2eS0x11b	GT
0xd2fS0x11b	ISZERO
0xd30S0x11b	CONST
0xd38S0x11b	CONST
0xd3eS0x11b	ADD
0xd3fS0x11b	CONST
0x11e2S0xcfaS0x11b	CONST
0x11d2S0xcfaS0x11b	CONST
0x11d4S0xcfaS0x11b	CONST
0x11d6S0xcfaS0x11b	CONST
0x11d8S0xcfaS0x11b	SHL
0x11d9S0xcfaS0x11b	SUB
0x11dbS0xcfaS0x11b	AND
0x11ddS0xcfaS0x11b	EQ
0x11deS0xcfaS0x11b	CONST
0x11e2S0xd05S0x11b	CONST
0x11d2S0xd05S0x11b	CONST
0x11d4S0xd05S0x11b	CONST
0x11d6S0xd05S0x11b	CONST
0x11d8S0xd05S0x11b	SHL
0x11d9S0xd05S0x11b	SUB
0x11dbS0xd05S0x11b	AND
0x11ddS0xd05S0x11b	EQ
0x11deS0xd05S0x11b	CONST
0xc9dS0xd37S0x11b	CONST
0xca0S0xd37S0x11b	CONST
0xc7bS0xd37S0x11b	CONST
0xc7eS0xd37S0x11b	CONST
0xc81S0xd37S0x11b	ADD
0xc82S0xd37S0x11b	SLT
0xc83S0xd37S0x11b	CONST
0xc8cS0xd37S0x11b	CALLDATALOAD
0xc8dS0xd37S0x11b	CONST
0xc97S0xd37S0x11b	GT
0xc98S0xd37S0x11b	ISZERO
0xc99S0xd37S0x11b	CONST
0xca5S0xd37S0x11b	CONST
0xca8S0xd37S0x11b	CONST
0xcabS0xd37S0x11b	ADD
0xcacS0xd37S0x11b	CONST
0xcaeS0xd37S0x11b	NOT
0xcafS0xd37S0x11b	AND
0xcb0S0xd37S0x11b	CONST
0xcb2S0xd37S0x11b	ADD
0xcb3S0xd37S0x11b	CONST
0x24a5S0xd37S0x11b	CONST
0x24aaS0xd37S0x11b	CONST
0x24acS0xd37S0x11b	SHL
0x24adS0xd37S0x11b	CONST
0x24b0S0xd37S0x11b	CONST
0x24b2S0xd37S0x11b	CONST
0x24b5S0xd37S0x11b	CONST
0x24b7S0xd37S0x11b	CONST
0xcbcS0xd37S0x11b	CONST
0xcc0S0xd37S0x11b	ADD
0xcc1S0xd37S0x11b	ADD
0xcc2S0xd37S0x11b	GT
0xcc3S0xd37S0x11b	ISZERO
0xcc4S0xd37S0x11b	CONST
0xccdS0xd37S0x11b	CONST
0xcd0S0xd37S0x11b	ADD
0xcd1S0xd37S0x11b	CONST
0xcd4S0xd37S0x11b	ADD
0xcd8S0xd37S0x11b	ADD
0xcd9S0xd37S0x11b	CONST
0xcdbS0xd37S0x11b	ADD
0x10fcS0xca4S0xd37S0x11b	CONST
0x10ffS0xca4S0xd37S0x11b	CONST
0x10dbS0xca4S0xd37S0x11b	CONST
0x10ddS0xca4S0xd37S0x11b	MLOAD
0x10deS0xca4S0xd37S0x11b	CONST
0x10e1S0xca4S0xd37S0x11b	ADD
0x10e2S0xca4S0xd37S0x11b	CONST
0x10e4S0xca4S0xd37S0x11b	NOT
0x10e5S0xca4S0xd37S0x11b	AND
0x10e7S0xca4S0xd37S0x11b	ADD
0x10e8S0xca4S0xd37S0x11b	CONST
0x10f2S0xca4S0xd37S0x11b	GT
0x10f5S0xca4S0xd37S0x11b	LT
0x10f6S0xca4S0xd37S0x11b	OR
0x10f7S0xca4S0xd37S0x11b	ISZERO
0x10f8S0xca4S0xd37S0x11b	CONST
0x1104S0xca4S0xd37S0x11b	CONST
0x24daS0xca4S0xd37S0x11b	CONST
0x24dfS0xca4S0xd37S0x11b	CONST
0x24e1S0xca4S0xd37S0x11b	SHL
0x24e2S0xca4S0xd37S0x11b	CONST
0x24e5S0xca4S0xd37S0x11b	CONST
0x24e7S0xca4S0xd37S0x11b	CONST
0x24eaS0xca4S0xd37S0x11b	CONST
0x24ecS0xca4S0xd37S0x11b	CONST
0x101fS0x7c40x11b	CONST
0x1021S0x7c40x11b	CONST
0x1024S0x7c40x11b	CONST
0x1026S0x7c40x11b	SHL
0x1027S0x7c40x11b	SUB
0x1029S0x7c40x11b	AND
0x102dS0x7c40x11b	CONST
0x1030S0x7c40x11b	ADD
0x1032S0x7c40x11b	CONST
0x1034S0x7c40x11b	CONST
0x1037S0x7c40x11b	ADD
0x1039S0x7c40x11b	CONST
0x103cS0x7c40x11b	CONST
0x103fS0x7c40x11b	ADD
0x1041S0x7c40x11b	CONST
0xfbcS0x101eS0x7c40x11b	CONST
0xfbeS0x101eS0x7c40x11b	ADD
0xfbfS0x101eS0x7c40x11b	CONST
0xfc1S0x101eS0x7c40x11b	NOT
0xfc2S0x101eS0x7c40x11b	AND
0xfc6S0x101eS0x7c40x11b	ADD
0xfc7S0x101eS0x7c40x11b	CONST
0xfc9S0x101eS0x7c40x11b	ADD
0xfa4S0x101eS0x7c40x11b	CONST
0xfa7S0x101eS0x7c40x11b	MLOAD
0xfabS0x101eS0x7c40x11b	CONST
0xfafS0x101eS0x7c40x11b	CONST
0xfb2S0x101eS0x7c40x11b	ADD
0xfb3S0x101eS0x7c40x11b	CONST
0xfb6S0x101eS0x7c40x11b	ADD
0xfb7S0x101eS0x7c40x11b	CONST
0x115fS0xfa3S0x101eS0x7c40x11b	CONST
0xf5a4S0xfa3S0x101eS0x7c40x11b	CONST
0x117cS0xfa3S0x101eS0x7c40x11b	GT
0x117dS0xfa3S0x101eS0x7c40x11b	ISZERO
0x117eS0xfa3S0x101eS0x7c40x11b	CONST
0x1179_0x0S0xfa3S0x101eS0x7c40x11b	PHI
0x1164S0xfa3S0x101eS0x7c40x11b	LT
0x1165S0xfa3S0x101eS0x7c40x11b	ISZERO
0x1166S0xfa3S0x101eS0x7c40x11b	CONST
0x1161_0x0S0xfa3S0x101eS0x7c40x11b	PHI
0x116cS0xfa3S0x101eS0x7c40x11b	ADD
0x116dS0xfa3S0x101eS0x7c40x11b	MLOAD
0x1170S0xfa3S0x101eS0x7c40x11b	ADD
0x1172S0xfa3S0x101eS0x7c40x11b	CONST
0x1174S0xfa3S0x101eS0x7c40x11b	ADD
0x1175S0xfa3S0x101eS0x7c40x11b	CONST
0x116a_0x0S0xfa3S0x101eS0x7c40x11b	PHI
0x1184S0xfa3S0x101eS0x7c40x11b	CONST
0x1187S0xfa3S0x101eS0x7c40x11b	ADD
0xfecS0x93e0x884	CONST
0xfeeS0x93e0x884	CONST
0xff0S0x93e0x884	CONST
0xff2S0x93e0x884	SHL
0xff3S0x93e0x884	SUB
0xff6S0x93e0x884	AND
0xffaS0x93e0x884	AND
0xffbS0x93e0x884	CONST
0xffeS0x93e0x884	ADD
0x1000S0x93e0x884	CONST
0x1003S0x93e0x884	ADD
0x1007S0x93e0x884	CONST
0x1009S0x93e0x884	CONST
0x100cS0x93e0x884	ADD
0x1010S0x93e0x884	CONST
0x1013S0x93e0x884	CONST
0x1018S0x93e0x884	ADD
0x101aS0x93e0x884	CONST
0xfbcS0xfebS0x93e0x884	CONST
0xfbeS0xfebS0x93e0x884	ADD
0xfbfS0xfebS0x93e0x884	CONST
0xfc1S0xfebS0x93e0x884	NOT
0xfc2S0xfebS0x93e0x884	AND
0xfc6S0xfebS0x93e0x884	ADD
0xfc7S0xfebS0x93e0x884	CONST
0xfc9S0xfebS0x93e0x884	ADD
0xfa4S0xfebS0x93e0x884	CONST
0xfa7S0xfebS0x93e0x884	MLOAD
0xfabS0xfebS0x93e0x884	CONST
0xfafS0xfebS0x93e0x884	CONST
0xfb2S0xfebS0x93e0x884	ADD
0xfb3S0xfebS0x93e0x884	CONST
0xfb6S0xfebS0x93e0x884	ADD
0xfb7S0xfebS0x93e0x884	CONST
0x115fS0xfa3S0xfebS0x93e0x884	CONST
0xf5a4S0xfa3S0xfebS0x93e0x884	CONST
0x117cS0xfa3S0xfebS0x93e0x884	GT
0x117dS0xfa3S0xfebS0x93e0x884	ISZERO
0x117eS0xfa3S0xfebS0x93e0x884	CONST
0x1179_0x0S0xfa3S0xfebS0x93e0x884	PHI
0x1164S0xfa3S0xfebS0x93e0x884	LT
0x1165S0xfa3S0xfebS0x93e0x884	ISZERO
0x1166S0xfa3S0xfebS0x93e0x884	CONST
0x1161_0x0S0xfa3S0xfebS0x93e0x884	PHI
0x116cS0xfa3S0xfebS0x93e0x884	ADD
0x116dS0xfa3S0xfebS0x93e0x884	MLOAD
0x1170S0xfa3S0xfebS0x93e0x884	ADD
0x1172S0xfa3S0xfebS0x93e0x884	CONST
0x1174S0xfa3S0xfebS0x93e0x884	ADD
0x1175S0xfa3S0xfebS0x93e0x884	CONST
0x116a_0x0S0xfa3S0xfebS0x93e0x884	PHI
0x1184S0xfa3S0xfebS0x93e0x884	CONST
0x1187S0xfa3S0xfebS0x93e0x884	ADD
0x178S0xdb	CONST
0x17eS0xdb	CONST
0x167S0xdb	CONST
0x169S0xdb	CONST
0x16bS0xdb	CONST
0x16dS0xdb	SHL
0x16eS0xdb	SUB
0x170S0xdb	AND
0x171S0xdb	ADDRESS
0x172S0xdb	EQ
0x173S0xdb	ISZERO
0x174S0xdb	CONST
0x1d7S0xdb	CONST
0x1dfS0xdb	CONST
0x184S0xdb	CONST
0x186S0xdb	CONST
0x188S0xdb	CONST
0x18aS0xdb	SHL
0x18bS0xdb	SUB
0x18cS0xdb	AND
0x18dS0xdb	CALLER
0x18eS0xdb	CONST
0x190S0xdb	CONST
0x192S0xdb	CONST
0x194S0xdb	SHL
0x195S0xdb	SUB
0x196S0xdb	AND
0x197S0xdb	CONST
0x1bbS0xdb	CONST
0x1bdS0xdb	MLOAD
0x1beS0xdb	CONST
0x1c5S0xdb	CONST
0x1caS0xdb	CONST
0x1ccS0xdb	MLOAD
0x1cfS0xdb	SUB
0x1d2S0xdb	CONST
0x83d0x166S0xdb	CALLPRIVATE
0x8340x166S0xdb	CONST
0x83a0x166S0xdb	CONST
0x8300x166S0xdb	SLOAD
0x82e0x166S0xdb	SHA3
0x8270x166S0xdb	AND
0x8250x166S0xdb	SUB
0x8240x166S0xdb	SHL
0x8220x166S0xdb	CONST
0x8200x166S0xdb	CONST
0x81e0x166S0xdb	CONST
0x81d0x166S0xdb	SHA3
0x8190x166S0xdb	CONST
0x8140x166S0xdb	CONST
0x8120x166S0xdb	CONST
0x80d0x166S0xdb	CONST
0x80c0x166S0xdb	CALLER
0x8790x166S0xdb	CALLPRIVATE
0x8700x166S0xdb	CONST
0x8760x166S0xdb	CONST
0x86c0x166S0xdb	SLOAD
0x86a0x166S0xdb	SHA3
0x8620x166S0xdb	AND
0x85f0x166S0xdb	SHA3
0x85b0x166S0xdb	CONST
0x8560x166S0xdb	CONST
0x8540x166S0xdb	CONST
0x84f0x166S0xdb	CONST
0x84e0x166S0xdb	AND
0x84b0x166S0xdb	SUB
0x84a0x166S0xdb	SHL
0x8480x166S0xdb	CONST
0x8460x166S0xdb	CONST
0x8440x166S0xdb	CONST
0x101fS0x182S0xdb	CONST
0x1021S0x182S0xdb	CONST
0x1024S0x182S0xdb	CONST
0x1026S0x182S0xdb	SHL
0x1027S0x182S0xdb	SUB
0x1029S0x182S0xdb	AND
0x102dS0x182S0xdb	CONST
0x1030S0x182S0xdb	ADD
0x1032S0x182S0xdb	CONST
0x1034S0x182S0xdb	CONST
0x1037S0x182S0xdb	ADD
0x1039S0x182S0xdb	CONST
0x103cS0x182S0xdb	CONST
0x103fS0x182S0xdb	ADD
0x1041S0x182S0xdb	CONST
0xfbcS0x101eS0x182S0xdb	CONST
0xfbeS0x101eS0x182S0xdb	ADD
0xfbfS0x101eS0x182S0xdb	CONST
0xfc1S0x101eS0x182S0xdb	NOT
0xfc2S0x101eS0x182S0xdb	AND
0xfc6S0x101eS0x182S0xdb	ADD
0xfc7S0x101eS0x182S0xdb	CONST
0xfc9S0x101eS0x182S0xdb	ADD
0xfa4S0x101eS0x182S0xdb	CONST
0xfa7S0x101eS0x182S0xdb	MLOAD
0xfabS0x101eS0x182S0xdb	CONST
0xfafS0x101eS0x182S0xdb	CONST
0xfb2S0x101eS0x182S0xdb	ADD
0xfb3S0x101eS0x182S0xdb	CONST
0xfb6S0x101eS0x182S0xdb	ADD
0xfb7S0x101eS0x182S0xdb	CONST
0x115fS0xfa3S0x101eS0x182S0xdb	CONST
0xf5a4S0xfa3S0x101eS0x182S0xdb	CONST
0x117cS0xfa3S0x101eS0x182S0xdb	GT
0x117dS0xfa3S0x101eS0x182S0xdb	ISZERO
0x117eS0xfa3S0x101eS0x182S0xdb	CONST
0x1179_0x0S0xfa3S0x101eS0x182S0xdb	PHI
0x1164S0xfa3S0x101eS0x182S0xdb	LT
0x1165S0xfa3S0x101eS0x182S0xdb	ISZERO
0x1166S0xfa3S0x101eS0x182S0xdb	CONST
0x1161_0x0S0xfa3S0x101eS0x182S0xdb	PHI
0x116cS0xfa3S0x101eS0x182S0xdb	ADD
0x116dS0xfa3S0x101eS0x182S0xdb	MLOAD
0x1170S0xfa3S0x101eS0x182S0xdb	ADD
0x1172S0xfa3S0x101eS0x182S0xdb	CONST
0x1174S0xfa3S0x101eS0x182S0xdb	ADD
0x1175S0xfa3S0x101eS0x182S0xdb	CONST
0x116a_0x0S0xfa3S0x101eS0x182S0xdb	PHI
0x1184S0xfa3S0x101eS0x182S0xdb	CONST
0x1187S0xfa3S0x101eS0x182S0xdb	ADD
0xd88S0xf5	CONST
0xd8bS0xf5	CONST
0xd8eS0xf5	CONST
0xd92S0xf5	SUB
0xd93S0xf5	SLT
0xd94S0xf5	ISZERO
0xd95S0xf5	CONST
0xd9eS0xf5	CALLDATALOAD
0xd9fS0xf5	CONST
0xda3S0xf5	CONST
0xdaaS0xf5	CONST
0xdadS0xf5	ADD
0xdaeS0xf5	CALLDATALOAD
0xdafS0xf5	CONST
0xdb3S0xf5	CONST
0xdbaS0xf5	CONST
0xdbdS0xf5	ADD
0xdbeS0xf5	CALLDATALOAD
0xdbfS0xf5	CONST
0xdcaS0xf5	GT
0xdcbS0xf5	ISZERO
0xdccS0xf5	CONST
0xdd4S0xf5	CONST
0xddaS0xf5	ADD
0xddbS0xf5	CONST
0xde2S0xf5	CONST
0xde5S0xf5	ADD
0xde6S0xf5	CALLDATALOAD
0xdebS0xf5	GT
0xdecS0xf5	ISZERO
0xdedS0xf5	CONST
0xdf6S0xf5	CONST
0xdfcS0xf5	ADD
0xdfdS0xf5	CONST
0x11e2S0xd9cS0xf5	CONST
0x11d2S0xd9cS0xf5	CONST
0x11d4S0xd9cS0xf5	CONST
0x11d6S0xd9cS0xf5	CONST
0x11d8S0xd9cS0xf5	SHL
0x11d9S0xd9cS0xf5	SUB
0x11dbS0xd9cS0xf5	AND
0x11ddS0xd9cS0xf5	EQ
0x11deS0xd9cS0xf5	CONST
0x11e2S0xda7S0xf5	CONST
0x11d2S0xda7S0xf5	CONST
0x11d4S0xda7S0xf5	CONST
0x11d6S0xda7S0xf5	CONST
0x11d8S0xda7S0xf5	SHL
0x11d9S0xda7S0xf5	SUB
0x11dbS0xda7S0xf5	AND
0x11ddS0xda7S0xf5	EQ
0x11deS0xda7S0xf5	CONST
0xc9dS0xdf4S0xf5	CONST
0xca0S0xdf4S0xf5	CONST
0xc7bS0xdf4S0xf5	CONST
0xc7eS0xdf4S0xf5	CONST
0xc81S0xdf4S0xf5	ADD
0xc82S0xdf4S0xf5	SLT
0xc83S0xdf4S0xf5	CONST
0xc8cS0xdf4S0xf5	CALLDATALOAD
0xc8dS0xdf4S0xf5	CONST
0xc97S0xdf4S0xf5	GT
0xc98S0xdf4S0xf5	ISZERO
0xc99S0xdf4S0xf5	CONST
0xca5S0xdf4S0xf5	CONST
0xca8S0xdf4S0xf5	CONST
0xcabS0xdf4S0xf5	ADD
0xcacS0xdf4S0xf5	CONST
0xcaeS0xdf4S0xf5	NOT
0xcafS0xdf4S0xf5	AND
0xcb0S0xdf4S0xf5	CONST
0xcb2S0xdf4S0xf5	ADD
0xcb3S0xdf4S0xf5	CONST
0x24a5S0xdf4S0xf5	CONST
0x24aaS0xdf4S0xf5	CONST
0x24acS0xdf4S0xf5	SHL
0x24adS0xdf4S0xf5	CONST
0x24b0S0xdf4S0xf5	CONST
0x24b2S0xdf4S0xf5	CONST
0x24b5S0xdf4S0xf5	CONST
0x24b7S0xdf4S0xf5	CONST
0xcbcS0xdf4S0xf5	CONST
0xcc0S0xdf4S0xf5	ADD
0xcc1S0xdf4S0xf5	ADD
0xcc2S0xdf4S0xf5	GT
0xcc3S0xdf4S0xf5	ISZERO
0xcc4S0xdf4S0xf5	CONST
0xccdS0xdf4S0xf5	CONST
0xcd0S0xdf4S0xf5	ADD
0xcd1S0xdf4S0xf5	CONST
0xcd4S0xdf4S0xf5	ADD
0xcd8S0xdf4S0xf5	ADD
0xcd9S0xdf4S0xf5	CONST
0xcdbS0xdf4S0xf5	ADD
0x10fcS0xca4S0xdf4S0xf5	CONST
0x10ffS0xca4S0xdf4S0xf5	CONST
0x10dbS0xca4S0xdf4S0xf5	CONST
0x10ddS0xca4S0xdf4S0xf5	MLOAD
0x10deS0xca4S0xdf4S0xf5	CONST
0x10e1S0xca4S0xdf4S0xf5	ADD
0x10e2S0xca4S0xdf4S0xf5	CONST
0x10e4S0xca4S0xdf4S0xf5	NOT
0x10e5S0xca4S0xdf4S0xf5	AND
0x10e7S0xca4S0xdf4S0xf5	ADD
0x10e8S0xca4S0xdf4S0xf5	CONST
0x10f2S0xca4S0xdf4S0xf5	GT
0x10f5S0xca4S0xdf4S0xf5	LT
0x10f6S0xca4S0xdf4S0xf5	OR
0x10f7S0xca4S0xdf4S0xf5	ISZERO
0x10f8S0xca4S0xdf4S0xf5	CONST
0x1104S0xca4S0xdf4S0xf5	CONST
0x24daS0xca4S0xdf4S0xf5	CONST
0x24dfS0xca4S0xdf4S0xf5	CONST
0x24e1S0xca4S0xdf4S0xf5	SHL
0x24e2S0xca4S0xdf4S0xf5	CONST
0x24e5S0xca4S0xdf4S0xf5	CONST
0x24e7S0xca4S0xdf4S0xf5	CONST
0x24eaS0xca4S0xdf4S0xf5	CONST
0x24ecS0xca4S0xdf4S0xf5	CONST
0xc3bS0xdd3S0xf5	CONST
0xc40S0xdd3S0xf5	SUB
0xc41S0xdd3S0xf5	SLT
0xc42S0xdd3S0xf5	ISZERO
0xc43S0xdd3S0xf5	CONST
0xc3b_0x1S0xdd3S0xf5	PHI
0xc03S0xdd3S0xf5	CALLDATALOAD
0xc04S0xdd3S0xf5	CONST
0xc06S0xdd3S0xf5	CONST
0xc09S0xdd3S0xf5	CONST
0xc0dS0xdd3S0xf5	CONST
0xc18S0xdd3S0xf5	ADD
0xc1dS0xdd3S0xf5	ADD
0xc21S0xdd3S0xf5	CONST
0xc23S0xdd3S0xf5	SHL
0xc25S0xdd3S0xf5	ADD
0xc26S0xdd3S0xf5	ADD
0xc27S0xdd3S0xf5	GT
0xc28S0xdd3S0xf5	ISZERO
0xc29S0xdd3S0xf5	CONST
0x1edbcS0xdd3S0xf5	CONST
0xd7a4S0xdd3S0xf5	CONST
0xc4bS0xdd3S0xf5	CONST
0xc4fS0xdd3S0xf5	CONST
0xc55S0xdd3S0xf5	CALLDATALOAD
0xc56S0xdd3S0xf5	CONST
0xc5aS0xdd3S0xf5	CONST
0xc53_0x3S0xdd3S0xf5	PHI
0xc63S0xdd3S0xf5	ADD
0xc64S0xdd3S0xf5	CALLDATALOAD
0xc67S0xdd3S0xf5	ADD
0xc6dS0xdd3S0xf5	ADD
0xc71S0xdd3S0xf5	ADD
0xc73S0xdd3S0xf5	CONST
0xc75S0xdd3S0xf5	ADD
0xc76S0xdd3S0xf5	CONST
0xc5e_0x3S0xdd3S0xf5	PHI
0xc5e_0x4S0xdd3S0xf5	PHI
0xc5e_0x6S0xdd3S0xf5	PHI
0xc35S0xdd3S0xf5	LT
0xc36S0xdd3S0xf5	ISZERO
0xc37S0xdd3S0xf5	CONST
0xc32_0x0S0xdd3S0xf5	PHI
0xbf2S0xdd3S0xf5	CONST
0xbf5S0xdd3S0xf5	CONST
0xbf8S0xdd3S0xf5	ADD
0xbf9S0xdd3S0xf5	SLT
0xbfaS0xdd3S0xf5	CONST
0x10fcS0x1edbbS0xdd3S0xf5	CONST
0x10ffS0x1edbbS0xdd3S0xf5	CONST
0x10dbS0x1edbbS0xdd3S0xf5	CONST
0x10ddS0x1edbbS0xdd3S0xf5	MLOAD
0x10deS0x1edbbS0xdd3S0xf5	CONST
0x10e1S0x1edbbS0xdd3S0xf5	ADD
0x10e2S0x1edbbS0xdd3S0xf5	CONST
0x10e4S0x1edbbS0xdd3S0xf5	NOT
0x10e5S0x1edbbS0xdd3S0xf5	AND
0x10e7S0x1edbbS0xdd3S0xf5	ADD
0x10e8S0x1edbbS0xdd3S0xf5	CONST
0x10f2S0x1edbbS0xdd3S0xf5	GT
0x10f5S0x1edbbS0xdd3S0xf5	LT
0x10f6S0x1edbbS0xdd3S0xf5	OR
0x10f7S0x1edbbS0xdd3S0xf5	ISZERO
0x10f8S0x1edbbS0xdd3S0xf5	CONST
0x1104S0x1edbbS0xdd3S0xf5	CONST
0x24daS0x1edbbS0xdd3S0xf5	CONST
0x24dfS0x1edbbS0xdd3S0xf5	CONST
0x24e1S0x1edbbS0xdd3S0xf5	SHL
0x24e2S0x1edbbS0xdd3S0xf5	CONST
0x24e5S0x1edbbS0xdd3S0xf5	CONST
0x24e7S0x1edbbS0xdd3S0xf5	CONST
0x24eaS0x1edbbS0xdd3S0xf5	CONST
0x24ecS0x1edbbS0xdd3S0xf5	CONST
0x10fcS0xc4aS0xdd3S0xf5	CONST
0x10ffS0xc4aS0xdd3S0xf5	CONST
0x10dbS0xc4aS0xdd3S0xf5	CONST
0x10ddS0xc4aS0xdd3S0xf5	MLOAD
0x10deS0xc4aS0xdd3S0xf5	CONST
0x10e1S0xc4aS0xdd3S0xf5	ADD
0x10e2S0xc4aS0xdd3S0xf5	CONST
0x10e4S0xc4aS0xdd3S0xf5	NOT
0x10e5S0xc4aS0xdd3S0xf5	AND
0x10e7S0xc4aS0xdd3S0xf5	ADD
0x10e8S0xc4aS0xdd3S0xf5	CONST
0x10f2S0xc4aS0xdd3S0xf5	GT
0x10f5S0xc4aS0xdd3S0xf5	LT
0x10f6S0xc4aS0xdd3S0xf5	OR
0x10f7S0xc4aS0xdd3S0xf5	ISZERO
0x10f8S0xc4aS0xdd3S0xf5	CONST
0x1104S0xc4aS0xdd3S0xf5	CONST
0x24daS0xc4aS0xdd3S0xf5	CONST
0x24dfS0xc4aS0xdd3S0xf5	CONST
0x24e1S0xc4aS0xdd3S0xf5	SHL
0x24e2S0xc4aS0xdd3S0xf5	CONST
0x24e5S0xc4aS0xdd3S0xf5	CONST
0x24e7S0xc4aS0xdd3S0xf5	CONST
0x24eaS0xc4aS0xdd3S0xf5	CONST
0x24ecS0xc4aS0xdd3S0xf5	CONST
0x11e2S0xc53S0xdd3S0xf5	CONST
0x11d2S0xc53S0xdd3S0xf5	CONST
0x11d4S0xc53S0xdd3S0xf5	CONST
0x11d6S0xc53S0xdd3S0xf5	CONST
0x11d8S0xc53S0xdd3S0xf5	SHL
0x11d9S0xc53S0xdd3S0xf5	SUB
0x11dbS0xc53S0xdd3S0xf5	AND
0x11ddS0xc53S0xdd3S0xf5	EQ
0x11deS0xc53S0xdd3S0xf5	CONST
0x111eS0xc01S0xdd3S0xf5	CONST
0x1121S0xc01S0xdd3S0xf5	CONST
0x110cS0xc01S0xdd3S0xf5	CONST
0x110eS0xc01S0xdd3S0xf5	CONST
0x1118S0xc01S0xdd3S0xf5	GT
0x1119S0xc01S0xdd3S0xf5	ISZERO
0x111aS0xc01S0xdd3S0xf5	CONST
0x1127S0xc01S0xdd3S0xf5	CONST
0x1129S0xc01S0xdd3S0xf5	SHL
0x112aS0xc01S0xdd3S0xf5	CONST
0x112cS0xc01S0xdd3S0xf5	ADD
0x250fS0xc01S0xdd3S0xf5	CONST
0x2514S0xc01S0xdd3S0xf5	CONST
0x2516S0xc01S0xdd3S0xf5	SHL
0x2517S0xc01S0xdd3S0xf5	CONST
0x251aS0xc01S0xdd3S0xf5	CONST
0x251cS0xc01S0xdd3S0xf5	CONST
0x251fS0xc01S0xdd3S0xf5	CONST
0x2521S0xc01S0xdd3S0xf5	CONST
0xe7fS0x108	CONST
0xe82S0x108	CONST
0xe84S0x108	CONST
0xe88S0x108	SUB
0xe89S0x108	SLT
0xe8aS0x108	ISZERO
0xe8bS0x108	CONST
0xe94S0x108	CALLDATALOAD
0xe95S0x108	CONST
0xea0S0x108	GT
0xea1S0x108	ISZERO
0xea2S0x108	CONST
0xeacS0x108	ADD
0xeb0S0x108	CONST
0xeb3S0x108	ADD
0xeb4S0x108	SLT
0xeb5S0x108	CONST
0xebeS0x108	CALLDATALOAD
0xebfS0x108	CONST
0xec1S0x108	CONST
0xec4S0x108	CONST
0xec8S0x108	CONST
0xed3S0x108	ADD
0xed8S0x108	ADD
0xedcS0x108	CONST
0xedeS0x108	SHL
0xee0S0x108	ADD
0xee1S0x108	ADD
0xee2S0x108	GT
0xee3S0x108	ISZERO
0xee4S0x108	CONST
0x1ee62S0x108	CONST
0xe1a4S0x108	CONST
0xf1cS0x108	ADD
0xf1dS0x108	CALLDATALOAD
0xf23S0x108	GT
0xf24S0x108	ISZERO
0xf25S0x108	CONST
0xf05S0x108	CONST
0xf0aS0x108	ADD
0xf0eS0x108	ADD
0xf11S0x108	ADD
0xf12S0x108	CONST
0xf02_0x1S0x108	PHI
0xf02_0x3S0x108	PHI
0xf02_0x7S0x108	PHI
0xef2S0x108	LT
0xef3S0x108	ISZERO
0xef4S0x108	CONST
0xeef_0x6S0x108	PHI
0xf2dS0x108	CONST
0xf33S0x108	ADD
0xf34S0x108	CONST
0xf3bS0x108	CONST
0xf3eS0x108	ADD
0xf3fS0x108	CALLDATALOAD
0xf44S0x108	GT
0xf45S0x108	ISZERO
0xf46S0x108	CONST
0xf4fS0x108	CONST
0xf55S0x108	ADD
0xf56S0x108	CONST
0xef9S0x108	CALLDATALOAD
0xefaS0x108	CONST
0xefeS0x108	CONST
0xef8_0x0S0x108	PHI
0x10fcS0x1ee61S0x108	CONST
0x10ffS0x1ee61S0x108	CONST
0x10dbS0x1ee61S0x108	CONST
0x10ddS0x1ee61S0x108	MLOAD
0x10deS0x1ee61S0x108	CONST
0x10e1S0x1ee61S0x108	ADD
0x10e2S0x1ee61S0x108	CONST
0x10e4S0x1ee61S0x108	NOT
0x10e5S0x1ee61S0x108	AND
0x10e7S0x1ee61S0x108	ADD
0x10e8S0x1ee61S0x108	CONST
0x10f2S0x1ee61S0x108	GT
0x10f5S0x1ee61S0x108	LT
0x10f6S0x1ee61S0x108	OR
0x10f7S0x1ee61S0x108	ISZERO
0x10f8S0x1ee61S0x108	CONST
0x1104S0x1ee61S0x108	CONST
0x24daS0x1ee61S0x108	CONST
0x24dfS0x1ee61S0x108	CONST
0x24e1S0x1ee61S0x108	SHL
0x24e2S0x1ee61S0x108	CONST
0x24e5S0x1ee61S0x108	CONST
0x24e7S0x1ee61S0x108	CONST
0x24eaS0x1ee61S0x108	CONST
0x24ecS0x1ee61S0x108	CONST
0x11e2S0xef8S0x108	CONST
0x11d2S0xef8S0x108	CONST
0x11d4S0xef8S0x108	CONST
0x11d6S0xef8S0x108	CONST
0x11d8S0xef8S0x108	SHL
0x11d9S0xef8S0x108	SUB
0x11dbS0xef8S0x108	AND
0x11ddS0xef8S0x108	EQ
0x11deS0xef8S0x108	CONST
0x111eS0xebcS0x108	CONST
0x1121S0xebcS0x108	CONST
0x110cS0xebcS0x108	CONST
0x110eS0xebcS0x108	CONST
0x1118S0xebcS0x108	GT
0x1119S0xebcS0x108	ISZERO
0x111aS0xebcS0x108	CONST
0x1127S0xebcS0x108	CONST
0x1129S0xebcS0x108	SHL
0x112aS0xebcS0x108	CONST
0x112cS0xebcS0x108	ADD
0x250fS0xebcS0x108	CONST
0x2514S0xebcS0x108	CONST
0x2516S0xebcS0x108	SHL
0x2517S0xebcS0x108	CONST
0x251aS0xebcS0x108	CONST
0x251cS0xebcS0x108	CONST
0x251fS0xebcS0x108	CONST
0x2521S0xebcS0x108	CONST
0xc3bS0xf2cS0x108	CONST
0xc40S0xf2cS0x108	SUB
0xc41S0xf2cS0x108	SLT
0xc42S0xf2cS0x108	ISZERO
0xc43S0xf2cS0x108	CONST
0xc3b_0x1S0xf2cS0x108	PHI
0xc03S0xf2cS0x108	CALLDATALOAD
0xc04S0xf2cS0x108	CONST
0xc06S0xf2cS0x108	CONST
0xc09S0xf2cS0x108	CONST
0xc0dS0xf2cS0x108	CONST
0xc18S0xf2cS0x108	ADD
0xc1dS0xf2cS0x108	ADD
0xc21S0xf2cS0x108	CONST
0xc23S0xf2cS0x108	SHL
0xc25S0xf2cS0x108	ADD
0xc26S0xf2cS0x108	ADD
0xc27S0xf2cS0x108	GT
0xc28S0xf2cS0x108	ISZERO
0xc29S0xf2cS0x108	CONST
0x1edbcS0xf2cS0x108	CONST
0xd7a4S0xf2cS0x108	CONST
0xc4bS0xf2cS0x108	CONST
0xc4fS0xf2cS0x108	CONST
0xc55S0xf2cS0x108	CALLDATALOAD
0xc56S0xf2cS0x108	CONST
0xc5aS0xf2cS0x108	CONST
0xc53_0x3S0xf2cS0x108	PHI
0xc63S0xf2cS0x108	ADD
0xc64S0xf2cS0x108	CALLDATALOAD
0xc67S0xf2cS0x108	ADD
0xc6dS0xf2cS0x108	ADD
0xc71S0xf2cS0x108	ADD
0xc73S0xf2cS0x108	CONST
0xc75S0xf2cS0x108	ADD
0xc76S0xf2cS0x108	CONST
0xc5e_0x3S0xf2cS0x108	PHI
0xc5e_0x4S0xf2cS0x108	PHI
0xc5e_0x6S0xf2cS0x108	PHI
0xc35S0xf2cS0x108	LT
0xc36S0xf2cS0x108	ISZERO
0xc37S0xf2cS0x108	CONST
0xc32_0x0S0xf2cS0x108	PHI
0xbf2S0xf2cS0x108	CONST
0xbf5S0xf2cS0x108	CONST
0xbf8S0xf2cS0x108	ADD
0xbf9S0xf2cS0x108	SLT
0xbfaS0xf2cS0x108	CONST
0x10fcS0x1edbbS0xf2cS0x108	CONST
0x10ffS0x1edbbS0xf2cS0x108	CONST
0x10dbS0x1edbbS0xf2cS0x108	CONST
0x10ddS0x1edbbS0xf2cS0x108	MLOAD
0x10deS0x1edbbS0xf2cS0x108	CONST
0x10e1S0x1edbbS0xf2cS0x108	ADD
0x10e2S0x1edbbS0xf2cS0x108	CONST
0x10e4S0x1edbbS0xf2cS0x108	NOT
0x10e5S0x1edbbS0xf2cS0x108	AND
0x10e7S0x1edbbS0xf2cS0x108	ADD
0x10e8S0x1edbbS0xf2cS0x108	CONST
0x10f2S0x1edbbS0xf2cS0x108	GT
0x10f5S0x1edbbS0xf2cS0x108	LT
0x10f6S0x1edbbS0xf2cS0x108	OR
0x10f7S0x1edbbS0xf2cS0x108	ISZERO
0x10f8S0x1edbbS0xf2cS0x108	CONST
0x1104S0x1edbbS0xf2cS0x108	CONST
0x24daS0x1edbbS0xf2cS0x108	CONST
0x24dfS0x1edbbS0xf2cS0x108	CONST
0x24e1S0x1edbbS0xf2cS0x108	SHL
0x24e2S0x1edbbS0xf2cS0x108	CONST
0x24e5S0x1edbbS0xf2cS0x108	CONST
0x24e7S0x1edbbS0xf2cS0x108	CONST
0x24eaS0x1edbbS0xf2cS0x108	CONST
0x24ecS0x1edbbS0xf2cS0x108	CONST
0x10fcS0xc4aS0xf2cS0x108	CONST
0x10ffS0xc4aS0xf2cS0x108	CONST
0x10dbS0xc4aS0xf2cS0x108	CONST
0x10ddS0xc4aS0xf2cS0x108	MLOAD
0x10deS0xc4aS0xf2cS0x108	CONST
0x10e1S0xc4aS0xf2cS0x108	ADD
0x10e2S0xc4aS0xf2cS0x108	CONST
0x10e4S0xc4aS0xf2cS0x108	NOT
0x10e5S0xc4aS0xf2cS0x108	AND
0x10e7S0xc4aS0xf2cS0x108	ADD
0x10e8S0xc4aS0xf2cS0x108	CONST
0x10f2S0xc4aS0xf2cS0x108	GT
0x10f5S0xc4aS0xf2cS0x108	LT
0x10f6S0xc4aS0xf2cS0x108	OR
0x10f7S0xc4aS0xf2cS0x108	ISZERO
0x10f8S0xc4aS0xf2cS0x108	CONST
0x1104S0xc4aS0xf2cS0x108	CONST
0x24daS0xc4aS0xf2cS0x108	CONST
0x24dfS0xc4aS0xf2cS0x108	CONST
0x24e1S0xc4aS0xf2cS0x108	SHL
0x24e2S0xc4aS0xf2cS0x108	CONST
0x24e5S0xc4aS0xf2cS0x108	CONST
0x24e7S0xc4aS0xf2cS0x108	CONST
0x24eaS0xc4aS0xf2cS0x108	CONST
0x24ecS0xc4aS0xf2cS0x108	CONST
0x11e2S0xc53S0xf2cS0x108	CONST
0x11d2S0xc53S0xf2cS0x108	CONST
0x11d4S0xc53S0xf2cS0x108	CONST
0x11d6S0xc53S0xf2cS0x108	CONST
0x11d8S0xc53S0xf2cS0x108	SHL
0x11d9S0xc53S0xf2cS0x108	SUB
0x11dbS0xc53S0xf2cS0x108	AND
0x11ddS0xc53S0xf2cS0x108	EQ
0x11deS0xc53S0xf2cS0x108	CONST
0x111eS0xc01S0xf2cS0x108	CONST
0x1121S0xc01S0xf2cS0x108	CONST
0x110cS0xc01S0xf2cS0x108	CONST
0x110eS0xc01S0xf2cS0x108	CONST
0x1118S0xc01S0xf2cS0x108	GT
0x1119S0xc01S0xf2cS0x108	ISZERO
0x111aS0xc01S0xf2cS0x108	CONST
0x1127S0xc01S0xf2cS0x108	CONST
0x1129S0xc01S0xf2cS0x108	SHL
0x112aS0xc01S0xf2cS0x108	CONST
0x112cS0xc01S0xf2cS0x108	ADD
0x250fS0xc01S0xf2cS0x108	CONST
0x2514S0xc01S0xf2cS0x108	CONST
0x2516S0xc01S0xf2cS0x108	SHL
0x2517S0xc01S0xf2cS0x108	CONST
0x251aS0xc01S0xf2cS0x108	CONST
0x251cS0xc01S0xf2cS0x108	CONST
0x251fS0xc01S0xf2cS0x108	CONST
0x2521S0xc01S0xf2cS0x108	CONST
0xbc4S0xf4dS0x108	CONST
0xbcaS0xf4dS0x108	CALLDATALOAD
0xbccS0xf4dS0x108	ADD
0xbcdS0xf4dS0x108	ADD
0xbceS0xf4dS0x108	CONST
0xbc4_0x1S0xf4dS0x108	PHI
0xb9cS0xf4dS0x108	CALLDATALOAD
0xb9dS0xf4dS0x108	CONST
0xb9fS0xf4dS0x108	CONST
0xba2S0xf4dS0x108	CONST
0xba6S0xf4dS0x108	CONST
0xbb5S0xf4dS0x108	ADD
0xbb9S0xf4dS0x108	ADD
0xcda4S0xf4dS0x108	CONST
0x1ed6cS0xf4dS0x108	CONST
0xbd7S0xf4dS0x108	ADD
0xbdbS0xf4dS0x108	ADD
0xbddS0xf4dS0x108	CONST
0xbdfS0xf4dS0x108	ADD
0xbe0S0xf4dS0x108	CONST
0xbd2_0x1S0xf4dS0x108	PHI
0xbd2_0x2S0xf4dS0x108	PHI
0xbd2_0x4S0xf4dS0x108	PHI
0xbbeS0xf4dS0x108	LT
0xbbfS0xf4dS0x108	ISZERO
0xbc0S0xf4dS0x108	CONST
0xbbb_0x0S0xf4dS0x108	PHI
0xb8bS0xf4dS0x108	CONST
0xb8eS0xf4dS0x108	CONST
0xb91S0xf4dS0x108	ADD
0xb92S0xf4dS0x108	SLT
0xb93S0xf4dS0x108	CONST
0x10fcS0x1ed6bS0xf4dS0x108	CONST
0x10ffS0x1ed6bS0xf4dS0x108	CONST
0x10dbS0x1ed6bS0xf4dS0x108	CONST
0x10ddS0x1ed6bS0xf4dS0x108	MLOAD
0x10deS0x1ed6bS0xf4dS0x108	CONST
0x10e1S0x1ed6bS0xf4dS0x108	ADD
0x10e2S0x1ed6bS0xf4dS0x108	CONST
0x10e4S0x1ed6bS0xf4dS0x108	NOT
0x10e5S0x1ed6bS0xf4dS0x108	AND
0x10e7S0x1ed6bS0xf4dS0x108	ADD
0x10e8S0x1ed6bS0xf4dS0x108	CONST
0x10f2S0x1ed6bS0xf4dS0x108	GT
0x10f5S0x1ed6bS0xf4dS0x108	LT
0x10f6S0x1ed6bS0xf4dS0x108	OR
0x10f7S0x1ed6bS0xf4dS0x108	ISZERO
0x10f8S0x1ed6bS0xf4dS0x108	CONST
0x1104S0x1ed6bS0xf4dS0x108	CONST
0x24daS0x1ed6bS0xf4dS0x108	CONST
0x24dfS0x1ed6bS0xf4dS0x108	CONST
0x24e1S0x1ed6bS0xf4dS0x108	SHL
0x24e2S0x1ed6bS0xf4dS0x108	CONST
0x24e5S0x1ed6bS0xf4dS0x108	CONST
0x24e7S0x1ed6bS0xf4dS0x108	CONST
0x24eaS0x1ed6bS0xf4dS0x108	CONST
0x24ecS0x1ed6bS0xf4dS0x108	CONST
0xc9dS0xbc4S0xf4dS0x108	CONST
0xca0S0xbc4S0xf4dS0x108	CONST
0xc7bS0xbc4S0xf4dS0x108	CONST
0xc7eS0xbc4S0xf4dS0x108	CONST
0xc81S0xbc4S0xf4dS0x108	ADD
0xc82S0xbc4S0xf4dS0x108	SLT
0xc83S0xbc4S0xf4dS0x108	CONST
0xc8cS0xbc4S0xf4dS0x108	CALLDATALOAD
0xc8dS0xbc4S0xf4dS0x108	CONST
0xc97S0xbc4S0xf4dS0x108	GT
0xc98S0xbc4S0xf4dS0x108	ISZERO
0xc99S0xbc4S0xf4dS0x108	CONST
0xca5S0xbc4S0xf4dS0x108	CONST
0xca8S0xbc4S0xf4dS0x108	CONST
0xcabS0xbc4S0xf4dS0x108	ADD
0xcacS0xbc4S0xf4dS0x108	CONST
0xcaeS0xbc4S0xf4dS0x108	NOT
0xcafS0xbc4S0xf4dS0x108	AND
0xcb0S0xbc4S0xf4dS0x108	CONST
0xcb2S0xbc4S0xf4dS0x108	ADD
0xcb3S0xbc4S0xf4dS0x108	CONST
0x24a5S0xbc4S0xf4dS0x108	CONST
0x24aaS0xbc4S0xf4dS0x108	CONST
0x24acS0xbc4S0xf4dS0x108	SHL
0x24adS0xbc4S0xf4dS0x108	CONST
0x24b0S0xbc4S0xf4dS0x108	CONST
0x24b2S0xbc4S0xf4dS0x108	CONST
0x24b5S0xbc4S0xf4dS0x108	CONST
0x24b7S0xbc4S0xf4dS0x108	CONST
0xcbcS0xbc4S0xf4dS0x108	CONST
0xcc0S0xbc4S0xf4dS0x108	ADD
0xcc1S0xbc4S0xf4dS0x108	ADD
0xcc2S0xbc4S0xf4dS0x108	GT
0xcc3S0xbc4S0xf4dS0x108	ISZERO
0xcc4S0xbc4S0xf4dS0x108	CONST
0xccdS0xbc4S0xf4dS0x108	CONST
0xcd0S0xbc4S0xf4dS0x108	ADD
0xcd1S0xbc4S0xf4dS0x108	CONST
0xcd4S0xbc4S0xf4dS0x108	ADD
0xcd8S0xbc4S0xf4dS0x108	ADD
0xcd9S0xbc4S0xf4dS0x108	CONST
0xcdbS0xbc4S0xf4dS0x108	ADD
0x10fcS0xca4S0xbc4S0xf4dS0x108	CONST
0x10ffS0xca4S0xbc4S0xf4dS0x108	CONST
0x10dbS0xca4S0xbc4S0xf4dS0x108	CONST
0x10ddS0xca4S0xbc4S0xf4dS0x108	MLOAD
0x10deS0xca4S0xbc4S0xf4dS0x108	CONST
0x10e1S0xca4S0xbc4S0xf4dS0x108	ADD
0x10e2S0xca4S0xbc4S0xf4dS0x108	CONST
0x10e4S0xca4S0xbc4S0xf4dS0x108	NOT
0x10e5S0xca4S0xbc4S0xf4dS0x108	AND
0x10e7S0xca4S0xbc4S0xf4dS0x108	ADD
0x10e8S0xca4S0xbc4S0xf4dS0x108	CONST
0x10f2S0xca4S0xbc4S0xf4dS0x108	GT
0x10f5S0xca4S0xbc4S0xf4dS0x108	LT
0x10f6S0xca4S0xbc4S0xf4dS0x108	OR
0x10f7S0xca4S0xbc4S0xf4dS0x108	ISZERO
0x10f8S0xca4S0xbc4S0xf4dS0x108	CONST
0x1104S0xca4S0xbc4S0xf4dS0x108	CONST
0x24daS0xca4S0xbc4S0xf4dS0x108	CONST
0x24dfS0xca4S0xbc4S0xf4dS0x108	CONST
0x24e1S0xca4S0xbc4S0xf4dS0x108	SHL
0x24e2S0xca4S0xbc4S0xf4dS0x108	CONST
0x24e5S0xca4S0xbc4S0xf4dS0x108	CONST
0x24e7S0xca4S0xbc4S0xf4dS0x108	CONST
0x24eaS0xca4S0xbc4S0xf4dS0x108	CONST
0x24ecS0xca4S0xbc4S0xf4dS0x108	CONST
0x111eS0xb9aS0xf4dS0x108	CONST
0x1121S0xb9aS0xf4dS0x108	CONST
0x110cS0xb9aS0xf4dS0x108	CONST
0x110eS0xb9aS0xf4dS0x108	CONST
0x1118S0xb9aS0xf4dS0x108	GT
0x1119S0xb9aS0xf4dS0x108	ISZERO
0x111aS0xb9aS0xf4dS0x108	CONST
0x1127S0xb9aS0xf4dS0x108	CONST
0x1129S0xb9aS0xf4dS0x108	SHL
0x112aS0xb9aS0xf4dS0x108	CONST
0x112cS0xb9aS0xf4dS0x108	ADD
0x250fS0xb9aS0xf4dS0x108	CONST
0x2514S0xb9aS0xf4dS0x108	CONST
0x2516S0xb9aS0xf4dS0x108	SHL
0x2517S0xb9aS0xf4dS0x108	CONST
0x251aS0xb9aS0xf4dS0x108	CONST
0x251cS0xb9aS0xf4dS0x108	CONST
0x251fS0xb9aS0xf4dS0x108	CONST
0x2521S0xb9aS0xf4dS0x108	CONST
0x404S0x103	CONST
0x73a4S0x103	CONST
0x410S0x103	CONST
0x417S0x103	MLOAD
0x419S0x103	LT
0x41aS0x103	CONST
0x410_0x0S0x103	PHI
0x41eS0x103	CONST
0x423S0x103	CONST
0x425S0x103	SHL
0x426S0x103	CONST
0x429S0x103	CONST
0x42bS0x103	CONST
0x42eS0x103	CONST
0x430S0x103	CONST
0x44aS0x103	CONST
0x44fS0x103	CONST
0x451S0x103	SHL
0x452S0x103	CONST
0x455S0x103	CONST
0x457S0x103	CONST
0x45aS0x103	CONST
0x45cS0x103	CONST
0x4e2S0x103	CONST
0x4eaS0x103	MLOAD
0x4ecS0x103	LT
0x4edS0x103	CONST
0x4e2_0x0S0x103	PHI
0x4f1S0x103	CONST
0x4f6S0x103	CONST
0x4f8S0x103	SHL
0x4f9S0x103	CONST
0x4fcS0x103	CONST
0x4feS0x103	CONST
0x501S0x103	CONST
0x503S0x103	CONST
0x51dS0x103	CONST
0x522S0x103	CONST
0x524S0x103	SHL
0x525S0x103	CONST
0x528S0x103	CONST
0x52aS0x103	CONST
0x52dS0x103	CONST
0x52fS0x103	CONST
0x580S0x103	CONST
0x582S0x103	MLOAD
0x585S0x103	CONST
0x587S0x103	NOT
0x588S0x103	CONST
0x58aS0x103	RETURNDATASIZE
0x58bS0x103	ADD
0x58cS0x103	AND
0x58eS0x103	ADD
0x58fS0x103	CONST
0x592S0x103	RETURNDATASIZE
0x595S0x103	RETURNDATASIZE
0x596S0x103	CONST
0x598S0x103	CONST
0x59bS0x103	ADD
0x59dS0x103	CONST
0x99c0x3f2S0x103	CONST
0x99b0x3f2S0x103	RETURNDATASIZE
0x9970x3f2S0x103	CONST
0x9960x3f2S0x103	RETURNDATASIZE
0x9870x3f2S0x103	CONST
0x9170x3f2S0x103	CONST
0x9160x3f2S0x103	RETURNDATASIZE
0x9120x3f2S0x103	CONST
0x9110x3f2S0x103	RETURNDATASIZE
0x9020x3f2S0x103	CONST
0x3f3S0x103	CONST
0x3f5S0x103	CONST
0x3f7S0x103	CONST
0x3f9S0x103	SHL
0x3faS0x103	SUB
0x3fcS0x103	AND
0x3fdS0x103	ADDRESS
0x3feS0x103	EQ
0x3ffS0x103	ISZERO
0x400S0x103	CONST
0x4d6S0x103	CONST
0x7da4S0x103	CONST
0x485S0x103	CONST
0x487S0x103	CONST
0x489S0x103	CONST
0x48bS0x103	SHL
0x48cS0x103	SUB
0x48dS0x103	AND
0x48eS0x103	CALLER
0x48fS0x103	CONST
0x491S0x103	CONST
0x493S0x103	CONST
0x495S0x103	SHL
0x496S0x103	SUB
0x497S0x103	AND
0x498S0x103	CONST
0x4bbS0x103	CONST
0x4bdS0x103	MLOAD
0x4beS0x103	CONST
0x4c4S0x103	CONST
0x472S0x103	CONST
0x476S0x103	CONST
0x479S0x103	CALLPRIVATE
0x470_0x0S0x103	PHI
0x434S0x103	CONST
0x436S0x103	MUL
0x437S0x103	CONST
0x439S0x103	ADD
0x43aS0x103	ADD
0x43bS0x103	MLOAD
0x43cS0x103	CONST
0x43eS0x103	ADD
0x43fS0x103	MLOAD
0x443S0x103	MLOAD
0x445S0x103	LT
0x446S0x103	CONST
0x433_0x0S0x103	PHI
0x433_0x4S0x103	PHI
0x460S0x103	CONST
0x462S0x103	MUL
0x463S0x103	CONST
0x465S0x103	ADD
0x466S0x103	ADD
0x467S0x103	MLOAD
0x468S0x103	CONST
0x46aS0x103	ADD
0x46bS0x103	MLOAD
0x46cS0x103	CONST
0x45f_0x0S0x103	PHI
0x47eS0x103	CONST
0x408S0x103	MLOAD
0x40aS0x103	LT
0x40bS0x103	ISZERO
0x40cS0x103	CONST
0x406_0x0S0x103	PHI
0x4c9S0x103	CONST
0x4cbS0x103	MLOAD
0x4ceS0x103	SUB
0x4d1S0x103	CONST
0x559S0x103	CONST
0x55bS0x103	MLOAD
0x55cS0x103	CONST
0x55eS0x103	CONST
0x560S0x103	CONST
0x562S0x103	SHL
0x563S0x103	SUB
0x565S0x103	AND
0x567S0x103	CALLVALUE
0x569S0x103	CONST
0x570S0x103	GAS
0x571S0x103	CALL
0x576S0x103	RETURNDATASIZE
0x578S0x103	CONST
0x57bS0x103	EQ
0x57cS0x103	CONST
0x87a4S0x103	CONST
0x546S0x103	CONST
0x54aS0x103	CONST
0x54dS0x103	CALLPRIVATE
0x544_0x0S0x103	PHI
0x507S0x103	CONST
0x509S0x103	MUL
0x50aS0x103	CONST
0x50cS0x103	ADD
0x50dS0x103	ADD
0x50eS0x103	MLOAD
0x50fS0x103	CONST
0x511S0x103	ADD
0x512S0x103	MLOAD
0x516S0x103	MLOAD
0x518S0x103	LT
0x519S0x103	CONST
0x506_0x0S0x103	PHI
0x506_0x5S0x103	PHI
0x533S0x103	CONST
0x535S0x103	MUL
0x536S0x103	CONST
0x538S0x103	ADD
0x539S0x103	ADD
0x53aS0x103	MLOAD
0x53bS0x103	CONST
0x53dS0x103	ADD
0x53eS0x103	MLOAD
0x540S0x103	CONST
0x532_0x0S0x103	PHI
0x552S0x103	CONST
0x4daS0x103	MLOAD
0x4dcS0x103	LT
0x4ddS0x103	ISZERO
0x4deS0x103	CONST
0x4d8_0x0S0x103	PHI
0x5a2S0x103	CONST
0x91a4S0x103	CONST
0x83d0x3f2S0x103	CALLPRIVATE
0x8340x3f2S0x103	CONST
0x83a0x3f2S0x103	CONST
0x8300x3f2S0x103	SLOAD
0x82e0x3f2S0x103	SHA3
0x8270x3f2S0x103	AND
0x8250x3f2S0x103	SUB
0x8240x3f2S0x103	SHL
0x8220x3f2S0x103	CONST
0x8200x3f2S0x103	CONST
0x81e0x3f2S0x103	CONST
0x81d0x3f2S0x103	SHA3
0x8190x3f2S0x103	CONST
0x8140x3f2S0x103	CONST
0x8120x3f2S0x103	CONST
0x80d0x3f2S0x103	CONST
0x80c0x3f2S0x103	CALLER
0x8790x3f2S0x103	CALLPRIVATE
0x8700x3f2S0x103	CONST
0x8760x3f2S0x103	CONST
0x86c0x3f2S0x103	SLOAD
0x86a0x3f2S0x103	SHA3
0x8620x3f2S0x103	AND
0x85f0x3f2S0x103	SHA3
0x85b0x3f2S0x103	CONST
0x8560x3f2S0x103	CONST
0x8540x3f2S0x103	CONST
0x84f0x3f2S0x103	CONST
0x84e0x3f2S0x103	AND
0x84b0x3f2S0x103	SUB
0x84a0x3f2S0x103	SHL
0x8480x3f2S0x103	CONST
0x8460x3f2S0x103	CONST
0x8440x3f2S0x103	CONST
0x8b60x3f2S0x103	CALLPRIVATE
0x8ad0x3f2S0x103	CONST
0x8b30x3f2S0x103	CONST
0x8a90x3f2S0x103	SLOAD
0x8a70x3f2S0x103	SHA3
0x8a00x3f2S0x103	AND
0x89e0x3f2S0x103	SUB
0x89d0x3f2S0x103	SHL
0x89b0x3f2S0x103	CONST
0x8990x3f2S0x103	CONST
0x8970x3f2S0x103	CONST
0x8960x3f2S0x103	SHA3
0x8920x3f2S0x103	CONST
0x88d0x3f2S0x103	CONST
0x88b0x3f2S0x103	CONST
0x8860x3f2S0x103	CONST
0x8850x3f2S0x103	CALLER
0x9920x3f2S0x103	CONST
0x9910x3f2S0x103	ISZERO
0x98f0x3f2S0x103	ISZERO
0x98e0x3f2S0x103	CALL
0x98d0x3f2S0x103	GAS
0x9830x3f2S0x103	CONST
0x9820x3f2S0x103	ISZERO
0x9800x3f2S0x103	ISZERO
0x97f0x3f2S0x103	EXTCODESIZE
0x97b0x3f2S0x103	CONST
0x9790x3f2S0x103	SUB
0x9760x3f2S0x103	MLOAD
0x9740x3f2S0x103	CONST
0x9720x3f2S0x103	CONST
0x95e0x3f2S0x103	CONST
0x96d0x3f2S0x103	CONST
0x96c0x3f2S0x103	ADD
0x96a0x3f2S0x103	CONST
0x9580x3f2S0x103	CONST
0x9560x3f2S0x103	AND
0x9540x3f2S0x103	SUB
0x9530x3f2S0x103	SHL
0x9510x3f2S0x103	CONST
0x94f0x3f2S0x103	CONST
0x94d0x3f2S0x103	CONST
0x94a0x3f2S0x103	SHL
0x9480x3f2S0x103	CONST
0x9430x3f2S0x103	CONST
0x9420x3f2S0x103	MLOAD
0x9400x3f2S0x103	CONST
0x9350x3f2S0x103	CONST
0x93a0x3f2S0x103	CONST
0x9330x3f2S0x103	ADD
0x92e0x3f2S0x103	CONST
0x92c0x3f2S0x103	ADD
0x92a0x3f2S0x103	AND
0x9290x3f2S0x103	ADD
0x9260x3f2S0x103	CONST
0x9250x3f2S0x103	NOT
0x9230x3f2S0x103	CONST
0x9220x3f2S0x103	RETURNDATASIZE
0x9210x3f2S0x103	MLOAD
0x91f0x3f2S0x103	CONST
0x90d0x3f2S0x103	CONST
0x90c0x3f2S0x103	ISZERO
0x90a0x3f2S0x103	ISZERO
0x9090x3f2S0x103	CALL
0x9080x3f2S0x103	GAS
0x8fe0x3f2S0x103	CONST
0x8fd0x3f2S0x103	ISZERO
0x8fb0x3f2S0x103	ISZERO
0x8fa0x3f2S0x103	EXTCODESIZE
0x8f60x3f2S0x103	CONST
0x8f40x3f2S0x103	SUB
0x8f10x3f2S0x103	MLOAD
0x8ef0x3f2S0x103	CONST
0x8ed0x3f2S0x103	CONST
0x8ec0x3f2S0x103	ADD
0x8ea0x3f2S0x103	CONST
0x8e40x3f2S0x103	CONST
0x8e20x3f2S0x103	AND
0x8dd0x3f2S0x103	ADD
0x8da0x3f2S0x103	CONST
0x8d80x3f2S0x103	ADD
0x8d50x3f2S0x103	CONST
0x8d40x3f2S0x103	AND
0x8d10x3f2S0x103	SUB
0x8d00x3f2S0x103	SHL
0x8ce0x3f2S0x103	CONST
0x8cc0x3f2S0x103	CONST
0x8ca0x3f2S0x103	CONST
0x8c70x3f2S0x103	SHL
0x8c50x3f2S0x103	CONST
0x8c00x3f2S0x103	CONST
0x8bf0x3f2S0x103	MLOAD
0x8bd0x3f2S0x103	CONST
0xf65S0x91a0x3f2S0x103	CONST
0xf67S0x91a0x3f2S0x103	CONST
0xf6bS0x91a0x3f2S0x103	SUB
0xf6cS0x91a0x3f2S0x103	SLT
0xf6dS0x91a0x3f2S0x103	ISZERO
0xf6eS0x91a0x3f2S0x103	CONST
0xf77S0x91a0x3f2S0x103	MLOAD
0xf79S0x91a0x3f2S0x103	ISZERO
0xf7aS0x91a0x3f2S0x103	ISZERO
0xf7cS0x91a0x3f2S0x103	EQ
0xf7dS0x91a0x3f2S0x103	CONST
0x104fS0x482S0x103	CONST
0x1055S0x482S0x103	MLOAD
0x1058S0x482S0x103	ADD
0x105cS0x482S0x103	CONST
0x1060S0x482S0x103	CONST
0x1063S0x482S0x103	CONST
0x1066S0x482S0x103	ADD
0x106aS0x482S0x103	ADD
0xeba4S0x482S0x103	CONST
0x10a0S0x482S0x103	SUB
0x10a3S0x482S0x103	ADD
0x10a5S0x482S0x103	CONST
0x10aaS0x482S0x103	CONST
0x109a_0x3S0x482S0x103	PHI
0x106fS0x482S0x103	LT
0x1070S0x482S0x103	ISZERO
0x1071S0x482S0x103	CONST
0x106c_0x0S0x482S0x103	PHI
0x1076S0x482S0x103	MLOAD
0x1078S0x482S0x103	MLOAD
0x1079S0x482S0x103	CONST
0x107bS0x482S0x103	CONST
0x107dS0x482S0x103	CONST
0x107fS0x482S0x103	SHL
0x1080S0x482S0x103	SUB
0x1081S0x482S0x103	AND
0x1085S0x482S0x103	ADD
0x1086S0x482S0x103	MLOAD
0x1089S0x482S0x103	ADD
0x108dS0x482S0x103	ADD
0x1091S0x482S0x103	ADD
0x1093S0x482S0x103	CONST
0x1095S0x482S0x103	ADD
0x1096S0x482S0x103	CONST
0x1075_0x0S0x482S0x103	PHI
0x1075_0x1S0x482S0x103	PHI
0x1075_0x3S0x482S0x103	PHI
0xfbcS0x109aS0x482S0x103	CONST
0xfbeS0x109aS0x482S0x103	ADD
0xfbfS0x109aS0x482S0x103	CONST
0xfc1S0x109aS0x482S0x103	NOT
0xfc2S0x109aS0x482S0x103	AND
0xfc6S0x109aS0x482S0x103	ADD
0xfc7S0x109aS0x482S0x103	CONST
0xfc9S0x109aS0x482S0x103	ADD
0xfa4S0x109aS0x482S0x103	CONST
0xfa7S0x109aS0x482S0x103	MLOAD
0xfabS0x109aS0x482S0x103	CONST
0xfafS0x109aS0x482S0x103	CONST
0xfb2S0x109aS0x482S0x103	ADD
0xfb3S0x109aS0x482S0x103	CONST
0xfb6S0x109aS0x482S0x103	ADD
0xfb7S0x109aS0x482S0x103	CONST
0x115fS0xfa3S0x109aS0x482S0x103	CONST
0xf5a4S0xfa3S0x109aS0x482S0x103	CONST
0x117cS0xfa3S0x109aS0x482S0x103	GT
0x117dS0xfa3S0x109aS0x482S0x103	ISZERO
0x117eS0xfa3S0x109aS0x482S0x103	CONST
0x1179_0x0S0xfa3S0x109aS0x482S0x103	PHI
0x1164S0xfa3S0x109aS0x482S0x103	LT
0x1165S0xfa3S0x109aS0x482S0x103	ISZERO
0x1166S0xfa3S0x109aS0x482S0x103	CONST
0x1161_0x0S0xfa3S0x109aS0x482S0x103	PHI
0x116cS0xfa3S0x109aS0x482S0x103	ADD
0x116dS0xfa3S0x109aS0x482S0x103	MLOAD
0x1170S0xfa3S0x109aS0x482S0x103	ADD
0x1172S0xfa3S0x109aS0x482S0x103	CONST
0x1174S0xfa3S0x109aS0x482S0x103	ADD
0x1175S0xfa3S0x109aS0x482S0x103	CONST
0x116a_0x0S0xfa3S0x109aS0x482S0x103	PHI
0x1184S0xfa3S0x109aS0x482S0x103	CONST
0x1187S0xfa3S0x109aS0x482S0x103	ADD
0xfecS0x93e0x3f2S0x103	CONST
0xfeeS0x93e0x3f2S0x103	CONST
0xff0S0x93e0x3f2S0x103	CONST
0xff2S0x93e0x3f2S0x103	SHL
0xff3S0x93e0x3f2S0x103	SUB
0xff6S0x93e0x3f2S0x103	AND
0xffaS0x93e0x3f2S0x103	AND
0xffbS0x93e0x3f2S0x103	CONST
0xffeS0x93e0x3f2S0x103	ADD
0x1000S0x93e0x3f2S0x103	CONST
0x1003S0x93e0x3f2S0x103	ADD
0x1007S0x93e0x3f2S0x103	CONST
0x1009S0x93e0x3f2S0x103	CONST
0x100cS0x93e0x3f2S0x103	ADD
0x1010S0x93e0x3f2S0x103	CONST
0x1013S0x93e0x3f2S0x103	CONST
0x1018S0x93e0x3f2S0x103	ADD
0x101aS0x93e0x3f2S0x103	CONST
0xfbcS0xfebS0x93e0x3f2S0x103	CONST
0xfbeS0xfebS0x93e0x3f2S0x103	ADD
0xfbfS0xfebS0x93e0x3f2S0x103	CONST
0xfc1S0xfebS0x93e0x3f2S0x103	NOT
0xfc2S0xfebS0x93e0x3f2S0x103	AND
0xfc6S0xfebS0x93e0x3f2S0x103	ADD
0xfc7S0xfebS0x93e0x3f2S0x103	CONST
0xfc9S0xfebS0x93e0x3f2S0x103	ADD
0xfa4S0xfebS0x93e0x3f2S0x103	CONST
0xfa7S0xfebS0x93e0x3f2S0x103	MLOAD
0xfabS0xfebS0x93e0x3f2S0x103	CONST
0xfafS0xfebS0x93e0x3f2S0x103	CONST
0xfb2S0xfebS0x93e0x3f2S0x103	ADD
0xfb3S0xfebS0x93e0x3f2S0x103	CONST
0xfb6S0xfebS0x93e0x3f2S0x103	ADD
0xfb7S0xfebS0x93e0x3f2S0x103	CONST
0x115fS0xfa3S0xfebS0x93e0x3f2S0x103	CONST
0xf5a4S0xfa3S0xfebS0x93e0x3f2S0x103	CONST
0x117cS0xfa3S0xfebS0x93e0x3f2S0x103	GT
0x117dS0xfa3S0xfebS0x93e0x3f2S0x103	ISZERO
0x117eS0xfa3S0xfebS0x93e0x3f2S0x103	CONST
0x1179_0x0S0xfa3S0xfebS0x93e0x3f2S0x103	PHI
0x1164S0xfa3S0xfebS0x93e0x3f2S0x103	LT
0x1165S0xfa3S0xfebS0x93e0x3f2S0x103	ISZERO
0x1166S0xfa3S0xfebS0x93e0x3f2S0x103	CONST
0x1161_0x0S0xfa3S0xfebS0x93e0x3f2S0x103	PHI
0x116cS0xfa3S0xfebS0x93e0x3f2S0x103	ADD
0x116dS0xfa3S0xfebS0x93e0x3f2S0x103	MLOAD
0x1170S0xfa3S0xfebS0x93e0x3f2S0x103	ADD
0x1172S0xfa3S0xfebS0x93e0x3f2S0x103	CONST
0x1174S0xfa3S0xfebS0x93e0x3f2S0x103	ADD
0x1175S0xfa3S0xfebS0x93e0x3f2S0x103	CONST
0x116a_0x0S0xfa3S0xfebS0x93e0x3f2S0x103	PHI
0x1184S0xfa3S0xfebS0x93e0x3f2S0x103	CONST
0x1187S0xfa3S0xfebS0x93e0x3f2S0x103	ADD
0x5bcS0x116	CONST
0x5c2S0x116	MLOAD
0x5c4S0x116	LT
0x5c5S0x116	CONST
0x5bc_0x0S0x116	PHI
0x5c9S0x116	CONST
0x5ceS0x116	CONST
0x5d0S0x116	SHL
0x5d1S0x116	CONST
0x5d4S0x116	CONST
0x5d6S0x116	CONST
0x5d9S0x116	CONST
0x5dbS0x116	CONST
0x5f1S0x116	CONST
0x5f6S0x116	CONST
0x5f8S0x116	SHL
0x5f9S0x116	CONST
0x5fcS0x116	CONST
0x5feS0x116	CONST
0x601S0x116	CONST
0x603S0x116	CONST
0x61dS0x116	CONST
0x622S0x116	CONST
0x624S0x116	SHL
0x625S0x116	CONST
0x628S0x116	CONST
0x62aS0x116	CONST
0x62dS0x116	CONST
0x62fS0x116	CONST
0x649S0x116	CONST
0x64eS0x116	CONST
0x650S0x116	SHL
0x651S0x116	CONST
0x654S0x116	CONST
0x656S0x116	CONST
0x659S0x116	CONST
0x65bS0x116	CONST
0x7b40x5afS0x116	CONST
0x7b20x5afS0x116	ADD
0x7af0x5afS0x116	CONST
0x7ad0x5afS0x116	CONST
0x7ac0x5afS0x116	RETURNDATASIZE
0x7a90x5afS0x116	RETURNDATASIZE
0x7a60x5afS0x116	CONST
0x7a50x5afS0x116	ADD
0x7a30x5afS0x116	AND
0x7a20x5afS0x116	ADD
0x7a10x5afS0x116	RETURNDATASIZE
0x79f0x5afS0x116	CONST
0x79e0x5afS0x116	NOT
0x79c0x5afS0x116	CONST
0x7990x5afS0x116	MLOAD
0x7970x5afS0x116	CONST
0x6db0x5afS0x116	CONST
0x6d90x5afS0x116	ADD
0x6d60x5afS0x116	CONST
0x6d40x5afS0x116	CONST
0x6d30x5afS0x116	RETURNDATASIZE
0x6d00x5afS0x116	RETURNDATASIZE
0x6cd0x5afS0x116	CONST
0x6cc0x5afS0x116	ADD
0x6ca0x5afS0x116	AND
0x6c90x5afS0x116	ADD
0x6c80x5afS0x116	RETURNDATASIZE
0x6c60x5afS0x116	CONST
0x6c50x5afS0x116	NOT
0x6c30x5afS0x116	CONST
0x6c00x5afS0x116	MLOAD
0x6be0x5afS0x116	CONST
0x5b0S0x116	CONST
0x9ba4S0x116	CONST
0x66dS0x116	CONST
0x671S0x116	CONST
0x674S0x116	CALLPRIVATE
0x66b_0x0S0x116	PHI
0x5dfS0x116	CONST
0x5e1S0x116	MUL
0x5e2S0x116	CONST
0x5e4S0x116	ADD
0x5e5S0x116	ADD
0x5e6S0x116	MLOAD
0x5eaS0x116	MLOAD
0x5ecS0x116	LT
0x5edS0x116	CONST
0x5de_0x0S0x116	PHI
0x5de_0x3S0x116	PHI
0x607S0x116	CONST
0x609S0x116	MUL
0x60aS0x116	CONST
0x60cS0x116	ADD
0x60dS0x116	ADD
0x60eS0x116	MLOAD
0x60fS0x116	CONST
0x611S0x116	ADD
0x612S0x116	MLOAD
0x616S0x116	MLOAD
0x618S0x116	LT
0x619S0x116	CONST
0x606_0x0S0x116	PHI
0x606_0x4S0x116	PHI
0x633S0x116	CONST
0x635S0x116	MUL
0x636S0x116	CONST
0x638S0x116	ADD
0x639S0x116	ADD
0x63aS0x116	MLOAD
0x63bS0x116	CONST
0x63dS0x116	ADD
0x63eS0x116	MLOAD
0x642S0x116	MLOAD
0x644S0x116	LT
0x645S0x116	CONST
0x632_0x0S0x116	PHI
0x632_0x5S0x116	PHI
0x65fS0x116	CONST
0x661S0x116	MUL
0x662S0x116	CONST
0x664S0x116	ADD
0x665S0x116	ADD
0x666S0x116	MLOAD
0x667S0x116	CONST
0x65e_0x0S0x116	PHI
0x679S0x116	CONST
0x5b4S0x116	MLOAD
0x5b6S0x116	LT
0x5b7S0x116	ISZERO
0x5b8S0x116	CONST
0x5b2_0x0S0x116	PHI
0x71e0x5afS0x116	CALLPRIVATE
0x7150x5afS0x116	CONST
0x71b0x5afS0x116	CONST
0x7110x5afS0x116	SLOAD
0x70f0x5afS0x116	SHA3
0x7080x5afS0x116	AND
0x7060x5afS0x116	SUB
0x7050x5afS0x116	SHL
0x7030x5afS0x116	CONST
0x7010x5afS0x116	CONST
0x6ff0x5afS0x116	CONST
0x6fe0x5afS0x116	SHA3
0x6fa0x5afS0x116	CONST
0x6f50x5afS0x116	CONST
0x6f30x5afS0x116	CONST
0x6ee0x5afS0x116	CONST
0x6ed0x5afS0x116	CALLER
0xb9a40x5afS0x116	CONST
0xafa40x5afS0x116	CONST
0x7b90x5afS0x116	CONST
0xa5a40x5afS0x116	CONST
0x6e00x5afS0x116	CONST
0x8000x5afS0x116	CONST
0x7c40x5af_0x0S0x116	PHI
0x8070x5afS0x116	CONST
0x7ff0x5afS0x116	MLOAD
0x7fd0x5afS0x116	CONST
0x7d90x5afS0x116	CONST
0x7d80x5afS0x116	AND
0x7d70x5afS0x116	SUB
0x7d60x5afS0x116	SHL
0x7d40x5afS0x116	CONST
0x7d20x5afS0x116	CONST
0x7d00x5afS0x116	CONST
0x7cf0x5afS0x116	CALLER
0x7ce0x5afS0x116	AND
0x7cd0x5afS0x116	SUB
0x7cc0x5afS0x116	SHL
0x7ca0x5afS0x116	CONST
0x7c80x5afS0x116	CONST
0x7c60x5afS0x116	CONST
0x7930x5afS0x116	CONST
0x7920x5afS0x116	EQ
0x78f0x5afS0x116	CONST
0x78d0x5afS0x116	RETURNDATASIZE
0x7890x5afS0x116	CALL
0x7880x5afS0x116	GAS
0x7850x5afS0x116	CONST
0x7830x5afS0x116	SUB
0x7800x5afS0x116	MLOAD
0x77e0x5afS0x116	CONST
0x77c0x5afS0x116	CONST
0x7720x5afS0x116	CONST
0x7770x5afS0x116	CONST
0x7700x5afS0x116	AND
0x76d0x5afS0x116	MLOAD
0x7690x5afS0x116	OR
0x7680x5afS0x116	SHL
0x7660x5afS0x116	CONST
0x7610x5afS0x116	CONST
0x7600x5afS0x116	AND
0x75f0x5afS0x116	SUB
0x75e0x5afS0x116	SHL
0x75c0x5afS0x116	CONST
0x75a0x5afS0x116	CONST
0x7580x5afS0x116	CONST
0x7570x5afS0x116	MLOAD
0x7550x5afS0x116	ADD
0x7520x5afS0x116	CONST
0x74f0x5afS0x116	ADD
0x74b0x5afS0x116	CONST
0x7480x5afS0x116	ADD
0x7450x5afS0x116	SUB
0x7420x5afS0x116	MLOAD
0x73d0x5afS0x116	ADD
0x7390x5afS0x116	CONST
0x7370x5afS0x116	ADD
0x7340x5afS0x116	CONST
0x7330x5afS0x116	AND
0x7300x5afS0x116	SUB
0x72f0x5afS0x116	SHL
0x72d0x5afS0x116	CONST
0x72b0x5afS0x116	CONST
0x7290x5afS0x116	CONST
0x7280x5afS0x116	MLOAD
0x7250x5afS0x116	CONST
0x6e80x5afS0x116	CONST
0x6ba0x5afS0x116	CONST
0x6b90x5afS0x116	EQ
0x6b60x5afS0x116	CONST
0x6b40x5afS0x116	RETURNDATASIZE
0x6af0x5afS0x116	CALL
0x6ae0x5afS0x116	GAS
0x6a70x5afS0x116	CONST
0x6a30x5afS0x116	AND
0x6a10x5afS0x116	SUB
0x6a00x5afS0x116	SHL
0x69e0x5afS0x116	CONST
0x69c0x5afS0x116	CONST
0x69a0x5afS0x116	CONST
0x6980x5afS0x116	CALLVALUE
0x6970x5afS0x116	MLOAD
0x6950x5afS0x116	CONST
0x6900x5afS0x116	CONST
0x68f0x5afS0x116	AND
0x68d0x5afS0x116	SUB
0x68c0x5afS0x116	SHL
0x68a0x5afS0x116	CONST
0x6880x5afS0x116	CONST
0x6860x5afS0x116	CONST
0x6840x5afS0x116	CONST
0x1ed1a0x5afS0x116	SUB
0x1ed170x5afS0x116	MLOAD
0x1ed150x5afS0x116	CONST
0xfd0S0x71f0x5afS0x116	CONST
0xfd3S0x71f0x5afS0x116	MLOAD
0xfd4S0x71f0x5afS0x116	CONST
0xfd9S0x71f0x5afS0x116	CONST
0xfdcS0x71f0x5afS0x116	ADD
0xfddS0x71f0x5afS0x116	CONST
0xfe5S0x71f0x5afS0x116	ADD
0x115fS0xfcfS0x71f0x5afS0x116	CONST
0xf5a4S0xfcfS0x71f0x5afS0x116	CONST
0x117cS0xfcfS0x71f0x5afS0x116	GT
0x117dS0xfcfS0x71f0x5afS0x116	ISZERO
0x117eS0xfcfS0x71f0x5afS0x116	CONST
0x1179_0x0S0xfcfS0x71f0x5afS0x116	PHI
0x1164S0xfcfS0x71f0x5afS0x116	LT
0x1165S0xfcfS0x71f0x5afS0x116	ISZERO
0x1166S0xfcfS0x71f0x5afS0x116	CONST
0x1161_0x0S0xfcfS0x71f0x5afS0x116	PHI
0x116cS0xfcfS0x71f0x5afS0x116	ADD
0x116dS0xfcfS0x71f0x5afS0x116	MLOAD
0x1170S0xfcfS0x71f0x5afS0x116	ADD
0x1172S0xfcfS0x71f0x5afS0x116	CONST
0x1174S0xfcfS0x71f0x5afS0x116	ADD
0x1175S0xfcfS0x71f0x5afS0x116	CONST
0x116a_0x0S0xfcfS0x71f0x5afS0x116	PHI
0x1184S0xfcfS0x71f0x5afS0x116	CONST
0x1187S0xfcfS0x71f0x5afS0x116	ADD
0x101fS0x7c40x5afS0x116	CONST
0x1021S0x7c40x5afS0x116	CONST
0x1024S0x7c40x5afS0x116	CONST
0x1026S0x7c40x5afS0x116	SHL
0x1027S0x7c40x5afS0x116	SUB
0x1029S0x7c40x5afS0x116	AND
0x102dS0x7c40x5afS0x116	CONST
0x1030S0x7c40x5afS0x116	ADD
0x1032S0x7c40x5afS0x116	CONST
0x1034S0x7c40x5afS0x116	CONST
0x1037S0x7c40x5afS0x116	ADD
0x1039S0x7c40x5afS0x116	CONST
0x103cS0x7c40x5afS0x116	CONST
0x103fS0x7c40x5afS0x116	ADD
0x1041S0x7c40x5afS0x116	CONST
0xfbcS0x101eS0x7c40x5afS0x116	CONST
0xfbeS0x101eS0x7c40x5afS0x116	ADD
0xfbfS0x101eS0x7c40x5afS0x116	CONST
0xfc1S0x101eS0x7c40x5afS0x116	NOT
0xfc2S0x101eS0x7c40x5afS0x116	AND
0xfc6S0x101eS0x7c40x5afS0x116	ADD
0xfc7S0x101eS0x7c40x5afS0x116	CONST
0xfc9S0x101eS0x7c40x5afS0x116	ADD
0xfa4S0x101eS0x7c40x5afS0x116	CONST
0xfa7S0x101eS0x7c40x5afS0x116	MLOAD
0xfabS0x101eS0x7c40x5afS0x116	CONST
0xfafS0x101eS0x7c40x5afS0x116	CONST
0xfb2S0x101eS0x7c40x5afS0x116	ADD
0xfb3S0x101eS0x7c40x5afS0x116	CONST
0xfb6S0x101eS0x7c40x5afS0x116	ADD
0xfb7S0x101eS0x7c40x5afS0x116	CONST
0x115fS0xfa3S0x101eS0x7c40x5afS0x116	CONST
0xf5a4S0xfa3S0x101eS0x7c40x5afS0x116	CONST
0x117cS0xfa3S0x101eS0x7c40x5afS0x116	GT
0x117dS0xfa3S0x101eS0x7c40x5afS0x116	ISZERO
0x117eS0xfa3S0x101eS0x7c40x5afS0x116	CONST
0x1179_0x0S0xfa3S0x101eS0x7c40x5afS0x116	PHI
0x1164S0xfa3S0x101eS0x7c40x5afS0x116	LT
0x1165S0xfa3S0x101eS0x7c40x5afS0x116	ISZERO
0x1166S0xfa3S0x101eS0x7c40x5afS0x116	CONST
0x1161_0x0S0xfa3S0x101eS0x7c40x5afS0x116	PHI
0x116cS0xfa3S0x101eS0x7c40x5afS0x116	ADD
0x116dS0xfa3S0x101eS0x7c40x5afS0x116	MLOAD
0x1170S0xfa3S0x101eS0x7c40x5afS0x116	ADD
0x1172S0xfa3S0x101eS0x7c40x5afS0x116	CONST
0x1174S0xfa3S0x101eS0x7c40x5afS0x116	ADD
0x1175S0xfa3S0x101eS0x7c40x5afS0x116	CONST
0x116a_0x0S0xfa3S0x101eS0x7c40x5afS0x116	PHI
0x1184S0xfa3S0x101eS0x7c40x5afS0x116	CONST
0x1187S0xfa3S0x101eS0x7c40x5afS0x116	ADD
0x102	JUMP
0x115	JUMP
0xef	JUMP
0x128	JUMP
0xda	JUMP
0x3e2	JUMP
0x80a0x11b	JUMP
0x9700x884	JUMP
0x8f	JUMP
0xa87	JUMP
0x77a0x11b	JUMP
0x2ed	JUMP
0xaf3	JUMP
0xa25	JUMP
0xb75	JUMP
0x93d0x884	JUMP
0xdf	JUMP
0x107	JUMP
0x11a	JUMP
0x42e16	CALLPRIVATE
0x43816	CALLPRIVATE
0x44216	CALLPRIVATE
0x44c16	CALLPRIVATE
0x45616	CALLPRIVATE
0x46016	CALLPRIVATE
0x46a16	CALLPRIVATE
0x47416	CALLPRIVATE
0x4d	JUMP
0xac	JUMP
0xf4	JUMP
0x12d	JUMP
0x14d	JUMP
0x165	JUMP
0x245	JUMP
0x252	JUMP
0x351	JUMP
0xac4	JUMP
0x1141	JUMP
0x1158	JUMP
0x119d	JUMP
0x4bc4	JUMP
0x5fc4	JUMP
0x69c4	JUMP
0xc3c4	JUMP
0x1eca7	JUMP
0x6de0x11b	JUMP
0xa5c40x11b	JUMP
0x6eb0x11b	JUMP
0x7b70x11b	JUMP
0xafc40x11b	JUMP
0xb9c40x11b	JUMP
0x1ed220x11b	JUMP
0x1d	JUMPI
0x7c	JUMPI
0xc7	JUMPI
0x135	JUMPI
0x1fa	JUMPI
0x224	JUMPI
0x269	JUMPI
0x2b1	JUMPI
0x2c0	JUMPI
0x330	JUMPI
0x33f	JUMPI
0x9e9	JUMPI
0x9f8	JUMPI
0xaa3	JUMPI
0xad6	JUMPI
0xadf	JUMPI
0xaf8	JUMPI
0xb39	JUMPI
0xb48	JUMPI
0x113a	JUMPI
0x1151	JUMPI
0x1196	JUMPI
0x3ddf6	JUMPI
0x3e7f6	JUMPI
0x3f1f6	JUMPI
0x3fbf6	JUMPI
0x405f6	JUMPI
0x40ff6	JUMPI
0x419f6	JUMPI
0x423f6	JUMPI
0x6930x11b	JUMPI
0x6bd0x11b	JUMPI
0x7960x11b	JUMPI
0x9010x884	JUMPI
0x9100x884	JUMPI
0x9860x884	JUMPI
0x9950x884	JUMPI
0x1146	RETURNPRIVATE
0x115d	RETURNPRIVATE
0x11a4	RETURNPRIVATE
0x1ed4b	RETURNPRIVATE
0x9a90x884	RETURNPRIVATE
0x1eca1	LOG3
0x1ed1c0x11b	LOG3
0x1eba9	STOP
0x1ebca	STOP
0x1ebeb	STOP
0x1ec0c	STOP
0x1ec2d	STOP
0xbf0x75	RETURN
0xbf0x12e	RETURN
0x74	REVERT
0x80	REVERT
0xcb	REVERT
0x139	REVERT
0x2b5	REVERT
0x2c9	REVERT
0x334	REVERT
0x348	REVERT
0x9ed	REVERT
0xa01	REVERT
0xafc	REVERT
0xb3d	REVERT
0xb51	REVERT
0x2460	REVERT
0x2484	REVERT
0x2558	REVERT
0x258d	REVERT
0x25c2	REVERT
0x9050x884	REVERT
0x9190x884	REVERT
0x98a0x884	REVERT
0x99e0x884	REVERT
0x97	MSTORE
0x9c	MSTORE
0xa4	MSTORE
0xa7	MSTORE
0xb3	MSTORE
0x15e	MSTORE
0x236	MSTORE
0x239	MSTORE
0x27a	MSTORE
0x280	MSTORE
0x287	MSTORE
0x2e0	MSTORE
0x2ff	MSTORE
0x306	MSTORE
0x36c	MSTORE
0x373	MSTORE
0x37d	MSTORE
0x380	MSTORE
0x88a	MSTORE
0x891	MSTORE
0x8a2	MSTORE
0x8a5	MSTORE
0x9b7	MSTORE
0x9bd	MSTORE
0xa18	MSTORE
0xa30	MSTORE
0xa36	MSTORE
0xa3e	MSTORE
0xa48	MSTORE
0xa4f	MSTORE
0xa69	MSTORE
0xab5	MSTORE
0xab8	MSTORE
0xb0a	MSTORE
0xb10	MSTORE
0xb68	MSTORE
0x254e	MSTORE
0x2553	MSTORE
0x2583	MSTORE
0x2588	MSTORE
0x25b8	MSTORE
0x25bd	MSTORE
0x6cf0x11b	MSTORE
0x6d20x11b	MSTORE
0x6f20x11b	MSTORE
0x6f90x11b	MSTORE
0x70a0x11b	MSTORE
0x70d0x11b	MSTORE
0x7380x11b	MSTORE
0x7400x11b	MSTORE
0x74a0x11b	MSTORE
0x7510x11b	MSTORE
0x76b0x11b	MSTORE
0x7a80x11b	MSTORE
0x7ab0x11b	MSTORE
0x8c90x884	MSTORE
0x8d90x884	MSTORE
0x8e00x884	MSTORE
0x9300x884	MSTORE
0x94c0x884	MSTORE
0x39b	SSTORE
0x7220x11b	SSTORE
0x8ba0x884	SSTORE
0x241	RETURNDATACOPY
0x2c5	RETURNDATACOPY
0x344	RETURNDATACOPY
0x9fd	RETURNDATACOPY
0xac0	RETURNDATACOPY
0xb4d	RETURNDATACOPY
0x6da0x11b	RETURNDATACOPY
0x7b30x11b	RETURNDATACOPY
0x9150x884	RETURNDATACOPY
0x99a0x884	RETURNDATACOPY
0xf71S0x2ca	JUMPI
0xf80S0x2ca	JUMPI
0xf8aS0x2ca	JUMP
0xf74S0x2ca	REVERT
0xf83S0x2ca	REVERT
0xf98S0xa02	JUMPI
0xfa2S0xa02	JUMP
0xf9bS0xa02	REVERT
0xf98S0xb52	JUMPI
0xfa2S0xb52	JUMP
0xf9bS0xb52	REVERT
0xf71S0xae0	JUMPI
0xf80S0xae0	JUMPI
0xf8aS0xae0	JUMP
0xf74S0xae0	REVERT
0xf83S0xae0	REVERT
0xf71S0x91a0x884	JUMPI
0xf80S0x91a0x884	JUMPI
0xf8aS0x91a0x884	JUMP
0xf74S0x91a0x884	REVERT
0xf83S0x91a0x884	REVERT
0xd5dS0x81	JUMPI
0xd6bS0x81	JUMP
0xd7bS0x81	JUMP
0xd86S0x81	JUMP
0xd60S0x81	REVERT
0x11e5S0xd61S0x81	REVERT
0x11e1S0xd61S0x81	JUMPI
0x11e8S0xd61S0x81	JUMP
0x11e5S0xd6cS0x81	REVERT
0x11e1S0xd6cS0x81	JUMPI
0x11e8S0xd6cS0x81	JUMP
0xfe0S0xa26	JUMP
0xfeaS0xa26	JUMP
0xf5c4S0xfcfS0xa26	JUMP
0x1181S0xfcfS0xa26	JUMPI
0x1169S0xfcfS0xa26	JUMPI
0x1eeb3S0xfcfS0xa26	JUMP
0x1178S0xfcfS0xa26	JUMP
0x1171S0xfcfS0xa26	MSTORE
0x1189S0xfcfS0xa26	JUMP
0x1188S0xfcfS0xa26	MSTORE
0xfe0S0x71f0x11b	JUMP
0xfeaS0x71f0x11b	JUMP
0xf5c4S0xfcfS0x71f0x11b	JUMP
0x1181S0xfcfS0x71f0x11b	JUMPI
0x1169S0xfcfS0x71f0x11b	JUMPI
0x1eeb3S0xfcfS0x71f0x11b	JUMP
0x1178S0xfcfS0x71f0x11b	JUMP
0x1171S0xfcfS0x71f0x11b	MSTORE
0x1189S0xfcfS0x71f0x11b	JUMP
0x1188S0xfcfS0x71f0x11b	MSTORE
0xe14S0xcc	JUMPI
0xe22S0xcc	JUMP
0xe32S0xcc	JUMP
0xe42S0xcc	JUMP
0xe61S0xcc	JUMPI
0xe70S0xcc	JUMP
0xe7dS0xcc	JUMP
0x11e5S0xe18S0xcc	REVERT
0x11e1S0xe18S0xcc	JUMPI
0x11e5S0xe23S0xcc	REVERT
0x11e1S0xe23S0xcc	JUMPI
0x11e5S0xe33S0xcc	REVERT
0x11e1S0xe33S0xcc	JUMPI
0xe17S0xcc	REVERT
0xe64S0xcc	REVERT
0x11e8S0xe18S0xcc	JUMP
0x11e8S0xe23S0xcc	JUMP
0x11e8S0xe33S0xcc	JUMP
0xca3S0xe65S0xcc	JUMP
0xc86S0xe65S0xcc	JUMPI
0xc9cS0xe65S0xcc	JUMPI
0xcb6S0xe65S0xcc	JUMP
0x24b9S0xe65S0xcc	REVERT
0x24afS0xe65S0xcc	MSTORE
0x24b4S0xe65S0xcc	MSTORE
0xcc7S0xe65S0xcc	JUMPI
0xcbaS0xe65S0xcc	MSTORE
0xce4S0xe65S0xcc	JUMP
0xcd5S0xe65S0xcc	CALLDATACOPY
0xcdfS0xe65S0xcc	MSTORE
0xc89S0xe65S0xcc	REVERT
0xccaS0xe65S0xcc	REVERT
0x1102S0xca4S0xe65S0xcc	JUMP
0x10fbS0xca4S0xe65S0xcc	JUMPI
0x110aS0xca4S0xe65S0xcc	JUMP
0x1106S0xca4S0xe65S0xcc	MSTORE
0x24eeS0xca4S0xe65S0xcc	REVERT
0x24e4S0xca4S0xe65S0xcc	MSTORE
0x24e9S0xca4S0xe65S0xcc	MSTORE
0x10d1S0x39e	JUMP
0x10beS0x39e	MSTORE
0x10c5S0x39e	MSTORE
0x10d9S0x39e	JUMP
0xfceS0x10b9S0x39e	JUMP
0xfbaS0x10b9S0x39e	JUMP
0xfaaS0x10b9S0x39e	MSTORE
0xf5c4S0xfa3S0x10b9S0x39e	JUMP
0x1181S0xfa3S0x10b9S0x39e	JUMPI
0x1169S0xfa3S0x10b9S0x39e	JUMPI
0x1eeb3S0xfa3S0x10b9S0x39e	JUMP
0x1178S0xfa3S0x10b9S0x39e	JUMP
0x1171S0xfa3S0x10b9S0x39e	MSTORE
0x1189S0xfa3S0x10b9S0x39e	JUMP
0x1188S0xfa3S0x10b9S0x39e	MSTORE
0xcf6S0xe2	JUMPI
0xd04S0xe2	JUMP
0xd14S0xe2	JUMP
0xd33S0xe2	JUMPI
0xd42S0xe2	JUMP
0x1ee16S0xe2	JUMP
0x11e5S0xcfaS0xe2	REVERT
0x11e1S0xcfaS0xe2	JUMPI
0x11e5S0xd05S0xe2	REVERT
0x11e1S0xd05S0xe2	JUMPI
0xcf9S0xe2	REVERT
0xd36S0xe2	REVERT
0x11e8S0xcfaS0xe2	JUMP
0x11e8S0xd05S0xe2	JUMP
0xca3S0xd37S0xe2	JUMP
0xc86S0xd37S0xe2	JUMPI
0xc9cS0xd37S0xe2	JUMPI
0xcb6S0xd37S0xe2	JUMP
0x24b9S0xd37S0xe2	REVERT
0x24afS0xd37S0xe2	MSTORE
0x24b4S0xd37S0xe2	MSTORE
0xcc7S0xd37S0xe2	JUMPI
0xcbaS0xd37S0xe2	MSTORE
0xce4S0xd37S0xe2	JUMP
0xcd5S0xd37S0xe2	CALLDATACOPY
0xcdfS0xd37S0xe2	MSTORE
0xc89S0xd37S0xe2	REVERT
0xccaS0xd37S0xe2	REVERT
0x1102S0xca4S0xd37S0xe2	JUMP
0x10fbS0xca4S0xd37S0xe2	JUMPI
0x110aS0xca4S0xd37S0xe2	JUMP
0x1106S0xca4S0xd37S0xe2	MSTORE
0x24eeS0xca4S0xd37S0xe2	REVERT
0x24e4S0xca4S0xd37S0xe2	MSTORE
0x24e9S0xca4S0xd37S0xe2	MSTORE
0xcf6S0x11b	JUMPI
0xd04S0x11b	JUMP
0xd14S0x11b	JUMP
0xd33S0x11b	JUMPI
0xd42S0x11b	JUMP
0x1ee16S0x11b	JUMP
0x11e5S0xcfaS0x11b	REVERT
0x11e1S0xcfaS0x11b	JUMPI
0x11e5S0xd05S0x11b	REVERT
0x11e1S0xd05S0x11b	JUMPI
0xcf9S0x11b	REVERT
0xd36S0x11b	REVERT
0x11e8S0xcfaS0x11b	JUMP
0x11e8S0xd05S0x11b	JUMP
0xca3S0xd37S0x11b	JUMP
0xc86S0xd37S0x11b	JUMPI
0xc9cS0xd37S0x11b	JUMPI
0xcb6S0xd37S0x11b	JUMP
0x24b9S0xd37S0x11b	REVERT
0x24afS0xd37S0x11b	MSTORE
0x24b4S0xd37S0x11b	MSTORE
0xcc7S0xd37S0x11b	JUMPI
0xcbaS0xd37S0x11b	MSTORE
0xce4S0xd37S0x11b	JUMP
0xcd5S0xd37S0x11b	CALLDATACOPY
0xcdfS0xd37S0x11b	MSTORE
0xc89S0xd37S0x11b	REVERT
0xccaS0xd37S0x11b	REVERT
0x1102S0xca4S0xd37S0x11b	JUMP
0x10fbS0xca4S0xd37S0x11b	JUMPI
0x110aS0xca4S0xd37S0x11b	JUMP
0x1106S0xca4S0xd37S0x11b	MSTORE
0x24eeS0xca4S0xd37S0x11b	REVERT
0x24e4S0xca4S0xd37S0x11b	MSTORE
0x24e9S0xca4S0xd37S0x11b	MSTORE
0x1044S0x7c40x11b	JUMP
0x102bS0x7c40x11b	MSTORE
0x1031S0x7c40x11b	MSTORE
0x1038S0x7c40x11b	MSTORE
0x104dS0x7c40x11b	JUMP
0xfceS0x101eS0x7c40x11b	JUMP
0xfbaS0x101eS0x7c40x11b	JUMP
0xfaaS0x101eS0x7c40x11b	MSTORE
0xf5c4S0xfa3S0x101eS0x7c40x11b	JUMP
0x1181S0xfa3S0x101eS0x7c40x11b	JUMPI
0x1169S0xfa3S0x101eS0x7c40x11b	JUMPI
0x1eeb3S0xfa3S0x101eS0x7c40x11b	JUMP
0x1178S0xfa3S0x101eS0x7c40x11b	JUMP
0x1171S0xfa3S0x101eS0x7c40x11b	MSTORE
0x1189S0xfa3S0x101eS0x7c40x11b	JUMP
0x1188S0xfa3S0x101eS0x7c40x11b	MSTORE
0x1ee8eS0x93e0x884	JUMP
0x101dS0x93e0x884	JUMP
0xff8S0x93e0x884	MSTORE
0xfffS0x93e0x884	MSTORE
0x1006S0x93e0x884	MSTORE
0x100fS0x93e0x884	MSTORE
0xfceS0xfebS0x93e0x884	JUMP
0xfbaS0xfebS0x93e0x884	JUMP
0xfaaS0xfebS0x93e0x884	MSTORE
0xf5c4S0xfa3S0xfebS0x93e0x884	JUMP
0x1181S0xfa3S0xfebS0x93e0x884	JUMPI
0x1169S0xfa3S0xfebS0x93e0x884	JUMPI
0x1eeb3S0xfa3S0xfebS0x93e0x884	JUMP
0x1178S0xfa3S0xfebS0x93e0x884	JUMP
0x1171S0xfa3S0xfebS0x93e0x884	MSTORE
0x1189S0xfa3S0xfebS0x93e0x884	JUMP
0x1188S0xfa3S0xfebS0x93e0x884	MSTORE
0x181S0xdb	JUMP
0x177S0xdb	JUMPI
0x1e2S0xdb	CALLPRIVATE
0x1c8S0xdb	JUMP
0x1d5S0xdb	JUMP
0x1d1S0xdb	LOG3
0x1ec53S0xdb	JUMP
0x1ec79S0xdb	JUMP
0x8110x166S0xdb	MSTORE
0x8180x166S0xdb	MSTORE
0x8290x166S0xdb	MSTORE
0x82c0x166S0xdb	MSTORE
0x8530x166S0xdb	MSTORE
0x85a0x166S0xdb	MSTORE
0x8640x166S0xdb	MSTORE
0x8670x166S0xdb	MSTORE
0x8410x166S0xdb	SSTORE
0x8830x166S0xdb	JUMP
0x87d0x166S0xdb	SSTORE
0x1044S0x182S0xdb	JUMP
0x102bS0x182S0xdb	MSTORE
0x1031S0x182S0xdb	MSTORE
0x1038S0x182S0xdb	MSTORE
0x104dS0x182S0xdb	JUMP
0xfceS0x101eS0x182S0xdb	JUMP
0xfbaS0x101eS0x182S0xdb	JUMP
0xfaaS0x101eS0x182S0xdb	MSTORE
0xf5c4S0xfa3S0x101eS0x182S0xdb	JUMP
0x1181S0xfa3S0x101eS0x182S0xdb	JUMPI
0x1169S0xfa3S0x101eS0x182S0xdb	JUMPI
0x1eeb3S0xfa3S0x101eS0x182S0xdb	JUMP
0x1178S0xfa3S0x101eS0x182S0xdb	JUMP
0x1171S0xfa3S0x101eS0x182S0xdb	MSTORE
0x1189S0xfa3S0x101eS0x182S0xdb	JUMP
0x1188S0xfa3S0x101eS0x182S0xdb	MSTORE
0xd98S0xf5	JUMPI
0xda6S0xf5	JUMP
0xdb6S0xf5	JUMP
0xdcfS0xf5	JUMPI
0xddeS0xf5	JUMP
0xdf0S0xf5	JUMPI
0xe00S0xf5	JUMP
0x1ee41S0xf5	JUMP
0x11e5S0xd9cS0xf5	REVERT
0x11e1S0xd9cS0xf5	JUMPI
0x11e5S0xda7S0xf5	REVERT
0x11e1S0xda7S0xf5	JUMPI
0xca3S0xdf4S0xf5	JUMP
0xc86S0xdf4S0xf5	JUMPI
0xc9cS0xdf4S0xf5	JUMPI
0xcb6S0xdf4S0xf5	JUMP
0x24b9S0xdf4S0xf5	REVERT
0x24afS0xdf4S0xf5	MSTORE
0x24b4S0xdf4S0xf5	MSTORE
0xcc7S0xdf4S0xf5	JUMPI
0xcbaS0xdf4S0xf5	MSTORE
0xce4S0xdf4S0xf5	JUMP
0xcd5S0xdf4S0xf5	CALLDATACOPY
0xcdfS0xdf4S0xf5	MSTORE
0x1102S0xca4S0xdf4S0xf5	JUMP
0x10fbS0xca4S0xdf4S0xf5	JUMPI
0x110aS0xca4S0xdf4S0xf5	JUMP
0x1106S0xca4S0xdf4S0xf5	MSTORE
0x24eeS0xca4S0xdf4S0xf5	REVERT
0x24e4S0xca4S0xdf4S0xf5	MSTORE
0x24e9S0xca4S0xdf4S0xf5	MSTORE
0xd9bS0xf5	REVERT
0xdd2S0xf5	REVERT
0xdf3S0xf5	REVERT
0x11e8S0xd9cS0xf5	JUMP
0x11e8S0xda7S0xf5	JUMP
0xc89S0xdf4S0xf5	REVERT
0xccaS0xdf4S0xf5	REVERT
0xc46S0xdd3S0xf5	JUMPI
0xc10S0xdd3S0xf5	JUMP
0xc2cS0xdd3S0xf5	JUMPI
0xc15S0xdd3S0xf5	MSTORE
0x1edbfS0xdd3S0xf5	JUMP
0xd7c4S0xdd3S0xf5	JUMP
0x1edebS0xdd3S0xf5	JUMP
0xc52S0xdd3S0xf5	JUMP
0xc5dS0xdd3S0xf5	JUMP
0xc79S0xdd3S0xf5	JUMP
0xc60S0xdd3S0xf5	MSTORE
0xc68S0xdd3S0xf5	MSTORE
0xc6aS0xdd3S0xf5	MSTORE
0xc3aS0xdd3S0xf5	JUMPI
0xbfdS0xdd3S0xf5	JUMPI
0x1102S0x1edbbS0xdd3S0xf5	JUMP
0x10fbS0x1edbbS0xdd3S0xf5	JUMPI
0x110aS0x1edbbS0xdd3S0xf5	JUMP
0x1106S0x1edbbS0xdd3S0xf5	MSTORE
0x24eeS0x1edbbS0xdd3S0xf5	REVERT
0x24e4S0x1edbbS0xdd3S0xf5	MSTORE
0x24e9S0x1edbbS0xdd3S0xf5	MSTORE
0x1102S0xc4aS0xdd3S0xf5	JUMP
0x10fbS0xc4aS0xdd3S0xf5	JUMPI
0x110aS0xc4aS0xdd3S0xf5	JUMP
0x1106S0xc4aS0xdd3S0xf5	MSTORE
0x24eeS0xc4aS0xdd3S0xf5	REVERT
0x24e4S0xc4aS0xdd3S0xf5	MSTORE
0x24e9S0xc4aS0xdd3S0xf5	MSTORE
0x11e5S0xc53S0xdd3S0xf5	REVERT
0x11e1S0xc53S0xdd3S0xf5	JUMPI
0xc00S0xdd3S0xf5	REVERT
0xc2fS0xdd3S0xf5	REVERT
0xc49S0xdd3S0xf5	REVERT
0x11e8S0xc53S0xdd3S0xf5	JUMP
0x1124S0xc01S0xdd3S0xf5	JUMP
0x111dS0xc01S0xdd3S0xf5	JUMPI
0x112eS0xc01S0xdd3S0xf5	JUMP
0x2523S0xc01S0xdd3S0xf5	REVERT
0x2519S0xc01S0xdd3S0xf5	MSTORE
0x251eS0xc01S0xdd3S0xf5	MSTORE
0xe8eS0x108	JUMPI
0xea5S0x108	JUMPI
0xeb8S0x108	JUMPI
0xecbS0x108	JUMP
0xee7S0x108	JUMPI
0xed0S0x108	MSTORE
0x1ee65S0x108	JUMP
0xe1c4S0x108	JUMP
0xf28S0x108	JUMPI
0xf15S0x108	JUMP
0xf04S0x108	MSTORE
0xef7S0x108	JUMPI
0xf37S0x108	JUMP
0xf49S0x108	JUMPI
0xf59S0x108	JUMP
0xf63S0x108	JUMP
0xf01S0x108	JUMP
0x1102S0x1ee61S0x108	JUMP
0x10fbS0x1ee61S0x108	JUMPI
0x110aS0x1ee61S0x108	JUMP
0x1106S0x1ee61S0x108	MSTORE
0x24eeS0x1ee61S0x108	REVERT
0x24e4S0x1ee61S0x108	MSTORE
0x24e9S0x1ee61S0x108	MSTORE
0x11e5S0xef8S0x108	REVERT
0x11e1S0xef8S0x108	JUMPI
0x1124S0xebcS0x108	JUMP
0x111dS0xebcS0x108	JUMPI
0x112eS0xebcS0x108	JUMP
0x2523S0xebcS0x108	REVERT
0x2519S0xebcS0x108	MSTORE
0x251eS0xebcS0x108	MSTORE
0xe91S0x108	REVERT
0xea8S0x108	REVERT
0xebbS0x108	REVERT
0xeeaS0x108	REVERT
0xf2bS0x108	REVERT
0xf4cS0x108	REVERT
0x11e8S0xef8S0x108	JUMP
0xc46S0xf2cS0x108	JUMPI
0xc10S0xf2cS0x108	JUMP
0xc2cS0xf2cS0x108	JUMPI
0xc15S0xf2cS0x108	MSTORE
0x1edbfS0xf2cS0x108	JUMP
0xd7c4S0xf2cS0x108	JUMP
0x1edebS0xf2cS0x108	JUMP
0xc52S0xf2cS0x108	JUMP
0xc5dS0xf2cS0x108	JUMP
0xc79S0xf2cS0x108	JUMP
0xc60S0xf2cS0x108	MSTORE
0xc68S0xf2cS0x108	MSTORE
0xc6aS0xf2cS0x108	MSTORE
0xc3aS0xf2cS0x108	JUMPI
0xbfdS0xf2cS0x108	JUMPI
0x1102S0x1edbbS0xf2cS0x108	JUMP
0x10fbS0x1edbbS0xf2cS0x108	JUMPI
0x110aS0x1edbbS0xf2cS0x108	JUMP
0x1106S0x1edbbS0xf2cS0x108	MSTORE
0x24eeS0x1edbbS0xf2cS0x108	REVERT
0x24e4S0x1edbbS0xf2cS0x108	MSTORE
0x24e9S0x1edbbS0xf2cS0x108	MSTORE
0x1102S0xc4aS0xf2cS0x108	JUMP
0x10fbS0xc4aS0xf2cS0x108	JUMPI
0x110aS0xc4aS0xf2cS0x108	JUMP
0x1106S0xc4aS0xf2cS0x108	MSTORE
0x24eeS0xc4aS0xf2cS0x108	REVERT
0x24e4S0xc4aS0xf2cS0x108	MSTORE
0x24e9S0xc4aS0xf2cS0x108	MSTORE
0x11e5S0xc53S0xf2cS0x108	REVERT
0x11e1S0xc53S0xf2cS0x108	JUMPI
0xc00S0xf2cS0x108	REVERT
0xc2fS0xf2cS0x108	REVERT
0xc49S0xf2cS0x108	REVERT
0x11e8S0xc53S0xf2cS0x108	JUMP
0x1124S0xc01S0xf2cS0x108	JUMP
0x111dS0xc01S0xf2cS0x108	JUMPI
0x112eS0xc01S0xf2cS0x108	JUMP
0x2523S0xc01S0xf2cS0x108	REVERT
0x2519S0xc01S0xf2cS0x108	MSTORE
0x251eS0xc01S0xf2cS0x108	MSTORE
0xbd1S0xf4dS0x108	JUMP
0xba9S0xf4dS0x108	JUMP
0xcdc4S0xf4dS0x108	JUMP
0xbb2S0xf4dS0x108	MSTORE
0x1ed6fS0xf4dS0x108	JUMP
0x1ed9bS0xf4dS0x108	JUMP
0xbe3S0xf4dS0x108	JUMP
0xbd4S0xf4dS0x108	MSTORE
0xbc3S0xf4dS0x108	JUMPI
0xb96S0xf4dS0x108	JUMPI
0x1102S0x1ed6bS0xf4dS0x108	JUMP
0x10fbS0x1ed6bS0xf4dS0x108	JUMPI
0x110aS0x1ed6bS0xf4dS0x108	JUMP
0x1106S0x1ed6bS0xf4dS0x108	MSTORE
0x24eeS0x1ed6bS0xf4dS0x108	REVERT
0x24e4S0x1ed6bS0xf4dS0x108	MSTORE
0x24e9S0x1ed6bS0xf4dS0x108	MSTORE
0xb99S0xf4dS0x108	REVERT
0xca3S0xbc4S0xf4dS0x108	JUMP
0xc86S0xbc4S0xf4dS0x108	JUMPI
0xc9cS0xbc4S0xf4dS0x108	JUMPI
0xcb6S0xbc4S0xf4dS0x108	JUMP
0x24b9S0xbc4S0xf4dS0x108	REVERT
0x24afS0xbc4S0xf4dS0x108	MSTORE
0x24b4S0xbc4S0xf4dS0x108	MSTORE
0xcc7S0xbc4S0xf4dS0x108	JUMPI
0xcbaS0xbc4S0xf4dS0x108	MSTORE
0xce4S0xbc4S0xf4dS0x108	JUMP
0xcd5S0xbc4S0xf4dS0x108	CALLDATACOPY
0xcdfS0xbc4S0xf4dS0x108	MSTORE
0xc89S0xbc4S0xf4dS0x108	REVERT
0xccaS0xbc4S0xf4dS0x108	REVERT
0x1102S0xca4S0xbc4S0xf4dS0x108	JUMP
0x10fbS0xca4S0xbc4S0xf4dS0x108	JUMPI
0x110aS0xca4S0xbc4S0xf4dS0x108	JUMP
0x1106S0xca4S0xbc4S0xf4dS0x108	MSTORE
0x24eeS0xca4S0xbc4S0xf4dS0x108	REVERT
0x24e4S0xca4S0xbc4S0xf4dS0x108	MSTORE
0x24e9S0xca4S0xbc4S0xf4dS0x108	MSTORE
0x1124S0xb9aS0xf4dS0x108	JUMP
0x111dS0xb9aS0xf4dS0x108	JUMPI
0x112eS0xb9aS0xf4dS0x108	JUMP
0x2523S0xb9aS0xf4dS0x108	REVERT
0x2519S0xb9aS0xf4dS0x108	MSTORE
0x251eS0xb9aS0xf4dS0x108	MSTORE
0x73c4S0x103	JUMP
0x41dS0x103	JUMPI
0x432S0x103	REVERT
0x428S0x103	MSTORE
0x42dS0x103	MSTORE
0x45eS0x103	REVERT
0x454S0x103	MSTORE
0x459S0x103	MSTORE
0x4f0S0x103	JUMPI
0x505S0x103	REVERT
0x4fbS0x103	MSTORE
0x500S0x103	MSTORE
0x531S0x103	REVERT
0x527S0x103	MSTORE
0x52cS0x103	MSTORE
0x5a0S0x103	JUMP
0x591S0x103	MSTORE
0x594S0x103	MSTORE
0x59cS0x103	RETURNDATACOPY
0x99e0x3f2S0x103	REVERT
0x99a0x3f2S0x103	RETURNDATACOPY
0x98a0x3f2S0x103	REVERT
0x9190x3f2S0x103	REVERT
0x9150x3f2S0x103	RETURNDATACOPY
0x9050x3f2S0x103	REVERT
0x403S0x103	JUMPI
0x7dc4S0x103	JUMP
0x4c7S0x103	JUMP
0x449S0x103	JUMPI
0x46fS0x103	JUMP
0x481S0x103	JUMP
0x40fS0x103	JUMPI
0x4d4S0x103	JUMP
0x4d0S0x103	LOG3
0x57fS0x103	JUMPI
0x87c4S0x103	JUMP
0x51cS0x103	JUMPI
0x543S0x103	JUMP
0x555S0x103	JUMP
0x4e1S0x103	JUMPI
0x91c4S0x103	JUMP
0x1eccfS0x103	JUMP
0x1eedbS0x103	JUMP
0x8110x3f2S0x103	MSTORE
0x8180x3f2S0x103	MSTORE
0x8290x3f2S0x103	MSTORE
0x82c0x3f2S0x103	MSTORE
0x8530x3f2S0x103	MSTORE
0x85a0x3f2S0x103	MSTORE
0x8640x3f2S0x103	MSTORE
0x8670x3f2S0x103	MSTORE
0x8410x3f2S0x103	SSTORE
0x88a0x3f2S0x103	MSTORE
0x8910x3f2S0x103	MSTORE
0x8a20x3f2S0x103	MSTORE
0x8a50x3f2S0x103	MSTORE
0x9950x3f2S0x103	JUMPI
0x9860x3f2S0x103	JUMPI
0x9700x3f2S0x103	JUMP
0x94c0x3f2S0x103	MSTORE
0x93d0x3f2S0x103	JUMP
0x9300x3f2S0x103	MSTORE
0x9100x3f2S0x103	JUMPI
0x9010x3f2S0x103	JUMPI
0x8c90x3f2S0x103	MSTORE
0x8d90x3f2S0x103	MSTORE
0x8e00x3f2S0x103	MSTORE
0x8ba0x3f2S0x103	SSTORE
0xf71S0x91a0x3f2S0x103	JUMPI
0xf80S0x91a0x3f2S0x103	JUMPI
0xebc4S0x482S0x103	JUMP
0x1053S0x482S0x103	MSTORE
0x105bS0x482S0x103	MSTORE
0x10adS0x482S0x103	JUMP
0x10a4S0x482S0x103	MSTORE
0x1074S0x482S0x103	JUMPI
0x1099S0x482S0x103	JUMP
0x1083S0x482S0x103	MSTORE
0x108aS0x482S0x103	MSTORE
0xfceS0x109aS0x482S0x103	JUMP
0xfbaS0x109aS0x482S0x103	JUMP
0xfaaS0x109aS0x482S0x103	MSTORE
0xf5c4S0xfa3S0x109aS0x482S0x103	JUMP
0x1181S0xfa3S0x109aS0x482S0x103	JUMPI
0x1169S0xfa3S0x109aS0x482S0x103	JUMPI
0x1178S0xfa3S0x109aS0x482S0x103	JUMP
0x1171S0xfa3S0x109aS0x482S0x103	MSTORE
0x1189S0xfa3S0x109aS0x482S0x103	JUMP
0x1188S0xfa3S0x109aS0x482S0x103	MSTORE
0x101dS0x93e0x3f2S0x103	JUMP
0xff8S0x93e0x3f2S0x103	MSTORE
0xfffS0x93e0x3f2S0x103	MSTORE
0x1006S0x93e0x3f2S0x103	MSTORE
0x100fS0x93e0x3f2S0x103	MSTORE
0xfceS0xfebS0x93e0x3f2S0x103	JUMP
0xfbaS0xfebS0x93e0x3f2S0x103	JUMP
0xfaaS0xfebS0x93e0x3f2S0x103	MSTORE
0xf5c4S0xfa3S0xfebS0x93e0x3f2S0x103	JUMP
0x1181S0xfa3S0xfebS0x93e0x3f2S0x103	JUMPI
0x1169S0xfa3S0xfebS0x93e0x3f2S0x103	JUMPI
0x1178S0xfa3S0xfebS0x93e0x3f2S0x103	JUMP
0x1171S0xfa3S0xfebS0x93e0x3f2S0x103	MSTORE
0x1189S0xfa3S0xfebS0x93e0x3f2S0x103	JUMP
0x1188S0xfa3S0xfebS0x93e0x3f2S0x103	MSTORE
0x8830x3f2S0x103	JUMP
0x87d0x3f2S0x103	SSTORE
0x9a90x3f2S0x103	JUMP
0xf8aS0x91a0x3f2S0x103	JUMP
0xf74S0x91a0x3f2S0x103	REVERT
0xf83S0x91a0x3f2S0x103	REVERT
0x10b8S0x482S0x103	JUMP
0x1eeb3S0xfa3S0x109aS0x482S0x103	JUMP
0x1ee8eS0x93e0x3f2S0x103	JUMP
0x1eeb3S0xfa3S0xfebS0x93e0x3f2S0x103	JUMP
0x5c8S0x116	JUMPI
0x5ddS0x116	REVERT
0x5d3S0x116	MSTORE
0x5d8S0x116	MSTORE
0x605S0x116	REVERT
0x5fbS0x116	MSTORE
0x600S0x116	MSTORE
0x631S0x116	REVERT
0x627S0x116	MSTORE
0x62cS0x116	MSTORE
0x65dS0x116	REVERT
0x653S0x116	MSTORE
0x658S0x116	MSTORE
0x7b70x5afS0x116	JUMP
0x7a80x5afS0x116	MSTORE
0x7ab0x5afS0x116	MSTORE
0x7b30x5afS0x116	RETURNDATACOPY
0x6de0x5afS0x116	JUMP
0x6cf0x5afS0x116	MSTORE
0x6d20x5afS0x116	MSTORE
0x6da0x5afS0x116	RETURNDATACOPY
0x9bc4S0x116	JUMP
0x1ecf4S0x116	JUMP
0x5f0S0x116	JUMPI
0x61cS0x116	JUMPI
0x648S0x116	JUMPI
0x66aS0x116	JUMP
0x67cS0x116	JUMP
0x5bbS0x116	JUMPI
0x6f20x5afS0x116	MSTORE
0x6f90x5afS0x116	MSTORE
0x70a0x5afS0x116	MSTORE
0x70d0x5afS0x116	MSTORE
0xb9c40x5afS0x116	JUMP
0xafc40x5afS0x116	JUMP
0xa5c40x5afS0x116	JUMP
0x80a0x5afS0x116	JUMP
0x7960x5afS0x116	JUMPI
0x77a0x5afS0x116	JUMP
0x7380x5afS0x116	MSTORE
0x7400x5afS0x116	MSTORE
0x74a0x5afS0x116	MSTORE
0x7510x5afS0x116	MSTORE
0x76b0x5afS0x116	MSTORE
0x7220x5afS0x116	SSTORE
0x6eb0x5afS0x116	JUMP
0x6bd0x5afS0x116	JUMPI
0x6930x5afS0x116	JUMPI
0x1ed220x5afS0x116	JUMP
0x1ed1c0x5afS0x116	LOG3
0xfe0S0x71f0x5afS0x116	JUMP
0xfeaS0x71f0x5afS0x116	JUMP
0xf5c4S0xfcfS0x71f0x5afS0x116	JUMP
0x1181S0xfcfS0x71f0x5afS0x116	JUMPI
0x1169S0xfcfS0x71f0x5afS0x116	JUMPI
0x1178S0xfcfS0x71f0x5afS0x116	JUMP
0x1171S0xfcfS0x71f0x5afS0x116	MSTORE
0x1189S0xfcfS0x71f0x5afS0x116	JUMP
0x1188S0xfcfS0x71f0x5afS0x116	MSTORE
0x1044S0x7c40x5afS0x116	JUMP
0x102bS0x7c40x5afS0x116	MSTORE
0x1031S0x7c40x5afS0x116	MSTORE
0x1038S0x7c40x5afS0x116	MSTORE
0xfceS0x101eS0x7c40x5afS0x116	JUMP
0xfbaS0x101eS0x7c40x5afS0x116	JUMP
0xfaaS0x101eS0x7c40x5afS0x116	MSTORE
0xf5c4S0xfa3S0x101eS0x7c40x5afS0x116	JUMP
0x1181S0xfa3S0x101eS0x7c40x5afS0x116	JUMPI
0x1169S0xfa3S0x101eS0x7c40x5afS0x116	JUMPI
0x1178S0xfa3S0x101eS0x7c40x5afS0x116	JUMP
0x1171S0xfa3S0x101eS0x7c40x5afS0x116	MSTORE
0x1189S0xfa3S0x101eS0x7c40x5afS0x116	JUMP
0x1188S0xfa3S0x101eS0x7c40x5afS0x116	MSTORE
0x1eeb3S0xfcfS0x71f0x5afS0x116	JUMP
0x104dS0x7c40x5afS0x116	JUMP
0x1eeb3S0xfa3S0x101eS0x7c40x5afS0x116	JUMP
