0x1a	0x4e
0x4a	0x2480
0x79	0x81
0x83	0xad
0x86	0x90
0xc4	0xcc
0xce	0x1eba8
0xd1	0xdb
0xe3	0x1ebc9
0xe6	0xf0
0xf1	0x1ea
0xf6	0x1ebea
0xf9	0x103
0x109	0x1ec0b
0x10c	0x116
0x11c	0x1ec2c
0x11f	0x129
0x12a	0x6830x11b
0x132	0x13a
0x162	0xb70x12e
0x1f7	0x253
0x221	0x246
0x242	0x24b
0x24f	0x39e
0x266	0x352
0x2ae	0x2b6
0x2bd	0x2ca
0x2e5	0x2ee
0x32d	0x335
0x33c	0x349
0x34e	0x39e
0x353	0x35c
0x38e	0x398
0x3d9	0x1ec99
0x8ad	0x8b70x884
0x9e6	0x9ee
0x9f5	0xa02
0xa1d	0xa26
0xa7f	0xa88
0xaa0	0xac5
0xac1	0xaca
0xad3	0xaf4
0xadc	0xaf4
0xaeb	0xaf4
0xaf5	0xafd
0xb36	0xb3e
0xb45	0xb52
0xb6d	0xb76
0xb77	0x1ed42
0x1137	0x1142
0x113e	0x2543
0x114e	0x1159
0x1155	0x2578
0x1193	0x119e
0x119a	0x25ad
0x4ba4	0xb70x75
0x55a4	0x14e
0x5fa4	0x24b
0x69a4	0x39e
0xc3a4	0xaca
0x3ddd6	0x473d6
0x3e7d6	0x44bd6
0x3f1d6	0x455d6
0x3fbd6	0x45fd6
0x405d6	0x469d6
0x40fd6	0x42dd6
0x419d6	0x437d6
0x423d6	0x441d6
0x11b0xb9a4	0x7c40x11b
0x11b0xafa4	0x7bd0x11b
0x11b0xa5a4	0x6e40x11b
0x8840x992	0x99f0x884
0x8840x983	0x98b0x884
0x8840x95e	0x9710x884
0x8840x935	0x93e0x884
0x8840x90d	0x91a0x884
0x8840x8fe	0x9060x884
0x11b0x800	0x1ed140x11b
0x11b0x7b4	0x7bd0x11b
0x11b0x793	0x7b80x11b
0x11b0x772	0x77b0x11b
0x11b0x715	0x71f0x11b
0x11b0x6e8	0x7c40x11b
0x11b0x6db	0x6e40x11b
0x11b0x6ba	0x6df0x11b
0x11b0x690	0x6ec0x11b
0xf6eV0x2ca	0xf75B0x2ca
0xf7dV0x2ca	0xf84B0x2ca
0xf95V0xa02	0xf9cB0xa02
0xf95V0xb52	0xf9cB0xb52
0xf6eV0xae0	0xf75B0xae0
0xf7dV0xae0	0xf84B0xae0
0xf6eV0x91a0x884	0xf75B0x91a0x884
0xf7dV0x91a0x884	0xf84B0x91a0x884
0xd5aV0x81	0xd61B0x81
0xd64V0x81	0xd6cB0x81
0xd74V0x81	0xd7cB0x81
0x11deV0xd61V0x81	0x11e6B0xd61B0x81
0x11deV0xd6cV0x81	0x11e6B0xd6cB0x81
0xfd4V0xa26	0xfe1B0xa26
0xf5a4V0xfcfV0xa26	0x1161B0xfcfB0xa26
0x117eV0xfcfV0xa26	0x1eeaeB0xfcfB0xa26
0x1166V0xfcfV0xa26	0x1179B0xfcfB0xa26
0x1175V0xfcfV0xa26	0x1161B0xfcfB0xa26
0xfd4V0x71f0x11b	0xfe1B0x71f0x11b
0xf5a4V0xfcfV0x71f0x11b	0x1161B0xfcfB0x71f0x11b
0x117eV0xfcfV0x71f0x11b	0x1eeaeB0xfcfB0x71f0x11b
0x1166V0xfcfV0x71f0x11b	0x1179B0xfcfB0x71f0x11b
0x1175V0xfcfV0x71f0x11b	0x1161B0xfcfB0x71f0x11b
0xe11V0xcc	0xe18B0xcc
0xe1bV0xcc	0xe23B0xcc
0xe2bV0xcc	0xe33B0xcc
0xe3bV0xcc	0xe43B0xcc
0xe5eV0xcc	0xe65B0xcc
0xe66V0xcc	0xe71B0xcc
0x11deV0xe18V0xcc	0x11e6B0xe18B0xcc
0x11deV0xe23V0xcc	0x11e6B0xe23B0xcc
0x11deV0xe33V0xcc	0x11e6B0xe33B0xcc
0xca0V0xe65V0xcc	0x24a4B0xe65B0xcc
0xc83V0xe65V0xcc	0xc8aB0xe65B0xcc
0xc99V0xe65V0xcc	0xca4B0xe65B0xcc
0xca5V0xe65V0xcc	0xcb7B0xe65B0xcc
0xcc4V0xe65V0xcc	0xccbB0xe65B0xcc
0x10ffV0xca4V0xe65V0xcc	0x24d9B0xca4B0xe65B0xcc
0x10f8V0xca4V0xe65V0xcc	0x1103B0xca4B0xe65B0xcc
0x10c6V0x39e	0x10d2B0x39e
0xfabV0x10b9V0x39e	0xfbbB0x10b9B0x39e
0xf5a4V0xfa3V0x10b9V0x39e	0x1161B0xfa3B0x10b9B0x39e
0x117eV0xfa3V0x10b9V0x39e	0x1eeaeB0xfa3B0x10b9B0x39e
0x1166V0xfa3V0x10b9V0x39e	0x1179B0xfa3B0x10b9B0x39e
0x1175V0xfa3V0x10b9V0x39e	0x1161B0xfa3B0x10b9B0x39e
0xcf3V0xe2	0xcfaB0xe2
0xcfdV0xe2	0xd05B0xe2
0xd0dV0xe2	0xd15B0xe2
0xd30V0xe2	0xd37B0xe2
0xd38V0xe2	0x1ee0bB0xe2
0x11deV0xcfaV0xe2	0x11e6B0xcfaB0xe2
0x11deV0xd05V0xe2	0x11e6B0xd05B0xe2
0xca0V0xd37V0xe2	0x24a4B0xd37B0xe2
0xc83V0xd37V0xe2	0xc8aB0xd37B0xe2
0xc99V0xd37V0xe2	0xca4B0xd37B0xe2
0xca5V0xd37V0xe2	0xcb7B0xd37B0xe2
0xcc4V0xd37V0xe2	0xccbB0xd37B0xe2
0x10ffV0xca4V0xd37V0xe2	0x24d9B0xca4B0xd37B0xe2
0x10f8V0xca4V0xd37V0xe2	0x1103B0xca4B0xd37B0xe2
0xcf3V0x11b	0xcfaB0x11b
0xcfdV0x11b	0xd05B0x11b
0xd0dV0x11b	0xd15B0x11b
0xd30V0x11b	0xd37B0x11b
0xd38V0x11b	0x1ee0bB0x11b
0x11deV0xcfaV0x11b	0x11e6B0xcfaB0x11b
0x11deV0xd05V0x11b	0x11e6B0xd05B0x11b
0xca0V0xd37V0x11b	0x24a4B0xd37B0x11b
0xc83V0xd37V0x11b	0xc8aB0xd37B0x11b
0xc99V0xd37V0x11b	0xca4B0xd37B0x11b
0xca5V0xd37V0x11b	0xcb7B0xd37B0x11b
0xcc4V0xd37V0x11b	0xccbB0xd37B0x11b
0x10ffV0xca4V0xd37V0x11b	0x24d9B0xca4B0xd37B0x11b
0x10f8V0xca4V0xd37V0x11b	0x1103B0xca4B0xd37B0x11b
0x1039V0x7c40x11b	0x1045B0x7c40x11b
0xfabV0x101eV0x7c40x11b	0xfbbB0x101eB0x7c40x11b
0xf5a4V0xfa3V0x101eV0x7c40x11b	0x1161B0xfa3B0x101eB0x7c40x11b
0x117eV0xfa3V0x101eV0x7c40x11b	0x1eeaeB0xfa3B0x101eB0x7c40x11b
0x1166V0xfa3V0x101eV0x7c40x11b	0x1179B0xfa3B0x101eB0x7c40x11b
0x1175V0xfa3V0x101eV0x7c40x11b	0x1161B0xfa3B0x101eB0x7c40x11b
0x1013V0x93e0x884	0x1ee85B0x93e0x884
0xfabV0xfebV0x93e0x884	0xfbbB0xfebB0x93e0x884
0xf5a4V0xfa3V0xfebV0x93e0x884	0x1161B0xfa3B0xfebB0x93e0x884
0x117eV0xfa3V0xfebV0x93e0x884	0x1eeaeB0xfa3B0xfebB0x93e0x884
0x1166V0xfa3V0xfebV0x93e0x884	0x1179B0xfa3B0xfebB0x93e0x884
0x1175V0xfa3V0xfebV0x93e0x884	0x1161B0xfa3B0xfebB0x93e0x884
0x178V0xdb	0x182B0xdb
0x17eV0xdb	0x80b0x166B0xdb
0x174V0xdb	0x1d6B0xdb
0x1d7V0xdb	0x1ec73B0xdb
0x1beV0xdb	0x1c9B0xdb
0x1d2V0xdb	0x1ec4dB0xdb
0x1660x834V0xdb	0x83e0x166B0xdb
0x1660x870V0xdb	0x87a0x166B0xdb
0x1039V0x182V0xdb	0x1045B0x182B0xdb
0xfabV0x101eV0x182V0xdb	0xfbbB0x101eB0x182B0xdb
0xf5a4V0xfa3V0x101eV0x182V0xdb	0x1161B0xfa3B0x101eB0x182B0xdb
0x117eV0xfa3V0x101eV0x182V0xdb	0x1eeaeB0xfa3B0x101eB0x182B0xdb
0x1166V0xfa3V0x101eV0x182V0xdb	0x1179B0xfa3B0x101eB0x182B0xdb
0x1175V0xfa3V0x101eV0x182V0xdb	0x1161B0xfa3B0x101eB0x182B0xdb
0xd95V0xf5	0xd9cB0xf5
0xd9fV0xf5	0xda7B0xf5
0xdafV0xf5	0xdb7B0xf5
0xdccV0xf5	0xdd3B0xf5
0xdd4V0xf5	0xddfB0xf5
0xdedV0xf5	0xdf4B0xf5
0xdf6V0xf5	0x1ee36B0xf5
0x11deV0xd9cV0xf5	0x11e6B0xd9cB0xf5
0x11deV0xda7V0xf5	0x11e6B0xda7B0xf5
0xca0V0xdf4V0xf5	0x24a4B0xdf4B0xf5
0xc83V0xdf4V0xf5	0xc8aB0xdf4B0xf5
0xc99V0xdf4V0xf5	0xca4B0xdf4B0xf5
0xca5V0xdf4V0xf5	0xcb7B0xdf4B0xf5
0xcc4V0xdf4V0xf5	0xccbB0xdf4B0xf5
0x10ffV0xca4V0xdf4V0xf5	0x24d9B0xca4B0xdf4B0xf5
0x10f8V0xca4V0xdf4V0xf5	0x1103B0xca4B0xdf4B0xf5
0xc43V0xdd3V0xf5	0xc4aB0xdd3B0xf5
0xc06V0xdd3V0xf5	0xc11B0xdd3B0xf5
0xc09V0xdd3V0xf5	0x1edbbB0xdd3B0xf5
0xc29V0xdd3V0xf5	0xc30B0xdd3B0xf5
0xd7a4V0xdd3V0xf5	0xc32B0xdd3B0xf5
0xc4bV0xdd3V0xf5	0xc53B0xdd3B0xf5
0xc56V0xdd3V0xf5	0xc5eB0xdd3B0xf5
0xc76V0xdd3V0xf5	0xc32B0xdd3B0xf5
0xc37V0xdd3V0xf5	0x1eddfB0xdd3B0xf5
0xbfaV0xdd3V0xf5	0xc01B0xdd3B0xf5
0x10ffV0x1edbbV0xdd3V0xf5	0x24d9B0x1edbbB0xdd3B0xf5
0x10f8V0x1edbbV0xdd3V0xf5	0x1103B0x1edbbB0xdd3B0xf5
0x10ffV0xc4aV0xdd3V0xf5	0x24d9B0xc4aB0xdd3B0xf5
0x10f8V0xc4aV0xdd3V0xf5	0x1103B0xc4aB0xdd3B0xf5
0x11deV0xc53V0xdd3V0xf5	0x11e6B0xc53B0xdd3B0xf5
0x1121V0xc01V0xdd3V0xf5	0x250eB0xc01B0xdd3B0xf5
0x111aV0xc01V0xdd3V0xf5	0x1125B0xc01B0xdd3B0xf5
0xe8bV0x108	0xe92B0x108
0xea2V0x108	0xea9B0x108
0xeb5V0x108	0xebcB0x108
0xec1V0x108	0xeccB0x108
0xec4V0x108	0x1ee61B0x108
0xee4V0x108	0xeebB0x108
0xe1a4V0x108	0xeefB0x108
0xf25V0x108	0xf2cB0x108
0xf12V0x108	0xeefB0x108
0xef4V0x108	0xf16B0x108
0xf2dV0x108	0xf38B0x108
0xf46V0x108	0xf4dB0x108
0xf4fV0x108	0xf5aB0x108
0xefaV0x108	0xf02B0x108
0x10ffV0x1ee61V0x108	0x24d9B0x1ee61B0x108
0x10f8V0x1ee61V0x108	0x1103B0x1ee61B0x108
0x11deV0xef8V0x108	0x11e6B0xef8B0x108
0x1121V0xebcV0x108	0x250eB0xebcB0x108
0x111aV0xebcV0x108	0x1125B0xebcB0x108
0xc43V0xf2cV0x108	0xc4aB0xf2cB0x108
0xc06V0xf2cV0x108	0xc11B0xf2cB0x108
0xc09V0xf2cV0x108	0x1edbbB0xf2cB0x108
0xc29V0xf2cV0x108	0xc30B0xf2cB0x108
0xd7a4V0xf2cV0x108	0xc32B0xf2cB0x108
0xc4bV0xf2cV0x108	0xc53B0xf2cB0x108
0xc56V0xf2cV0x108	0xc5eB0xf2cB0x108
0xc76V0xf2cV0x108	0xc32B0xf2cB0x108
0xc37V0xf2cV0x108	0x1eddfB0xf2cB0x108
0xbfaV0xf2cV0x108	0xc01B0xf2cB0x108
0x10ffV0x1edbbV0xf2cV0x108	0x24d9B0x1edbbB0xf2cB0x108
0x10f8V0x1edbbV0xf2cV0x108	0x1103B0x1edbbB0xf2cB0x108
0x10ffV0xc4aV0xf2cV0x108	0x24d9B0xc4aB0xf2cB0x108
0x10f8V0xc4aV0xf2cV0x108	0x1103B0xc4aB0xf2cB0x108
0x11deV0xc53V0xf2cV0x108	0x11e6B0xc53B0xf2cB0x108
0x1121V0xc01V0xf2cV0x108	0x250eB0xc01B0xf2cB0x108
0x111aV0xc01V0xf2cV0x108	0x1125B0xc01B0xf2cB0x108
0xbc4V0xf4dV0x108	0xbd2B0xf4dB0x108
0xb9fV0xf4dV0x108	0xbafB0xf4dB0x108
0xba2V0xf4dV0x108	0x1ed6bB0xf4dB0x108
0xcda4V0xf4dV0x108	0xbbbB0xf4dB0x108
0xbe0V0xf4dV0x108	0xbbbB0xf4dB0x108
0xbc0V0xf4dV0x108	0x1ed8fB0xf4dB0x108
0xb93V0xf4dV0x108	0xb9aB0xf4dB0x108
0x10ffV0x1ed6bV0xf4dV0x108	0x24d9B0x1ed6bB0xf4dB0x108
0x10f8V0x1ed6bV0xf4dV0x108	0x1103B0x1ed6bB0xf4dB0x108
0xca0V0xbc4V0xf4dV0x108	0x24a4B0xbc4B0xf4dB0x108
0xc83V0xbc4V0xf4dV0x108	0xc8aB0xbc4B0xf4dB0x108
0xc99V0xbc4V0xf4dV0x108	0xca4B0xbc4B0xf4dB0x108
0xca5V0xbc4V0xf4dV0x108	0xcb7B0xbc4B0xf4dB0x108
0xcc4V0xbc4V0xf4dV0x108	0xccbB0xbc4B0xf4dB0x108
0x10ffV0xca4V0xbc4V0xf4dV0x108	0x24d9B0xca4B0xbc4B0xf4dB0x108
0x10f8V0xca4V0xbc4V0xf4dV0x108	0x1103B0xca4B0xbc4B0xf4dB0x108
0x1121V0xb9aV0xf4dV0x108	0x250eB0xb9aB0xf4dB0x108
0x111aV0xb9aV0xf4dV0x108	0x1125B0xb9aB0xf4dB0x108
0x73a4V0x103	0x406B0x103
0x410V0x103	0x470B0x103
0x41aV0x103	0x433B0x103
0x4e2V0x103	0x544B0x103
0x4edV0x103	0x506B0x103
0x59dV0x103	0x1ecc7B0x103
0x400V0x103	0x4d5B0x103
0x7da4V0x103	0x4d8B0x103
0x4beV0x103	0x4c8B0x103
0x472V0x103	0x47aB0x103
0x446V0x103	0x45fB0x103
0x46cV0x103	0x80b0x3f2B0x103
0x47eV0x103	0x406B0x103
0x40cV0x103	0x482B0x103
0x4d1V0x103	0x558B0x103
0x57cV0x103	0x5a1B0x103
0x87a4V0x103	0x558B0x103
0x546V0x103	0x54eB0x103
0x519V0x103	0x532B0x103
0x540V0x103	0x8840x3f2B0x103
0x552V0x103	0x4d8B0x103
0x4deV0x103	0x556B0x103
0x91a4V0x103	0x1eed3B0x103
0x3f20x834V0x103	0x83e0x3f2B0x103
0x3f20x870V0x103	0x87a0x3f2B0x103
0x3f20x8adV0x103	0x8b70x3f2B0x103
0x3f20x992V0x103	0x99f0x3f2B0x103
0x3f20x983V0x103	0x98b0x3f2B0x103
0x3f20x95eV0x103	0x9710x3f2B0x103
0x3f20x935V0x103	0x93e0x3f2B0x103
0x3f20x90dV0x103	0x91a0x3f2B0x103
0x3f20x8feV0x103	0x9060x3f2B0x103
0xf6eV0x91a0x3f2V0x103	0xf75B0x91a0x3f2B0x103
0xf7dV0x91a0x3f2V0x103	0xf84B0x91a0x3f2B0x103
0xeba4V0x482V0x103	0x106cB0x482B0x103
0x10a5V0x482V0x103	0x10aeB0x482B0x103
0x1071V0x482V0x103	0x109aB0x482B0x103
0x1096V0x482V0x103	0x106cB0x482B0x103
0xfabV0x109aV0x482V0x103	0xfbbB0x109aB0x482B0x103
0xf5a4V0xfa3V0x109aV0x482V0x103	0x1161B0xfa3B0x109aB0x482B0x103
0x117eV0xfa3V0x109aV0x482V0x103	0x1eeaeB0xfa3B0x109aB0x482B0x103
0x1166V0xfa3V0x109aV0x482V0x103	0x1179B0xfa3B0x109aB0x482B0x103
0x1175V0xfa3V0x109aV0x482V0x103	0x1161B0xfa3B0x109aB0x482B0x103
0x1013V0x93e0x3f2V0x103	0x1ee85B0x93e0x3f2B0x103
0xfabV0xfebV0x93e0x3f2V0x103	0xfbbB0xfebB0x93e0x3f2B0x103
0xf5a4V0xfa3V0xfebV0x93e0x3f2V0x103	0x1161B0xfa3B0xfebB0x93e0x3f2B0x103
0x117eV0xfa3V0xfebV0x93e0x3f2V0x103	0x1eeaeB0xfa3B0xfebB0x93e0x3f2B0x103
0x1166V0xfa3V0xfebV0x93e0x3f2V0x103	0x1179B0xfa3B0xfebB0x93e0x3f2B0x103
0x1175V0xfa3V0xfebV0x93e0x3f2V0x103	0x1161B0xfa3B0xfebB0x93e0x3f2B0x103
0x5bcV0x116	0x66bB0x116
0x5c5V0x116	0x5deB0x116
0x5af0x7b4V0x116	0x7bd0x5afB0x116
0x5af0x6dbV0x116	0x6e40x5afB0x116
0x9ba4V0x116	0x5b2B0x116
0x66dV0x116	0x675B0x116
0x5edV0x116	0x606B0x116
0x619V0x116	0x632B0x116
0x645V0x116	0x65eB0x116
0x667V0x116	0x6830x5afB0x116
0x679V0x116	0x5b2B0x116
0x5b8V0x116	0x1ecefB0x116
0x5af0x715V0x116	0x71f0x5afB0x116
0x5af0xb9a4V0x116	0x7c40x5afB0x116
0x5af0xafa4V0x116	0x7bd0x5afB0x116
0x5af0xa5a4V0x116	0x6e40x5afB0x116
0x5af0x800V0x116	0x1ed140x5afB0x116
0x5af0x793V0x116	0x7b80x5afB0x116
0x5af0x772V0x116	0x77b0x5afB0x116
0x5af0x6e8V0x116	0x7c40x5afB0x116
0x5af0x6baV0x116	0x6df0x5afB0x116
0x5af0x690V0x116	0x6ec0x5afB0x116
0xfd4V0x71f0x5afV0x116	0xfe1B0x71f0x5afB0x116
0xf5a4V0xfcfV0x71f0x5afV0x116	0x1161B0xfcfB0x71f0x5afB0x116
0x117eV0xfcfV0x71f0x5afV0x116	0x1eeaeB0xfcfB0x71f0x5afB0x116
0x1166V0xfcfV0x71f0x5afV0x116	0x1179B0xfcfB0x71f0x5afB0x116
0x1175V0xfcfV0x71f0x5afV0x116	0x1161B0xfcfB0x71f0x5afB0x116
0x1039V0x7c40x5afV0x116	0x1045B0x7c40x5afB0x116
0xfabV0x101eV0x7c40x5afV0x116	0xfbbB0x101eB0x7c40x5afB0x116
0xf5a4V0xfa3V0x101eV0x7c40x5afV0x116	0x1161B0xfa3B0x101eB0x7c40x5afB0x116
0x117eV0xfa3V0x101eV0x7c40x5afV0x116	0x1eeaeB0xfa3B0x101eB0x7c40x5afB0x116
0x1166V0xfa3V0x101eV0x7c40x5afV0x116	0x1179B0xfa3B0x101eB0x7c40x5afB0x116
0x1175V0xfa3V0x101eV0x7c40x5afV0x116	0x1161B0xfa3B0x101eB0x7c40x5afB0x116
