0x0	30
0x3f	22
0xd	34
0x4a	11
0x7d	6
0xc8	6
0x136	6
0x225	76
0x2b2	6
0x2c1	16
0x331	6
0x340	16
0x9ea	6
0x9f9	16
0xaa4	76
0xaf9	6
0xb3a	6
0xb49	16
0x113b	14
0x1152	14
0x1197	14
0x9960x884	16
0x9870x884	6
0x9110x884	16
0x9020x884	6
0x7970x11b	76
0x6be0x11b	76
0x4e	23
0x2480	7
0x81	25
0xad	33
0x90	329
0xcc	25
0x1eba8	1
0xdb	12
0x1ebc9	1
0xf0	12
0x1ea	38
0x1ebea	1
0x103	12
0x1ec0b	1
0x116	12
0x1ec2c	1
0x129	12
0x13a	241
0x14e	54
0x253	253
0x246	20
0x24b	18
0x39e	81
0x352	21
0x2b6	727
0x2ca	81
0x2ee	1036
0x335	727
0x349	20
0x35c	400
0x9aa	833
0x398	5022
0x112f	32
0x1ec99	1537
0x1147	29
0x9ee	67
0xa02	81
0xa26	228
0xa88	764
0xac5	20
0xaca	35
0xaf4	14
0xafd	827
0xb3e	67
0xb52	81
0xb76	21
0x1ed42	27
0x1142	17
0x2543	31
0x1159	17
0x2578	31
0x119e	20
0x25ad	31
0x473d6	0
0x44bd6	0
0x455d6	0
0x45fd6	0
0x469d6	0
0x42dd6	0
0x437d6	0
0x441d6	0
0x75	22
0xc0	22
0xe2	23
0xf5	23
0x108	23
0x11b	23
0x12e	22
0x245c	7
0x884	373
0x118a	32
0x5a	22
0x1e	22
0x29	22
0x34	22
0x65	22
0x70	7
0x1fb	799
0x26a	1049
0xad7	27
0xae0	49
0x6ec0x11b	373
0x7bd0x11b	26
0x7b80x11b	20
0x6df0x11b	20
0x98b0x884	727
0x9710x884	753
0x93e0x884	101
0x91a0x884	81
0x9060x884	727
0x8b70x884	5859
0x7c40x11b	86
0x77b0x11b	764
0x71f0x11b	5214
0x6e40x11b	18
0x6940x11b	799
0x6830x11b	38
0x1ed140x11b	1537
0xb70x75	19
0xb70x12e	19
0xf64B0x2ca	35
0xf75B0x2ca	35
0xf8bB0xa02	35
0xf9cB0xa02	22
0xf8bB0xb52	35
0xf9cB0xb52	22
0xf64B0xae0	35
0xf75B0xae0	35
0xf64B0x91a0x884	35
0xf75B0x91a0x884	35
0xd4fB0x81	38
0xd61B0x81	24
0xd6cB0x81	35
0x11e2B0xd61B0x81	6
0x11d1B0xd61B0x81	41
0x11e2B0xd6cB0x81	6
0x11d1B0xd6cB0x81	41
0xfcfB0xa26	39
0xfe1B0xa26	31
0x115eB0xfcfB0xa26	15
0x1179B0xfcfB0xa26	26
0x1161B0xfcfB0xa26	26
0x116aB0xfcfB0xa26	41
0x1182B0xfcfB0xa26	24
0xfcfB0x71f0x11b	39
0xfe1B0x71f0x11b	31
0x115eB0xfcfB0x71f0x11b	15
0x1179B0xfcfB0x71f0x11b	26
0x1161B0xfcfB0x71f0x11b	26
0x116aB0xfcfB0x71f0x11b	41
0x1182B0xfcfB0x71f0x11b	24
0xe01B0xcc	47
0xe18B0xcc	24
0xe23B0xcc	35
0xe33B0xcc	35
0xe43B0xcc	60
0xe65B0xcc	27
0x11e2B0xe18B0xcc	6
0x11d1B0xe18B0xcc	41
0x11e2B0xe23B0xcc	6
0x11d1B0xe23B0xcc	41
0x11e2B0xe33B0xcc	6
0x11d1B0xe33B0xcc	41
0xc9dB0xe65B0xcc	14
0xc7aB0xe65B0xcc	32
0xc8aB0xe65B0xcc	32
0xca4B0xe65B0xcc	39
0x24a4B0xe65B0xcc	31
0xcb7B0xe65B0xcc	47
0xccbB0xe65B0xcc	70
0x10fcB0xca4B0xe65B0xcc	14
0x10daB0xca4B0xe65B0xcc	68
0x1103B0xca4B0xe65B0xcc	23
0x24d9B0xca4B0xe65B0xcc	31
0x10b9B0x39e	54
0xfbbB0x10b9B0x39e	52
0xfa3B0x10b9B0x39e	54
0x115eB0xfa3B0x10b9B0x39e	15
0x1179B0xfa3B0x10b9B0x39e	26
0x1161B0xfa3B0x10b9B0x39e	26
0x116aB0xfa3B0x10b9B0x39e	41
0x1182B0xfa3B0x10b9B0x39e	24
0xce5B0xe2	44
0xcfaB0xe2	24
0xd05B0xe2	35
0xd15B0xe2	60
0xd37B0xe2	27
0x11e2B0xcfaB0xe2	6
0x11d1B0xcfaB0xe2	41
0x11e2B0xd05B0xe2	6
0x11d1B0xd05B0xe2	41
0xc9dB0xd37B0xe2	14
0xc7aB0xd37B0xe2	32
0xc8aB0xd37B0xe2	32
0xca4B0xd37B0xe2	39
0x24a4B0xd37B0xe2	31
0xcb7B0xd37B0xe2	47
0xccbB0xd37B0xe2	70
0x10fcB0xca4B0xd37B0xe2	14
0x10daB0xca4B0xd37B0xe2	68
0x1103B0xca4B0xd37B0xe2	23
0x24d9B0xca4B0xd37B0xe2	31
0xce5B0x11b	44
0xcfaB0x11b	24
0xd05B0x11b	35
0xd15B0x11b	60
0xd37B0x11b	27
0x11e2B0xcfaB0x11b	6
0x11d1B0xcfaB0x11b	41
0x11e2B0xd05B0x11b	6
0x11d1B0xd05B0x11b	41
0xc9dB0xd37B0x11b	14
0xc7aB0xd37B0x11b	32
0xc8aB0xd37B0x11b	32
0xca4B0xd37B0x11b	39
0x24a4B0xd37B0x11b	31
0xcb7B0xd37B0x11b	47
0xccbB0xd37B0x11b	70
0x10fcB0xca4B0xd37B0x11b	14
0x10daB0xca4B0xd37B0x11b	68
0x1103B0xca4B0xd37B0x11b	23
0x24d9B0xca4B0xd37B0x11b	31
0x101eB0x7c40x11b	87
0xfbbB0x101eB0x7c40x11b	52
0xfa3B0x101eB0x7c40x11b	54
0x115eB0xfa3B0x101eB0x7c40x11b	15
0x1179B0xfa3B0x101eB0x7c40x11b	26
0x1161B0xfa3B0x101eB0x7c40x11b	26
0x116aB0xfa3B0x101eB0x7c40x11b	41
0x1182B0xfa3B0x101eB0x7c40x11b	24
0xfebB0x93e0x884	120
0xfbbB0xfebB0x93e0x884	52
0xfa3B0xfebB0x93e0x884	54
0x115eB0xfa3B0xfebB0x93e0x884	15
0x1179B0xfa3B0xfebB0x93e0x884	26
0x1161B0xfa3B0xfebB0x93e0x884	26
0x116aB0xfa3B0xfebB0x93e0x884	41
0x1182B0xfa3B0xfebB0x93e0x884	24
0x178B0xdb	23
0x166B0xdb	43
0x1d6B0xdb	30
0x182B0xdb	86
0x1c9B0xdb	1530
0x80b0x166B0xdb	373
0x83e0x166B0xdb	5396
0x101eB0x182B0xdb	87
0xfbbB0x101eB0x182B0xdb	52
0xfa3B0x101eB0x182B0xdb	54
0x115eB0xfa3B0x101eB0x182B0xdb	15
0x1179B0xfa3B0x101eB0x182B0xdb	26
0x1161B0xfa3B0x101eB0x182B0xdb	26
0x116aB0xfa3B0x101eB0x182B0xdb	41
0x1182B0xfa3B0x101eB0x182B0xdb	24
0xd87B0xf5	44
0xd9cB0xf5	24
0xda7B0xf5	35
0xdb7B0xf5	46
0xdd3B0xf5	27
0xddfB0xf5	48
0xdf4B0xf5	29
0x11e2B0xd9cB0xf5	6
0x11d1B0xd9cB0xf5	41
0x11e2B0xda7B0xf5	6
0x11d1B0xda7B0xf5	41
0xc9dB0xdf4B0xf5	14
0xc7aB0xdf4B0xf5	32
0xc8aB0xdf4B0xf5	32
0xca4B0xdf4B0xf5	39
0x24a4B0xdf4B0xf5	31
0xcb7B0xdf4B0xf5	47
0xccbB0xdf4B0xf5	70
0x10fcB0xca4B0xdf4B0xf5	14
0x10daB0xca4B0xdf4B0xf5	68
0x1103B0xca4B0xdf4B0xf5	23
0x24d9B0xca4B0xdf4B0xf5	31
0xc3bB0xdd3B0xf5	34
0xc01B0xdd3B0xf5	30
0xc11B0xdd3B0xf5	79
0x1edbbB0xdd3B0xf5	12
0xc30B0xdd3B0xf5	15
0xc4aB0xdd3B0xf5	18
0xc53B0xdd3B0xf5	24
0xc5eB0xdd3B0xf5	78
0xc32B0xdd3B0xf5	26
0xbf1B0xdd3B0xf5	32
0x10fcB0x1edbbB0xdd3B0xf5	14
0x10daB0x1edbbB0xdd3B0xf5	68
0x1103B0x1edbbB0xdd3B0xf5	23
0x24d9B0x1edbbB0xdd3B0xf5	31
0x10fcB0xc4aB0xdd3B0xf5	14
0x10daB0xc4aB0xdd3B0xf5	68
0x1103B0xc4aB0xdd3B0xf5	23
0x24d9B0xc4aB0xdd3B0xf5	31
0x11e2B0xc53B0xdd3B0xf5	6
0x11d1B0xc53B0xdd3B0xf5	41
0x111eB0xc01B0xdd3B0xf5	14
0x110bB0xc01B0xdd3B0xf5	29
0x1125B0xc01B0xdd3B0xf5	26
0x250eB0xc01B0xdd3B0xf5	31
0xe7eB0x108	41
0xe92B0x108	35
0xea9B0x108	43
0xebcB0x108	30
0xeccB0x108	79
0x1ee61B0x108	12
0xeebB0x108	20
0xf16B0x108	51
0xf02B0x108	54
0xeefB0x108	26
0xf2cB0x108	27
0xf38B0x108	48
0xf4dB0x108	29
0xef8B0x108	23
0x10fcB0x1ee61B0x108	14
0x10daB0x1ee61B0x108	68
0x1103B0x1ee61B0x108	23
0x24d9B0x1ee61B0x108	31
0x11e2B0xef8B0x108	6
0x11d1B0xef8B0x108	41
0x111eB0xebcB0x108	14
0x110bB0xebcB0x108	29
0x1125B0xebcB0x108	26
0x250eB0xebcB0x108	31
0xc3bB0xf2cB0x108	34
0xc01B0xf2cB0x108	30
0xc11B0xf2cB0x108	79
0x1edbbB0xf2cB0x108	12
0xc30B0xf2cB0x108	15
0xc4aB0xf2cB0x108	18
0xc53B0xf2cB0x108	24
0xc5eB0xf2cB0x108	78
0xc32B0xf2cB0x108	26
0xbf1B0xf2cB0x108	32
0x10fcB0x1edbbB0xf2cB0x108	14
0x10daB0x1edbbB0xf2cB0x108	68
0x1103B0x1edbbB0xf2cB0x108	23
0x24d9B0x1edbbB0xf2cB0x108	31
0x10fcB0xc4aB0xf2cB0x108	14
0x10daB0xc4aB0xf2cB0x108	68
0x1103B0xc4aB0xf2cB0x108	23
0x24d9B0xc4aB0xf2cB0x108	31
0x11e2B0xc53B0xf2cB0x108	6
0x11d1B0xc53B0xf2cB0x108	41
0x111eB0xc01B0xf2cB0x108	14
0x110bB0xc01B0xf2cB0x108	29
0x1125B0xc01B0xf2cB0x108	26
0x250eB0xc01B0xf2cB0x108	31
0xbc4B0xf4dB0x108	35
0xb9aB0xf4dB0x108	30
0xbafB0xf4dB0x108	45
0x1ed6bB0xf4dB0x108	12
0xbd2B0xf4dB0x108	48
0xbbbB0xf4dB0x108	26
0xb8aB0xf4dB0x108	32
0x10fcB0x1ed6bB0xf4dB0x108	14
0x10daB0x1ed6bB0xf4dB0x108	68
0x1103B0x1ed6bB0xf4dB0x108	23
0x24d9B0x1ed6bB0xf4dB0x108	31
0xc9dB0xbc4B0xf4dB0x108	14
0xc7aB0xbc4B0xf4dB0x108	32
0xc8aB0xbc4B0xf4dB0x108	32
0xca4B0xbc4B0xf4dB0x108	39
0x24a4B0xbc4B0xf4dB0x108	31
0xcb7B0xbc4B0xf4dB0x108	47
0xccbB0xbc4B0xf4dB0x108	70
0x10fcB0xca4B0xbc4B0xf4dB0x108	14
0x10daB0xca4B0xbc4B0xf4dB0x108	68
0x1103B0xca4B0xbc4B0xf4dB0x108	23
0x24d9B0xca4B0xbc4B0xf4dB0x108	31
0x111eB0xb9aB0xf4dB0x108	14
0x110bB0xb9aB0xf4dB0x108	29
0x1125B0xb9aB0xf4dB0x108	26
0x250eB0xb9aB0xf4dB0x108	31
0x99f0x884	27
0xf84B0x2ca	21
0xf72B0x2ca	6
0xf81B0x2ca	6
0xf99B0xa02	6
0xf99B0xb52	6
0xf84B0xae0	21
0xf72B0xae0	6
0xf81B0xae0	6
0xf84B0x91a0x884	21
0xf72B0x91a0x884	6
0xf81B0x91a0x884	6
0xd7cB0x81	32
0xd5eB0x81	6
0x11e6B0xd61B0x81	11
0x11e6B0xd6cB0x81	11
0x1eeaeB0xfcfB0xa26	17
0x1eeaeB0xfcfB0x71f0x11b	17
0xe71B0xcc	38
0xe15B0xcc	6
0xe62B0xcc	6
0x11e6B0xe18B0xcc	11
0x11e6B0xe23B0xcc	11
0x11e6B0xe33B0xcc	11
0xc87B0xe65B0xcc	6
0xcc8B0xe65B0xcc	6
0x10d2B0x39e	23
0x1eeaeB0xfa3B0x10b9B0x39e	17
0x1ee0bB0xe2	35
0xcf7B0xe2	6
0xd34B0xe2	6
0x11e6B0xcfaB0xe2	11
0x11e6B0xd05B0xe2	11
0xc87B0xd37B0xe2	6
0xcc8B0xd37B0xe2	6
0x1ee0bB0x11b	35
0xcf7B0x11b	6
0xd34B0x11b	6
0x11e6B0xcfaB0x11b	11
0x11e6B0xd05B0x11b	11
0xc87B0xd37B0x11b	6
0xcc8B0xd37B0x11b	6
0x1045B0x7c40x11b	25
0x1eeaeB0xfa3B0x101eB0x7c40x11b	17
0x1ee85B0x93e0x884	27
0x1eeaeB0xfa3B0xfebB0x93e0x884	17
0x1ec4dB0xdb	19
0x1ec73B0xdb	19
0x87a0x166B0xdb	5025
0x1045B0x182B0xdb	25
0x1eeaeB0xfa3B0x101eB0x182B0xdb	17
0x1ee36B0xf5	35
0xd99B0xf5	6
0xdd0B0xf5	6
0xdf1B0xf5	6
0x11e6B0xd9cB0xf5	11
0x11e6B0xda7B0xf5	11
0xc87B0xdf4B0xf5	6
0xcc8B0xdf4B0xf5	6
0x1eddfB0xdd3B0xf5	34
0xbfeB0xdd3B0xf5	6
0xc2dB0xdd3B0xf5	6
0xc47B0xdd3B0xf5	6
0x11e6B0xc53B0xdd3B0xf5	11
0xf5aB0x108	29
0xe8fB0x108	6
0xea6B0x108	6
0xeb9B0x108	6
0xee8B0x108	6
0xf29B0x108	6
0xf4aB0x108	6
0x11e6B0xef8B0x108	11
0x1eddfB0xf2cB0x108	34
0xbfeB0xf2cB0x108	6
0xc2dB0xf2cB0x108	6
0xc47B0xf2cB0x108	6
0x11e6B0xc53B0xf2cB0x108	11
0x1ed8fB0xf4dB0x108	34
0xb97B0xf4dB0x108	6
0xc87B0xbc4B0xf4dB0x108	6
0xcc8B0xbc4B0xf4dB0x108	6
0x404B0x103	14
0x410B0x103	37
0x41eB0x103	30
0x44aB0x103	30
0x4e2B0x103	40
0x4f1B0x103	30
0x51dB0x103	30
0x580B0x103	76
0x9960x3f2B0x103	16
0x9870x3f2B0x103	6
0x9110x3f2B0x103	16
0x9020x3f2B0x103	6
0x3f2B0x103	43
0x4d5B0x103	15
0x482B0x103	82
0x470B0x103	21
0x433B0x103	61
0x45fB0x103	41
0x47aB0x103	19
0x406B0x103	29
0x4c8B0x103	1530
0x558B0x103	792
0x556B0x103	14
0x544B0x103	21
0x506B0x103	61
0x532B0x103	44
0x54eB0x103	19
0x4d8B0x103	29
0x5a1B0x103	20
0x1ecc7B0x103	23
0x1eed3B0x103	23
0x80b0x3f2B0x103	373
0x83e0x3f2B0x103	5396
0x8840x3f2B0x103	373
0x98b0x3f2B0x103	727
0x9710x3f2B0x103	753
0x93e0x3f2B0x103	101
0x91a0x3f2B0x103	81
0x9060x3f2B0x103	727
0x8b70x3f2B0x103	5859
0xf64B0x91a0x3f2B0x103	35
0xf75B0x91a0x3f2B0x103	35
0x104eB0x482B0x103	87
0x109aB0x482B0x103	48
0x106cB0x482B0x103	26
0x1075B0x482B0x103	98
0xfbbB0x109aB0x482B0x103	52
0xfa3B0x109aB0x482B0x103	54
0x115eB0xfa3B0x109aB0x482B0x103	15
0x1179B0xfa3B0x109aB0x482B0x103	26
0x1161B0xfa3B0x109aB0x482B0x103	26
0x116aB0xfa3B0x109aB0x482B0x103	41
0x1182B0xfa3B0x109aB0x482B0x103	24
0xfebB0x93e0x3f2B0x103	120
0xfbbB0xfebB0x93e0x3f2B0x103	52
0xfa3B0xfebB0x93e0x3f2B0x103	54
0x115eB0xfa3B0xfebB0x93e0x3f2B0x103	15
0x1179B0xfa3B0xfebB0x93e0x3f2B0x103	26
0x1161B0xfa3B0xfebB0x93e0x3f2B0x103	26
0x116aB0xfa3B0xfebB0x93e0x3f2B0x103	41
0x1182B0xfa3B0xfebB0x93e0x3f2B0x103	24
0x87a0x3f2B0x103	5025
0x99f0x3f2B0x103	27
0xf84B0x91a0x3f2B0x103	21
0xf72B0x91a0x3f2B0x103	6
0xf81B0x91a0x3f2B0x103	6
0x10aeB0x482B0x103	29
0x1eeaeB0xfa3B0x109aB0x482B0x103	17
0x1ee85B0x93e0x3f2B0x103	27
0x1eeaeB0xfa3B0xfebB0x93e0x3f2B0x103	17
0x5bcB0x116	34
0x5c9B0x116	30
0x5f1B0x116	30
0x61dB0x116	30
0x649B0x116	30
0x7970x5afB0x116	76
0x6be0x5afB0x116	76
0x5afB0x116	15
0x1ecefB0x116	17
0x66bB0x116	21
0x5deB0x116	52
0x606B0x116	61
0x632B0x116	61
0x65eB0x116	32
0x675B0x116	19
0x5b2B0x116	29
0x6ec0x5afB0x116	373
0x7bd0x5afB0x116	26
0x7b80x5afB0x116	20
0x6df0x5afB0x116	20
0x7c40x5afB0x116	86
0x77b0x5afB0x116	764
0x71f0x5afB0x116	5214
0x6e40x5afB0x116	18
0x6940x5afB0x116	799
0x6830x5afB0x116	38
0x1ed140x5afB0x116	1537
0xfcfB0x71f0x5afB0x116	39
0xfe1B0x71f0x5afB0x116	31
0x115eB0xfcfB0x71f0x5afB0x116	15
0x1179B0xfcfB0x71f0x5afB0x116	26
0x1161B0xfcfB0x71f0x5afB0x116	26
0x116aB0xfcfB0x71f0x5afB0x116	41
0x1182B0xfcfB0x71f0x5afB0x116	24
0x101eB0x7c40x5afB0x116	87
0xfbbB0x101eB0x7c40x5afB0x116	52
0xfa3B0x101eB0x7c40x5afB0x116	54
0x115eB0xfa3B0x101eB0x7c40x5afB0x116	15
0x1179B0xfa3B0x101eB0x7c40x5afB0x116	26
0x1161B0xfa3B0x101eB0x7c40x5afB0x116	26
0x116aB0xfa3B0x101eB0x7c40x5afB0x116	41
0x1182B0xfa3B0x101eB0x7c40x5afB0x116	24
0x1eeaeB0xfcfB0x71f0x5afB0x116	17
0x1045B0x7c40x5afB0x116	25
0x1eeaeB0xfa3B0x101eB0x7c40x5afB0x116	17
