0x2a04	fullExit(uint32,address)
0x4fde	Panic(uint256)
0xb574	Error(string)
0xb670	Error(string)
0xb698	Error(string)
0xb6c0	Error(string)
0xb6e8	Error(string)
0xb710	Error(string)
0xb738	Error(string)
0xb760	Error(string)
0xb788	Error(string)
0xba12	Panic(uint256)
0xba47	Panic(uint256)
0xbabf	Error(string)
0xbae7	Error(string)
0xbb1c	Panic(uint256)
0xbb51	Panic(uint256)
0xbb86	Panic(uint256)
0xbbbb	Panic(uint256)
0xbbf0	Panic(uint256)
0xbc18	Error(string)
0xbe11	Error(string)
0xc025	Error(string)
0xc04d	Error(string)
0xc0c5	Error(string)
0xc18c	Panic(uint256)
0xc260	Panic(uint256)
0xc2ca	Panic(uint256)
0xc369	Panic(uint256)
0xc39e	Panic(uint256)
0xff74c	Error(string)
0xff774	Error(string)
0xff863	Error(string)
0x4f97S0x4f98	Panic(uint256)
0xb7d8S0x123d	Error(string)
0xb9a8S0x13e5	Error(string)
0xc334S0x20a1	Panic(uint256)
0xc2ffS0x20b0	Panic(uint256)
0xc334S0x2146	Panic(uint256)
0xc2ffS0x216a	Panic(uint256)
0xb9ddS0xb92S0x532	Panic(uint256)
0xbc4dS0x17f2S0x1225	Panic(uint256)
0xbc82S0x17f2S0x1225	Panic(uint256)
0x55e6S0x17f2S0x1225	Panic(uint256)
0x4f97S0x51b2S0x1391	Panic(uint256)
0x4f97S0x51b2S0x15f8	Panic(uint256)
0x10095fS0x3b0	Error(string)
0xc122S0x641	Panic(uint256)
0xc1c1S0x1004aaS0x641	Panic(uint256)
0xc1f6S0x4d85S0x641	Panic(uint256)
0xc22bS0x4e12S0x641	Panic(uint256)
0xc1c1S0x4b1aS0x4e12S0x641	Panic(uint256)
0xc075S0x36ee	Error(string)
0xc09dS0x36ee	Error(string)
0xc1c1S0x100464S0x4f06	Panic(uint256)
0xc1f6S0x4b69S0x4f06	Panic(uint256)
0xc22bS0x4bd2S0x4f06	Panic(uint256)
0xc1c1S0x4b1aS0x4bd2S0x4f06	Panic(uint256)
0xc1c1S0x100464S0x4c67S0x47c	Panic(uint256)
0xc1f6S0x4b69S0x4c67S0x47c	Panic(uint256)
0xc22bS0x4bd2S0x4c67S0x47c	Panic(uint256)
0xc1c1S0x4b1aS0x4bd2S0x4c67S0x47c	Panic(uint256)
0xb7b0S0x11ceS0x2a6	Error(string)
0xb5a9S0x650	Panic(uint256)
0xb5deS0x650	Panic(uint256)
0xb613S0x650	Panic(uint256)
0xb648S0x650	Panic(uint256)
0xb80dS0x137c	Panic(uint256)
0xb842S0x137c	Panic(uint256)
0xb877S0x137c	Panic(uint256)
0xb8acS0x137c	Panic(uint256)
0xb8e1S0x137c	Panic(uint256)
0xffa26S0x137c	Error(string)
0xb916S0x137c	Panic(uint256)
0xb94bS0x137c	Panic(uint256)
0xb980S0x137c	Panic(uint256)
0xbcb7S0x137c	Panic(uint256)
0xbcdfS0x137c	Error(string)
0xbd07S0x137c	Error(string)
0xc157S0x137c	Panic(uint256)
0xb9a8S0x1852S0x137c	Error(string)
0xc2ffS0x18f0S0x137c	Panic(uint256)
0xc295S0x1bf1S0x137c	Panic(uint256)
0xbd3cS0x232fS0x137c	Panic(uint256)
0xbd64S0x232fS0x137c	Error(string)
0xbd99S0x232fS0x137c	Panic(uint256)
0xbdc1S0x232fS0x137c	Error(string)
0xbde9S0x232fS0x137c	Error(string)
0xbfd5S0x232fS0x137c	Error(string)
0xbffdS0x232fS0x137c	Error(string)
0xc3d3S0x232fS0x137c	Panic(uint256)
0xc408S0x232fS0x137c	Panic(uint256)
0xbe39S0x23d7S0x137c	Error(string)
0xbe61S0x23d7S0x137c	Error(string)
0xbe39S0x25c0S0x137c	Error(string)
0xbe61S0x25c0S0x137c	Error(string)
0xbe39S0x26daS0x137c	Error(string)
0xbe61S0x26daS0x137c	Error(string)
0xbe39S0x2c4aB0x232fS0x137c	Error(string)
0xbe61S0x2c4aB0x232fS0x137c	Error(string)
0xbe39S0x320eB0x232fS0x137c	Error(string)
0xbe61S0x320eB0x232fS0x137c	Error(string)
0xba6fS0x15c7	Error(string)
0xba97S0x15c7	Error(string)
0xbe96S0x2a6bS0x1e6bS0x15c7	Panic(uint256)
0xbecbS0x2a6bS0x1e6bS0x15c7	Panic(uint256)
0xbef3S0x2a6bS0x1e6bS0x15c7	Error(string)
0xbf28S0x2a6bS0x1e6bS0x15c7	Panic(uint256)
0xbf50S0x2a6bS0x1e6bS0x15c7	Error(string)
0xbf85S0x2a6bS0x1e6bS0x15c7	Panic(uint256)
0xbfadS0x2a6bS0x1e6bS0x15c7	Error(string)
0xb80dS0x15e2	Panic(uint256)
0xb842S0x15e2	Panic(uint256)
0xb877S0x15e2	Panic(uint256)
0xb8acS0x15e2	Panic(uint256)
0xb8e1S0x15e2	Panic(uint256)
0xffa26S0x15e2	Error(string)
0xb916S0x15e2	Panic(uint256)
0xb94bS0x15e2	Panic(uint256)
0xb980S0x15e2	Panic(uint256)
0xbcb7S0x15e2	Panic(uint256)
0xbcdfS0x15e2	Error(string)
0xbd07S0x15e2	Error(string)
0xc157S0x15e2	Panic(uint256)
0xb9a8S0x1852S0x15e2	Error(string)
0xc2ffS0x18f0S0x15e2	Panic(uint256)
0xc295S0x1bf1S0x15e2	Panic(uint256)
0xbd3cS0x232fS0x15e2	Panic(uint256)
0xbd64S0x232fS0x15e2	Error(string)
0xbd99S0x232fS0x15e2	Panic(uint256)
0xbdc1S0x232fS0x15e2	Error(string)
0xbde9S0x232fS0x15e2	Error(string)
0xbfd5S0x232fS0x15e2	Error(string)
0xbffdS0x232fS0x15e2	Error(string)
0xc3d3S0x232fS0x15e2	Panic(uint256)
0xc408S0x232fS0x15e2	Panic(uint256)
0xbe39S0x23d7S0x15e2	Error(string)
0xbe61S0x23d7S0x15e2	Error(string)
0xbe39S0x25c0S0x15e2	Error(string)
0xbe61S0x25c0S0x15e2	Error(string)
0xbe39S0x26daS0x15e2	Error(string)
0xbe61S0x26daS0x15e2	Error(string)
0xbe39S0x2c4aB0x232fS0x15e2	Error(string)
0xbe61S0x2c4aB0x232fS0x15e2	Error(string)
0xbe39S0x320eB0x232fS0x15e2	Error(string)
0xbe61S0x320eB0x232fS0x15e2	Error(string)
0xc0edS0x47b8S0x467a	Error(string)
0x10021aS0x47b8S0x467a	Error(string)
