[0xff5e1ec7, nil]
[0x00000000, nil]
[0xad54056d, nil]
[0x8da5cb5b, nil]
[0x23b872dd, nil]
[0xb524f3a5, nil]
[0x6fdde03, nil]
[0x95d89b41, nil]
[0x313ce567, nil]
[0xad54056d, [0x318, nil]]
[0xdd62ed3e, nil]
[0x95ea7b3, nil]
[0x8da5cb5b, [0x294, nil]]
[0x23b872dd, [0x1ee, nil]]
[0xa457c2d7, nil]
[0x39509351, nil]
[0xb524f3a5, [0x3c5, nil]]
[0x6fdde03, [0x117, nil]]
[0xec126c77, nil]
[0x18160ddd, nil]
[0x95d89b41, [0x2b8, nil]]
[0x313ce567, [0x224, nil]]
[0xa9059cbb, nil]
[0x70a08231, nil]
[0xdd62ed3e, [0x3eb, nil]]
[0x95ea7b3, [0x194, nil]]
[0x23b872dd, [0x505, [0x1ee, nil]]]
[0xa457c2d7, [0x2c0, nil]]
[0x39509351, [0x242, nil]]
[0xb524f3a5, [0x7f9, [0x3c5, nil]]]
[0xec126c77, [0x419, nil]]
[0x18160ddd, [0x1d4, nil]]
[0xa9059cbb, [0x2ec, nil]]
[0x70a08231, [0x26e, nil]]
[0x95ea7b3, [0x4e2, [0x194, nil]]]
[0xa457c2d7, [0x69f, [0x2c0, nil]]]
[0x39509351, [0x59c, [0x242, nil]]]
[0xec126c77, [0x993, [0x419, nil]]]
[0xa9059cbb, [0x70e, [0x2ec, nil]]]
[0xad54056d, [0x722, [0x318, nil]]]
[0x23b872dd, [0xbde, [0x505, [0x1ee, nil]]]]
[0x95ea7b3, [0xa50, [0x4e2, [0x194, nil]]]]
[0xa457c2d7, [0xa50, [0x69f, [0x2c0, nil]]]]
[0x39509351, [0xa50, [0x59c, [0x242, nil]]]]
[0xa9059cbb, [0xa50, [0x70e, [0x2ec, nil]]]]
[0xb524f3a5, [0x8c2, [0x3c5, nil]]]
[0xa457c2d7, [0x6ac, [0xa50, [0x69f, [0x2c0, nil]]]]]
[0x39509351, [0x5a9, [0xa50, [0x59c, [0x242, nil]]]]]
[0x23b872dd, [0xc22, [0x505, [0x1ee, nil]]]]
[0xec126c77, [0x9fc, [0x419, nil]]]
[0xec126c77, [0x1210, [0x9fc, [0x419, nil]]]]
[0xa9059cbb, [0xbde, [0xa50, [0x70e, [0x2ec, nil]]]]]
[0xa457c2d7, [0xa50, [0x6ac, [0xa50, [0x69f, [0x2c0, nil]]]]]]
[0x39509351, [0xa50, [0x5a9, [0xa50, [0x59c, [0x242, nil]]]]]]
[0x23b872dd, [0x512, [0x1ee, nil]]]
[0xec126c77, [0x1223, [0x9fc, [0x419, nil]]]]
[0xa9059cbb, [0xc22, [0xa50, [0x70e, [0x2ec, nil]]]]]
[0x23b872dd, [0xa50, [0x512, [0x1ee, nil]]]]
[0xad54056d, [0x72d, [0x318, nil]]]
[0x23b872dd, [0x51e, [0xa50, [0x512, [0x1ee, nil]]]]]
[0xad54056d, [0xa50, [0x72d, [0x318, nil]]]]
[0x23b872dd, [0xa50, [0x51e, [0xa50, [0x512, [0x1ee, nil]]]]]]
[0xad54056d, [0x10f8, [0xa50, [0x72d, [0x318, nil]]]]]
[0xad54056d, [0x113c, [0xa50, [0x72d, [0x318, nil]]]]]
[0xad54056d, [0x12a5, [0x113c, [0xa50, [0x72d, [0x318, nil]]]]]]
[0xad54056d, [0x73e, [0x318, nil]]]
