0x861	wipeBlockchain_EkJWPe()
0x861	Error(string)
0x8c1	wipeBlockchain_EkJWPe()
0x8c1	Error(string)
0x9fb	wipeBlockchain_EkJWPe()
0x9fb	Error(string)
0xa9d	wipeBlockchain_EkJWPe()
0xa9d	Error(string)
0xae7	wipeBlockchain_EkJWPe()
0xae7	Error(string)
0xb93	wipeBlockchain_EkJWPe()
0xb93	Error(string)
0xbdd	wipeBlockchain_EkJWPe()
0xbdd	Error(string)
0xd42	wipeBlockchain_EkJWPe()
0xd42	Error(string)
0xda7	wipeBlockchain_EkJWPe()
0xda7	Error(string)
0xe09	wipeBlockchain_EkJWPe()
0xe09	Error(string)
0xf46	wipeBlockchain_EkJWPe()
0xf46	Error(string)
0x106b	wipeBlockchain_EkJWPe()
0x106b	Error(string)
0x10a5	wipeBlockchain_EkJWPe()
0x10a5	Error(string)
0x10f7	wipeBlockchain_EkJWPe()
0x10f7	Error(string)
0x120f	wipeBlockchain_EkJWPe()
0x120f	Error(string)
