0x8	0x10
0x44	0xb4
0x4f	0x83
0x7f	0x29ba
0xb0	0x29de
0xbc	0xf0
0xec	0x2a02
0x118	0x1acb8
0x195	0x20005
0x1a2	0x1aa
0x1bc	0x4e2
0x1d5	0x20038
0x1d8	0x4ff
0x1ef	0x20069
0x1fc	0x204
0x220	0x505
0x225	0x22c
0x228	0x593
0x243	0x2009c
0x250	0x258
0x26a	0x59c
0x26f	0x200cf
0x27c	0x284
0x290	0x5f0
0x295	0x29c
0x2b9	0x20100
0x2c1	0x2544d
0x2ce	0x2d6
0x2e8	0x69f
0x2ed	0x25480
0x2fa	0x302
0x314	0x70e
0x319	0x254b3
0x326	0x32e
0x348	0x350
0x35a	0x362
0x37c	0x384
0x3bb	0x722
0x3c6	0x254e6
0x3d3	0x3db
0x3e7	0x7f9
0x3ec	0x25519
0x3f9	0x401
0x415	0x968
0x41a	0x2554a
0x427	0x42f
0x447	0x993
0x4e5	0x344a7
0x4e8	0x4ef
0x508	0x512
0x513	0x589
0x517	0x51e
0x51f	0x344cf
0x556	0x55d
0x59f	0x344f3
0x5a2	0x5a9
0x5ab	0x3451b
0x5b3	0x5ba
0x614	0x629
0x625	0x3453f
0x6a2	0x4348b
0x6a5	0x6ac
0x6ae	0x434b3
0x6d0	0x6d7
0x711	0x434d7
0x714	0x71b
0x725	0x72d
0x72e	0x73e
0x731	0x738
0x73a	0x10ae
0x73f	0x746
0x7a2	0x7b5
0x7b1	0x79d
0x7c5	0x7e2
0x7fc	0x803
0x80f	0x862
0x86f	0x8c2
0x8c3	0x8ca
0x996	0x99d
0x9a9	0x9fc
0x9fd	0xa06
0xa02	0x11b0
0xa61	0xa9e
0xaab	0xae8
0xb57	0xb94
0xba1	0xbde
0xbdf	0xc22
0xc48	0xc57
0xcb9	0xd43
0xcf5	0xd08
0xd04	0xcf0
0xd18	0xd35
0xd55	0x434ff
0xdb7	0xe0a
0xe16	0xe1b
0xe3c	0xe41
0xe62	0xe67
0xe88	0xe8d
0xecd	0xeff
0xf01	0xf4c
0xf0a	0x43525
0xf7c	0xfae
0xfb1	0xfe3
0xfe6	0x1018
0x101a	0x106c
0x1023	0x102c
0x102f	0x43570
0x10bb	0x10f8
0x10f9	0x113c
0x1159	0x1168
0x11bd	0x1210
0x1214	0x1223
0x1240	0x124f
0x862c	0x79d
0x902c	0x7e2
0x9a2c	0xcf0
0xa42c	0xd35
0xae2c	0xeff
0xb82c	0xfae
0xc22c	0xfe3
0xcc2c	0x1018
0xd62c	0x102c
0x1ffc5	0x1410x117
0x2540d	0x1410x2b8
0x43526	0x4adf9
0x43571	0x4ae20
0x95cb2	0xa92b2
0x966b2	0xa6ab2
0x970b2	0xa74b2
0x97ab2	0xa7eb2
0x984b2	0xa88b2
0x98eb2	0xa42b2
0x998b2	0xa4cb2
0x9a2b2	0xa56b2
0x9acb2	0xa60b2
0x9b6b2	0xa1ab2
0x9c0b2	0xa24b2
0x9cab2	0xa2eb2
0x9d4b2	0xa38b2
0x9deb2	0x9fcb2
0x9e8b2	0xa06b2
0x9f2b2	0xa10b2
0x1170x5e2c	0x1860x117
0x2b80x5e2c	0x1860x2b8
0x1170x169	0x1860x117
0x2b80x169	0x1860x2b8
0x1170x155	0x1410x117
0x2b80x155	0x1410x2b8
0x1170x146	0x1590x117
0x2b80x146	0x1590x2b8
0x12a8V0x113c	0x43594B0x113c
0x4a8V0x117	0x2cd12B0x117
0x48dV0x117	0x2557dB0x117
0x2ccd2V0x117	0x4ad71B0x117
0x34467V0x117	0x4ad93B0x117
0x495V0x117	0x4ac0x44bB0x117
0x44b0x682cV0x117	0x4ba0x44bB0x117
0x44b0x4caV0x117	0x4ba0x44bB0x117
0x44b0x722cV0x117	0x435ba0x44bB0x117
0x44b0x4ad0fV0x117	0x4ae470x44bB0x117
0x69bV0x2b8	0x3bcf6B0x2b8
0x680V0x2b8	0x34561B0x2b8
0x3bcb6V0x2b8	0x4adb5B0x2b8
0x4344bV0x2b8	0x4add7B0x2b8
0x688V0x2b8	0x4ac0x63eB0x2b8
0x63e0x682cV0x2b8	0x4ba0x63eB0x2b8
0x63e0x4caV0x2b8	0x4ba0x63eB0x2b8
0x63e0x722cV0x2b8	0x435ba0x63eB0x2b8
0x63e0x4ad0fV0x2b8	0x4ae470x63eB0x2b8
