0x0	nil
0xf	nil
0x4	nil
0x8	nil
0x2	nil
0x5	nil
0x7	nil
0xc	nil
0x12	nil
0x14	nil
0x15	nil
0x1a	nil
0x1c	nil
0x1d	nil
0x3c	nil
0x3e	nil
0x43	nil
0x44	nil
0x49	nil
0x4e	nil
0x4f	nil
0x54	nil
0x59	nil
0x5f	nil
0x64	nil
0x6a	nil
0x6f	nil
0x75	nil
0x7a	nil
0x7f	nil
0x85	nil
0x8a	nil
0x90	nil
0x95	nil
0x9b	nil
0xa0	nil
0xa6	nil
0xab	nil
0xb0	nil
0xb6	nil
0xbb	nil
0xbc	nil
0xc1	nil
0xc6	nil
0xcc	nil
0xd1	nil
0xd7	nil
0xdc	nil
0xe2	nil
0xe7	nil
0xec	nil
0xf2	nil
0xf7	nil
0xfd	nil
0x102	nil
0x108	nil
0x10d	nil
0x113	nil
0x118	nil
0x11b	nil
0x195	nil
0x198	nil
0x19b	nil
0x19c	nil
0x19d	nil
0x1a0	nil
0x1a1	nil
0x1a2	nil
0x1a6	nil
0x1ac	nil
0x1ae	nil
0x1b0	nil
0x1b2	nil
0x1b3	nil
0x1b5	nil
0x1b6	nil
0x1b8	nil
0x1ba	nil
0x1bb	nil
0x1bc	nil
0x1d5	nil
0x1d8	nil
0x1ef	nil
0x1f2	nil
0x1f5	nil
0x1f6	nil
0x1f7	nil
0x1fa	nil
0x1fb	nil
0x1fc	nil
0x200	nil
0x206	nil
0x208	nil
0x20a	nil
0x20c	nil
0x20d	nil
0x20f	nil
0x211	nil
0x213	nil
0x216	nil
0x217	nil
0x21a	nil
0x21c	nil
0x21e	nil
0x21f	nil
0x220	nil
0x225	nil
0x228	nil
0x22d	nil
0x230	nil
0x231	nil
0x235	nil
0x238	nil
0x23c	nil
0x23d	nil
0x23f	nil
0x243	nil
0x246	nil
0x249	nil
0x24a	nil
0x24b	nil
0x24e	nil
0x24f	nil
0x250	nil
0x254	nil
0x25a	nil
0x25c	nil
0x25e	nil
0x260	nil
0x261	nil
0x263	nil
0x264	nil
0x266	nil
0x268	nil
0x269	nil
0x26a	nil
0x26f	nil
0x272	nil
0x275	nil
0x276	nil
0x277	nil
0x27a	nil
0x27b	nil
0x27c	nil
0x280	nil
0x286	nil
0x287	nil
0x289	nil
0x28b	nil
0x28d	nil
0x28e	nil
0x28f	nil
0x290	nil
0x295	nil
0x298	nil
0x29d	nil
0x2a0	nil
0x2a1	nil
0x2a3	nil
0x2a5	nil
0x2a7	nil
0x2a8	nil
0x2ab	nil
0x2ae	nil
0x2b2	nil
0x2b3	nil
0x2b5	nil
0x2b9	nil
0x2bc	nil
0x2c1	nil
0x2c4	nil
0x2c7	nil
0x2c8	nil
0x2c9	nil
0x2cc	nil
0x2cd	nil
0x2ce	nil
0x2d2	nil
0x2d8	nil
0x2da	nil
0x2dc	nil
0x2de	nil
0x2df	nil
0x2e1	nil
0x2e2	nil
0x2e4	nil
0x2e6	nil
0x2e7	nil
0x2e8	nil
0x2ed	nil
0x2f0	nil
0x2f3	nil
0x2f4	nil
0x2f5	nil
0x2f8	nil
0x2f9	nil
0x2fa	nil
0x2fe	nil
0x304	nil
0x306	nil
0x308	nil
0x30a	nil
0x30b	nil
0x30d	nil
0x30e	nil
0x310	nil
0x312	nil
0x313	nil
0x314	nil
0x319	nil
0x31c	nil
0x31f	nil
0x320	nil
0x321	nil
0x324	nil
0x325	nil
0x326	nil
0x32a	nil
0x330	nil
0x334	nil
0x336	nil
0x339	nil
0x33a	nil
0x33d	nil
0x33e	nil
0x33f	nil
0x346	nil
0x347	nil
0x348	nil
0x34c	nil
0x352	nil
0x354	nil
0x357	nil
0x358	nil
0x359	nil
0x35a	nil
0x35e	nil
0x364	nil
0x366	nil
0x368	nil
0x36b	nil
0x36e	nil
0x370	nil
0x371	nil
0x372	nil
0x379	nil
0x37a	nil
0x37b	nil
0x37c	nil
0x380	nil
0x389	nil
0x38b	nil
0x38c	nil
0x390	nil
0x391	nil
0x392	nil
0x394	nil
0x395	nil
0x397	nil
0x39a	nil
0x39b	nil
0x3a6	nil
0x3a8	nil
0x3af	nil
0x3b2	nil
0x3bb	nil
0x3c6	nil
0x3c9	nil
0x3cc	nil
0x3cd	nil
0x3ce	nil
0x3d1	nil
0x3d2	nil
0x3d3	nil
0x3d7	nil
0x3dd	nil
0x3de	nil
0x3e0	nil
0x3e2	nil
0x3e4	nil
0x3e5	nil
0x3e6	nil
0x3e7	nil
0x3ec	nil
0x3ef	nil
0x3f2	nil
0x3f3	nil
0x3f4	nil
0x3f7	nil
0x3f8	nil
0x3f9	nil
0x3fd	nil
0x403	nil
0x405	nil
0x407	nil
0x409	nil
0x40a	nil
0x40c	nil
0x40e	nil
0x410	nil
0x412	nil
0x413	nil
0x414	nil
0x415	nil
0x41a	nil
0x41d	nil
0x420	nil
0x421	nil
0x422	nil
0x425	nil
0x426	nil
0x427	nil
0x42b	nil
0x432	nil
0x434	nil
0x436	nil
0x438	nil
0x43a	nil
0x43b	nil
0x43c	nil
0x43f	nil
0x440	nil
0x441	nil
0x443	nil
0x445	nil
0x446	nil
0x447	nil
0x4e3	nil
0x4e5	nil
0x4e8	nil
0x4eb	nil
0x4f2	nil
0x500	nil
0x502	nil
0x506	nil
0x508	nil
0x50e	nil
0x513	nil
0x517	nil
0x51a	nil
0x51f	nil
0x523	nil
0x525	nil
0x527	nil
0x52a	nil
0x52b	nil
0x52f	nil
0x533	nil
0x535	nil
0x536	nil
0x539	nil
0x53d	nil
0x53f	nil
0x541	nil
0x543	nil
0x544	nil
0x546	nil
0x547	nil
0x54c	nil
0x54e	nil
0x551	nil
0x554	nil
0x556	nil
0x559	nil
0x55e	nil
0x560	nil
0x562	nil
0x564	nil
0x565	nil
0x566	nil
0x569	nil
0x56c	nil
0x571	nil
0x573	nil
0x574	nil
0x576	nil
0x577	nil
0x57a	nil
0x57f	nil
0x582	nil
0x58b	nil
0x594	nil
0x596	nil
0x597	nil
0x599	nil
0x59d	nil
0x59f	nil
0x5a2	nil
0x5a5	nil
0x5ab	nil
0x5af	nil
0x5b1	nil
0x5b3	nil
0x5b6	nil
0x5bb	nil
0x5bd	nil
0x5bf	nil
0x5c1	nil
0x5c2	nil
0x5c5	nil
0x5c8	nil
0x5cc	nil
0x5d1	nil
0x5d5	nil
0x5d6	nil
0x5da	nil
0x5dd	nil
0x5e3	nil
0x5e4	nil
0x5e6	nil
0x5eb	nil
0x5ee	nil
0x5f1	nil
0x5f3	nil
0x5f5	nil
0x5f7	nil
0x5f8	nil
0x5f9	nil
0x5fa	nil
0x5ff	nil
0x604	nil
0x607	nil
0x608	nil
0x60c	nil
0x60e	nil
0x60f	nil
0x612	nil
0x613	nil
0x614	nil
0x619	nil
0x61b	nil
0x61c	nil
0x61e	nil
0x620	nil
0x622	nil
0x623	nil
0x624	nil
0x625	nil
0x62b	nil
0x62d	nil
0x62e	nil
0x632	nil
0x633	nil
0x635	nil
0x637	nil
0x639	nil
0x63a	nil
0x63b	nil
0x6a0	nil
0x6a2	nil
0x6a5	nil
0x6a8	nil
0x6ae	nil
0x6b2	nil
0x6b4	nil
0x6b6	nil
0x6b9	nil
0x6ba	nil
0x6be	nil
0x6c2	nil
0x6c4	nil
0x6c5	nil
0x6c8	nil
0x6cc	nil
0x6ce	nil
0x6d0	nil
0x6d3	nil
0x6d8	nil
0x6da	nil
0x6dc	nil
0x6de	nil
0x6df	nil
0x6e2	nil
0x6e5	nil
0x6e9	nil
0x6ee	nil
0x6f2	nil
0x6f3	nil
0x6f7	nil
0x6fa	nil
0x700	nil
0x701	nil
0x704	nil
0x709	nil
0x70c	nil
0x70f	nil
0x711	nil
0x714	nil
0x717	nil
0x71e	nil
0x723	nil
0x725	nil
0x729	nil
0x72e	nil
0x731	nil
0x734	nil
0x73a	nil
0x73f	nil
0x742	nil
0x747	nil
0x749	nil
0x74b	nil
0x74d	nil
0x74e	nil
0x74f	nil
0x750	nil
0x773	nil
0x775	nil
0x77a	nil
0x77c	nil
0x77e	nil
0x780	nil
0x783	nil
0x789	nil
0x78c	nil
0x78e	nil
0x792	nil
0x794	nil
0x796	nil
0x79b	nil
0x7a0	nil
0x7a1	nil
0x7a2	nil
0x7a8	nil
0x7a9	nil
0x7ac	nil
0x7ae	nil
0x7b0	nil
0x7b1	nil
0x7be	nil
0x7c0	nil
0x7c2	nil
0x7c4	nil
0x7c5	nil
0x7cb	nil
0x7cd	nil
0x7ce	nil
0x7d1	nil
0x7d3	nil
0x7d4	nil
0x7d7	nil
0x7d8	nil
0x7d9	nil
0x7da	nil
0x7dd	nil
0x7df	nil
0x7e9	nil
0x7eb	nil
0x7ee	nil
0x7f2	nil
0x7fa	nil
0x7fc	nil
0x7ff	nil
0x804	nil
0x806	nil
0x808	nil
0x80a	nil
0x80b	nil
0x80c	nil
0x80d	nil
0x80e	nil
0x80f	nil
0x813	nil
0x816	nil
0x817	nil
0x819	nil
0x81b	nil
0x81c	nil
0x820	nil
0x823	nil
0x825	nil
0x828	nil
0x82a	nil
0x82c	nil
0x82f	nil
0x831	nil
0x852	nil
0x855	nil
0x858	nil
0x85c	nil
0x85d	nil
0x85f	nil
0x863	nil
0x865	nil
0x867	nil
0x869	nil
0x86a	nil
0x86c	nil
0x86d	nil
0x86e	nil
0x86f	nil
0x873	nil
0x876	nil
0x877	nil
0x879	nil
0x87b	nil
0x87c	nil
0x880	nil
0x883	nil
0x885	nil
0x888	nil
0x88a	nil
0x88c	nil
0x88f	nil
0x891	nil
0x8b2	nil
0x8b5	nil
0x8b8	nil
0x8bc	nil
0x8bd	nil
0x8bf	nil
0x8c3	nil
0x8c6	nil
0x8cb	nil
0x8ce	nil
0x8cf	nil
0x8e5	nil
0x8e6	nil
0x8e7	nil
0x8ea	nil
0x8ec	nil
0x8ee	nil
0x8f0	nil
0x8f1	nil
0x8f4	nil
0x8f6	nil
0x8fa	nil
0x8ff	nil
0x902	nil
0x903	nil
0x918	nil
0x919	nil
0x91c	nil
0x91d	nil
0x922	nil
0x923	nil
0x926	nil
0x927	nil
0x92c	nil
0x92e	nil
0x933	nil
0x938	nil
0x939	nil
0x93b	nil
0x95d	nil
0x962	nil
0x969	nil
0x96b	nil
0x96d	nil
0x96f	nil
0x970	nil
0x973	nil
0x974	nil
0x979	nil
0x97b	nil
0x980	nil
0x984	nil
0x988	nil
0x98f	nil
0x990	nil
0x994	nil
0x996	nil
0x999	nil
0x99e	nil
0x9a0	nil
0x9a2	nil
0x9a4	nil
0x9a5	nil
0x9a6	nil
0x9a7	nil
0x9a8	nil
0x9a9	nil
0x9ad	nil
0x9b0	nil
0x9b1	nil
0x9b3	nil
0x9b5	nil
0x9b6	nil
0x9ba	nil
0x9bd	nil
0x9bf	nil
0x9c2	nil
0x9c4	nil
0x9c6	nil
0x9c9	nil
0x9cb	nil
0x9ec	nil
0x9ef	nil
0x9f2	nil
0x9f6	nil
0x9f7	nil
0x9f9	nil
0x9fd	nil
0xa02	nil
0xa07	nil
0xa0a	nil
0xa0f	nil
0xa10	nil
0xa12	nil
0xa14	nil
0xa16	nil
0xa17	nil
0xa19	nil
0xa1d	nil
0xa41	nil
0xa42	nil
0xa44	nil
0xa48	nil
0xa55	nil
0xa57	nil
0xa59	nil
0xa5b	nil
0xa5c	nil
0xa5e	nil
0xa5f	nil
0xa60	nil
0xa61	nil
0xa65	nil
0xa67	nil
0xa68	nil
0xa6a	nil
0xa6c	nil
0xa6d	nil
0xa71	nil
0xa74	nil
0xa76	nil
0xa79	nil
0xa7b	nil
0xa7e	nil
0xa81	nil
0xa85	nil
0xa87	nil
0xa89	nil
0xa8c	nil
0xa90	nil
0xa92	nil
0xa96	nil
0xa98	nil
0xa9b	nil
0xa9f	nil
0xaa1	nil
0xaa3	nil
0xaa5	nil
0xaa6	nil
0xaa8	nil
0xaa9	nil
0xaaa	nil
0xaab	nil
0xaaf	nil
0xab1	nil
0xab2	nil
0xab4	nil
0xab6	nil
0xab7	nil
0xabb	nil
0xabe	nil
0xac0	nil
0xac3	nil
0xac5	nil
0xac8	nil
0xacb	nil
0xacf	nil
0xad1	nil
0xad3	nil
0xad6	nil
0xada	nil
0xadc	nil
0xae0	nil
0xae2	nil
0xae5	nil
0xae9	nil
0xaeb	nil
0xaed	nil
0xaef	nil
0xaf0	nil
0xaf3	nil
0xaf4	nil
0xaf9	nil
0xafb	nil
0xb00	nil
0xb04	nil
0xb07	nil
0xb11	nil
0xb16	nil
0xb1b	nil
0xb1c	nil
0xb40	nil
0xb43	nil
0xb4b	nil
0xb4d	nil
0xb4f	nil
0xb51	nil
0xb52	nil
0xb54	nil
0xb55	nil
0xb56	nil
0xb57	nil
0xb5b	nil
0xb5d	nil
0xb5e	nil
0xb60	nil
0xb62	nil
0xb63	nil
0xb67	nil
0xb6a	nil
0xb6c	nil
0xb6f	nil
0xb71	nil
0xb74	nil
0xb77	nil
0xb7b	nil
0xb7d	nil
0xb7f	nil
0xb82	nil
0xb86	nil
0xb88	nil
0xb8c	nil
0xb8e	nil
0xb91	nil
0xb95	nil
0xb97	nil
0xb99	nil
0xb9b	nil
0xb9c	nil
0xb9e	nil
0xb9f	nil
0xba0	nil
0xba1	nil
0xba5	nil
0xba7	nil
0xba8	nil
0xbaa	nil
0xbac	nil
0xbad	nil
0xbb1	nil
0xbb4	nil
0xbb6	nil
0xbb9	nil
0xbbb	nil
0xbbe	nil
0xbc1	nil
0xbc5	nil
0xbc7	nil
0xbc9	nil
0xbcc	nil
0xbd0	nil
0xbd2	nil
0xbd6	nil
0xbd8	nil
0xbdb	nil
0xbdf	nil
0xbe3	nil
0xbe5	nil
0xbe7	nil
0xbea	nil
0xbeb	nil
0xbef	nil
0xbf3	nil
0xbf5	nil
0xbf6	nil
0xbf9	nil
0xbfd	nil
0xbff	nil
0xc01	nil
0xc03	nil
0xc04	nil
0xc06	nil
0xc07	nil
0xc0c	nil
0xc11	nil
0xc14	nil
0xc15	nil
0xc18	nil
0xc1d	nil
0xc20	nil
0xc23	nil
0xc25	nil
0xc27	nil
0xc29	nil
0xc2a	nil
0xc2d	nil
0xc2e	nil
0xc33	nil
0xc38	nil
0xc3c	nil
0xc43	nil
0xc46	nil
0xc47	nil
0xc48	nil
0xc4d	nil
0xc52	nil
0xc55	nil
0xc58	nil
0xc5a	nil
0xc5c	nil
0xc5e	nil
0xc5f	nil
0xc62	nil
0xc63	nil
0xc68	nil
0xc6d	nil
0xc72	nil
0xc78	nil
0xc7d	nil
0xc82	nil
0xc84	nil
0xca9	nil
0xcaa	nil
0xcb2	nil
0xcb7	nil
0xcb8	nil
0xcb9	nil
0xcbd	nil
0xcbf	nil
0xcc0	nil
0xcc2	nil
0xcc4	nil
0xcc5	nil
0xcc9	nil
0xccc	nil
0xcce	nil
0xcd1	nil
0xcd3	nil
0xcd6	nil
0xcdc	nil
0xcdf	nil
0xce1	nil
0xce5	nil
0xce7	nil
0xce9	nil
0xcee	nil
0xcf3	nil
0xcf4	nil
0xcf5	nil
0xcfb	nil
0xcfc	nil
0xcff	nil
0xd01	nil
0xd03	nil
0xd04	nil
0xd11	nil
0xd13	nil
0xd15	nil
0xd17	nil
0xd18	nil
0xd1e	nil
0xd20	nil
0xd21	nil
0xd24	nil
0xd26	nil
0xd27	nil
0xd2a	nil
0xd2b	nil
0xd2c	nil
0xd2d	nil
0xd30	nil
0xd32	nil
0xd3b	nil
0xd3d	nil
0xd40	nil
0xd48	nil
0xd4c	nil
0xd50	nil
0xd53	nil
0xd54	nil
0xd55	nil
0xd59	nil
0xd5c	nil
0xd5d	nil
0xd5f	nil
0xd61	nil
0xd62	nil
0xd66	nil
0xd69	nil
0xd6b	nil
0xd6e	nil
0xd70	nil
0xd72	nil
0xd75	nil
0xd77	nil
0xd98	nil
0xd9b	nil
0xd9e	nil
0xda2	nil
0xda3	nil
0xda5	nil
0xdb1	nil
0xdb2	nil
0xdb5	nil
0xdb6	nil
0xdb7	nil
0xdbb	nil
0xdbe	nil
0xdbf	nil
0xdc1	nil
0xdc3	nil
0xdc4	nil
0xdc8	nil
0xdcb	nil
0xdcd	nil
0xdd0	nil
0xdd2	nil
0xdd4	nil
0xdd7	nil
0xdd9	nil
0xdfa	nil
0xdfd	nil
0xe00	nil
0xe04	nil
0xe05	nil
0xe07	nil
0xe0b	nil
0xe0e	nil
0xe11	nil
0xe13	nil
0xe14	nil
0xe15	nil
0xe16	nil
0xe1d	nil
0xe1f	nil
0xe20	nil
0xe21	nil
0xe22	nil
0xe24	nil
0xe26	nil
0xe28	nil
0xe29	nil
0xe2b	nil
0xe2d	nil
0xe2e	nil
0xe31	nil
0xe34	nil
0xe37	nil
0xe39	nil
0xe3a	nil
0xe3b	nil
0xe3c	nil
0xe43	nil
0xe45	nil
0xe46	nil
0xe47	nil
0xe48	nil
0xe4a	nil
0xe4c	nil
0xe4e	nil
0xe4f	nil
0xe51	nil
0xe53	nil
0xe54	nil
0xe57	nil
0xe5a	nil
0xe5d	nil
0xe5f	nil
0xe60	nil
0xe61	nil
0xe62	nil
0xe69	nil
0xe6b	nil
0xe6c	nil
0xe6d	nil
0xe6e	nil
0xe70	nil
0xe72	nil
0xe74	nil
0xe75	nil
0xe77	nil
0xe79	nil
0xe7a	nil
0xe7d	nil
0xe80	nil
0xe83	nil
0xe85	nil
0xe86	nil
0xe87	nil
0xe88	nil
0xe8e	nil
0xe8f	nil
0xe91	nil
0xe92	nil
0xe93	nil
0xe95	nil
0xe97	nil
0xe9b	nil
0xe9c	nil
0xe9f	nil
0xec0	nil
0xec2	nil
0xec4	nil
0xec6	nil
0xec7	nil
0xec8	nil
0xeca	nil
0xecb	nil
0xecd	nil
0xed2	nil
0xef3	nil
0xef5	nil
0xef7	nil
0xef9	nil
0xefa	nil
0xefb	nil
0xefd	nil
0xefe	nil
0xf00	nil
0xf01	nil
0xf05	nil
0xf08	nil
0xf09	nil
0xf0a	nil
0xf0e	nil
0xf10	nil
0xf11	nil
0xf13	nil
0xf15	nil
0xf16	nil
0xf1a	nil
0xf1d	nil
0xf1f	nil
0xf22	nil
0xf24	nil
0xf27	nil
0xf2a	nil
0xf2e	nil
0xf30	nil
0xf32	nil
0xf35	nil
0xf39	nil
0xf3b	nil
0xf3f	nil
0xf41	nil
0xf44	nil
0xf4d	nil
0xf6e	nil
0xf70	nil
0xf72	nil
0xf74	nil
0xf75	nil
0xf76	nil
0xf78	nil
0xf79	nil
0xf7b	nil
0xf7c	nil
0xf81	nil
0xfa2	nil
0xfa4	nil
0xfa6	nil
0xfa8	nil
0xfa9	nil
0xfaa	nil
0xfac	nil
0xfad	nil
0xfb0	nil
0xfb1	nil
0xfb6	nil
0xfd7	nil
0xfd9	nil
0xfdb	nil
0xfdd	nil
0xfde	nil
0xfdf	nil
0xfe1	nil
0xfe2	nil
0xfe5	nil
0xfe6	nil
0xfeb	nil
0x100c	nil
0x100e	nil
0x1010	nil
0x1012	nil
0x1013	nil
0x1014	nil
0x1016	nil
0x1017	nil
0x1019	nil
0x101a	nil
0x101f	nil
0x1021	nil
0x1023	nil
0x1029	nil
0x102b	nil
0x102d	nil
0x102e	nil
0x102f	nil
0x1033	nil
0x1035	nil
0x1036	nil
0x1038	nil
0x103a	nil
0x103b	nil
0x103f	nil
0x1042	nil
0x1044	nil
0x1047	nil
0x1049	nil
0x104c	nil
0x104f	nil
0x1053	nil
0x1055	nil
0x1057	nil
0x105a	nil
0x105e	nil
0x1060	nil
0x1064	nil
0x1066	nil
0x1069	nil
0x106d	nil
0x106f	nil
0x1070	nil
0x1072	nil
0x1074	nil
0x1075	nil
0x1079	nil
0x107c	nil
0x107e	nil
0x1081	nil
0x1083	nil
0x1086	nil
0x1089	nil
0x108d	nil
0x108f	nil
0x1091	nil
0x1094	nil
0x1098	nil
0x109a	nil
0x109e	nil
0x10a0	nil
0x10a3	nil
0x10af	nil
0x10b1	nil
0x10b3	nil
0x10b5	nil
0x10b6	nil
0x10b8	nil
0x10b9	nil
0x10ba	nil
0x10bb	nil
0x10bf	nil
0x10c1	nil
0x10c2	nil
0x10c4	nil
0x10c6	nil
0x10c7	nil
0x10cb	nil
0x10ce	nil
0x10d0	nil
0x10d3	nil
0x10d5	nil
0x10d8	nil
0x10db	nil
0x10df	nil
0x10e1	nil
0x10e3	nil
0x10e6	nil
0x10ea	nil
0x10ec	nil
0x10f0	nil
0x10f2	nil
0x10f5	nil
0x10f9	nil
0x10fd	nil
0x10ff	nil
0x1101	nil
0x1104	nil
0x1105	nil
0x1109	nil
0x110d	nil
0x110f	nil
0x1110	nil
0x1113	nil
0x1117	nil
0x1119	nil
0x111b	nil
0x111d	nil
0x111e	nil
0x1120	nil
0x1121	nil
0x1126	nil
0x112b	nil
0x112e	nil
0x112f	nil
0x1132	nil
0x1137	nil
0x113a	nil
0x113d	nil
0x113f	nil
0x1141	nil
0x1143	nil
0x1144	nil
0x1146	nil
0x1147	nil
0x114c	nil
0x1151	nil
0x1154	nil
0x1156	nil
0x1158	nil
0x1159	nil
0x115e	nil
0x1163	nil
0x1166	nil
0x1169	nil
0x116c	nil
0x116f	nil
0x1174	nil
0x1175	nil
0x1178	nil
0x117a	nil
0x117c	nil
0x117e	nil
0x117f	nil
0x1181	nil
0x1183	nil
0x11a7	nil
0x11a8	nil
0x11aa	nil
0x11b1	nil
0x11b3	nil
0x11b5	nil
0x11b7	nil
0x11b8	nil
0x11ba	nil
0x11bb	nil
0x11bc	nil
0x11bd	nil
0x11c1	nil
0x11c4	nil
0x11c5	nil
0x11c7	nil
0x11c9	nil
0x11ca	nil
0x11ce	nil
0x11d1	nil
0x11d3	nil
0x11d6	nil
0x11d8	nil
0x11da	nil
0x11dd	nil
0x11df	nil
0x1200	nil
0x1203	nil
0x1206	nil
0x120a	nil
0x120b	nil
0x120d	nil
0x1211	nil
0x1213	nil
0x1214	nil
0x1219	nil
0x121e	nil
0x1221	nil
0x1224	nil
0x1227	nil
0x1229	nil
0x122b	nil
0x122d	nil
0x122e	nil
0x1230	nil
0x1231	nil
0x1236	nil
0x123b	nil
0x123e	nil
0x123f	nil
0x1240	nil
0x1245	nil
0x124a	nil
0x124d	nil
0x1250	nil
0x1252	nil
0x1254	nil
0x1256	nil
0x1257	nil
0x1259	nil
0x125a	nil
0x125f	nil
0x1264	nil
0x1268	nil
0x126e	nil
0x1273	nil
0x1278	nil
0x129c	nil
0x129f	nil
0x2997	nil
0x29bb	nil
0x29df	nil
0x2a03	nil
0x862c	nil
0x902c	nil
0x9a2c	nil
0xa42c	nil
0xae2c	nil
0xb82c	nil
0xc22c	nil
0xcc2c	nil
0xd62c	nil
0x1acb9	nil
0x1acbc	nil
0x1acbd	nil
0x1acc3	nil
0x1acc6	nil
0x1acc9	nil
0x1acd0	nil
0x1acd3	nil
0x1acd8	nil
0x1ffc5	nil
0x20006	nil
0x20009	nil
0x2000b	nil
0x2000c	nil
0x2000f	nil
0x20013	nil
0x20014	nil
0x20016	nil
0x20039	nil
0x2003c	nil
0x20040	nil
0x20044	nil
0x20045	nil
0x20047	nil
0x2006a	nil
0x2006d	nil
0x2006f	nil
0x20070	nil
0x20073	nil
0x20077	nil
0x20078	nil
0x2007a	nil
0x2009d	nil
0x200a0	nil
0x200a2	nil
0x200a3	nil
0x200a6	nil
0x200aa	nil
0x200ab	nil
0x200ad	nil
0x200d0	nil
0x200d3	nil
0x200d7	nil
0x200db	nil
0x200dc	nil
0x200de	nil
0x20101	nil
0x20104	nil
0x20105	nil
0x2010b	nil
0x2010e	nil
0x20111	nil
0x20118	nil
0x2011b	nil
0x20120	nil
0x2540d	nil
0x2544e	nil
0x25451	nil
0x25453	nil
0x25454	nil
0x25457	nil
0x2545b	nil
0x2545c	nil
0x2545e	nil
0x25481	nil
0x25484	nil
0x25486	nil
0x25487	nil
0x2548a	nil
0x2548e	nil
0x2548f	nil
0x25491	nil
0x254b4	nil
0x254b7	nil
0x254b9	nil
0x254ba	nil
0x254bd	nil
0x254c1	nil
0x254c2	nil
0x254c4	nil
0x254e7	nil
0x254ea	nil
0x254ec	nil
0x254ed	nil
0x254f0	nil
0x254f4	nil
0x254f5	nil
0x254f7	nil
0x2551a	nil
0x2551d	nil
0x25521	nil
0x25525	nil
0x25526	nil
0x25528	nil
0x2554b	nil
0x2554e	nil
0x25550	nil
0x25551	nil
0x25554	nil
0x25558	nil
0x25559	nil
0x2555b	nil
0x344a9	nil
0x344d0	nil
0x344f5	nil
0x3451c	nil
0x4348d	nil
0x434b4	nil
0x434d9	nil
0x43526	nil
0x43571	nil
0x95cb2	nil
0x966b2	nil
0x970b2	nil
0x97ab2	nil
0x984b2	nil
0x98eb2	nil
0x998b2	nil
0x9a2b2	nil
0x9acb2	nil
0x9b6b2	nil
0x9c0b2	nil
0x9cab2	nil
0x9d4b2	nil
0x9deb2	nil
0x9e8b2	nil
0x9f2b2	nil
0x9fcd2	nil
0xa06d2	nil
0xa10d2	nil
0xa1ad2	nil
0xa24d2	nil
0xa2ed2	nil
0xa38d2	nil
0xa42d2	nil
0xa4cd2	nil
0xa56d2	nil
0xa60d2	nil
0xa6ad2	nil
0xa74d2	nil
0xa7ed2	nil
0xa88d2	nil
0xa92d2	nil
0x29b	nil
0x802	nil
0x8c9	nil
0x99c	nil
0x583	nil
0x70d	nil
0xc21	nil
0x113b	nil
0x5ef	nil
0xc56	nil
0x1222	nil
0x124e	nil
0x5e2c0x117	nil
0x5e2c0x2b8	nil
0x1690x117	nil
0x1690x2b8	nil
0x1550x117	nil
0x1550x2b8	nil
0x1460x117	nil
0x1460x2b8	nil
0x79d_0x0	nil
0x7a6_0x0	nil
0x7e2_0x1	nil
0xcf0_0x0	nil
0xcf9_0x0	nil
0xd35_0x1	nil
0xeff_0x0	nil
0xfae_0x0	nil
0xfe3_0x0	nil
0x1018_0x0	nil
0x102c_0x0	nil
0x1410x117_0x0	nil
0x1410x2b8_0x0	nil
0x14a0x117_0x0	nil
0x14a0x2b8_0x0	nil
0x1860x117_0x1	nil
0x1860x2b8_0x1	nil
0x1910x117	nil
0x1910x2b8	nil
0x18e0x117	nil
0x18e0x2b8	nil
0x18c0x117	nil
0x18c0x2b8	nil
0x1830x117	nil
0x1830x2b8	nil
0x1810x117	nil
0x1810x2b8	nil
0x17e0x117	nil
0x17e0x2b8	nil
0x17d0x117	nil
0x17d0x2b8	nil
0x17c0x117	nil
0x17c0x2b8	nil
0x17b0x117	nil
0x17b0x2b8	nil
0x1780x117	nil
0x1780x2b8	nil
0x1770x117	nil
0x1770x2b8	nil
0x1750x117	nil
0x1750x2b8	nil
0x1720x117	nil
0x1720x2b8	nil
0x1710x117	nil
0x1710x2b8	nil
0x16f0x117	nil
0x16f0x2b8	nil
0x1680x117	nil
0x1680x2b8	nil
0x1660x117	nil
0x1660x2b8	nil
0x1640x117	nil
0x1640x2b8	nil
0x1620x117	nil
0x1620x2b8	nil
0x1540x117	nil
0x1540x2b8	nil
0x1520x117	nil
0x1520x2b8	nil
0x1500x117	nil
0x1500x2b8	nil
0x14d0x117	nil
0x14d0x2b8	nil
0x14c0x117	nil
0x14c0x2b8	nil
0x1450x117	nil
0x1450x2b8	nil
0x1440x117	nil
0x1440x2b8	nil
0xa51S0x4e2	[0xa50, nil]
0xa51S0x59c	[0xa50, nil]
0xa51S0x69f	[0xa50, nil]
0xa51S0x70e	[0xa50, nil]
0xa51S0x512	[0xa50, nil]
0xa51S0x51e	[0xa50, nil]
0xa51S0x5a9	[0xa50, nil]
0xa51S0x6ac	[0xa50, nil]
0xa51S0x72d	[0xa50, nil]
0xa51S0x73e	[0xa50, nil]
0x12a6S0x113c	[0x12a5, nil]
0x12a8S0x113c	[0x12a5, nil]
0x12adS0x113c	[0x12a5, nil]
0x12b0S0x113c	[0x12a5, nil]
0x12b3S0x113c	[0x12a5, nil]
0x12b4S0x113c	[0x12a5, nil]
0x12b8S0x113c	[0x12a5, nil]
0x12bcS0x113c	[0x12a5, nil]
0x12beS0x113c	[0x12a5, nil]
0x12bfS0x113c	[0x12a5, nil]
0x12e3S0x113c	[0x12a5, nil]
0x12e6S0x113c	[0x12a5, nil]
0x499S0x117	[0x44b, nil]
0x49eS0x117	[0x44b, nil]
0x49fS0x117	[0x44b, nil]
0x4a0S0x117	[0x44b, nil]
0x4a4S0x117	[0x44b, nil]
0x4a6S0x117	[0x44b, nil]
0x4a8S0x117	[0x44b, nil]
0x44cS0x117	[0x44b, nil]
0x44fS0x117	[0x44b, nil]
0x450S0x117	[0x44b, nil]
0x453S0x117	[0x44b, nil]
0x454S0x117	[0x44b, nil]
0x456S0x117	[0x44b, nil]
0x458S0x117	[0x44b, nil]
0x45aS0x117	[0x44b, nil]
0x45cS0x117	[0x44b, nil]
0x45dS0x117	[0x44b, nil]
0x460S0x117	[0x44b, nil]
0x463S0x117	[0x44b, nil]
0x464S0x117	[0x44b, nil]
0x465S0x117	[0x44b, nil]
0x466S0x117	[0x44b, nil]
0x469S0x117	[0x44b, nil]
0x46dS0x117	[0x44b, nil]
0x470S0x117	[0x44b, nil]
0x473S0x117	[0x44b, nil]
0x475S0x117	[0x44b, nil]
0x477S0x117	[0x44b, nil]
0x479S0x117	[0x44b, nil]
0x480S0x117	[0x44b, nil]
0x488S0x117	[0x44b, nil]
0x48cS0x117	[0x44b, nil]
0x48dS0x117	[0x44b, nil]
0x2ccd2S0x117	[0x44b, nil]
0x34467S0x117	[0x44b, nil]
0x492S0x117	[0x44b, nil]
0x494S0x117	[0x44b, nil]
0x495S0x117	[0x44b, nil]
0x682c0x44bS0x117	[0x44b, nil]
0x4b80x44bS0x117	[0x44b, nil]
0x4b60x44bS0x117	[0x44b, nil]
0x4b40x44bS0x117	[0x44b, nil]
0x4b10x44bS0x117	[0x44b, nil]
0x4ae0x44bS0x117	[0x44b, nil]
0x4ca0x44bS0x117	[0x44b, nil]
0x4ba0x44b_0x0S0x117	[0x44b, nil]
0x4ba0x44b_0x1S0x117	[0x44b, nil]
0x4c90x44bS0x117	[0x44b, nil]
0x4c60x44bS0x117	[0x44b, nil]
0x4c40x44bS0x117	[0x44b, nil]
0x4c20x44bS0x117	[0x44b, nil]
0x4c00x44bS0x117	[0x44b, nil]
0x4bc0x44bS0x117	[0x44b, nil]
0x722c0x44bS0x117	[0x44b, nil]
0x4d50x44bS0x117	[0x44b, nil]
0x4d30x44bS0x117	[0x44b, nil]
0x4d10x44bS0x117	[0x44b, nil]
0x4d00x44bS0x117	[0x44b, nil]
0x4ad0f0x44bS0x117	[0x44b, nil]
0x68cS0x2b8	[0x63e, nil]
0x691S0x2b8	[0x63e, nil]
0x692S0x2b8	[0x63e, nil]
0x693S0x2b8	[0x63e, nil]
0x697S0x2b8	[0x63e, nil]
0x699S0x2b8	[0x63e, nil]
0x69bS0x2b8	[0x63e, nil]
0x63fS0x2b8	[0x63e, nil]
0x642S0x2b8	[0x63e, nil]
0x643S0x2b8	[0x63e, nil]
0x646S0x2b8	[0x63e, nil]
0x647S0x2b8	[0x63e, nil]
0x649S0x2b8	[0x63e, nil]
0x64bS0x2b8	[0x63e, nil]
0x64dS0x2b8	[0x63e, nil]
0x64fS0x2b8	[0x63e, nil]
0x650S0x2b8	[0x63e, nil]
0x653S0x2b8	[0x63e, nil]
0x656S0x2b8	[0x63e, nil]
0x657S0x2b8	[0x63e, nil]
0x658S0x2b8	[0x63e, nil]
0x659S0x2b8	[0x63e, nil]
0x65cS0x2b8	[0x63e, nil]
0x660S0x2b8	[0x63e, nil]
0x663S0x2b8	[0x63e, nil]
0x666S0x2b8	[0x63e, nil]
0x668S0x2b8	[0x63e, nil]
0x66aS0x2b8	[0x63e, nil]
0x66cS0x2b8	[0x63e, nil]
0x673S0x2b8	[0x63e, nil]
0x67bS0x2b8	[0x63e, nil]
0x67fS0x2b8	[0x63e, nil]
0x680S0x2b8	[0x63e, nil]
0x3bcb6S0x2b8	[0x63e, nil]
0x4344bS0x2b8	[0x63e, nil]
0x685S0x2b8	[0x63e, nil]
0x687S0x2b8	[0x63e, nil]
0x688S0x2b8	[0x63e, nil]
0x682c0x63eS0x2b8	[0x63e, nil]
0x4b80x63eS0x2b8	[0x63e, nil]
0x4b60x63eS0x2b8	[0x63e, nil]
0x4b40x63eS0x2b8	[0x63e, nil]
0x4b10x63eS0x2b8	[0x63e, nil]
0x4ae0x63eS0x2b8	[0x63e, nil]
0x4ca0x63eS0x2b8	[0x63e, nil]
0x4ba0x63e_0x0S0x2b8	[0x63e, nil]
0x4ba0x63e_0x1S0x2b8	[0x63e, nil]
0x4c90x63eS0x2b8	[0x63e, nil]
0x4c60x63eS0x2b8	[0x63e, nil]
0x4c40x63eS0x2b8	[0x63e, nil]
0x4c20x63eS0x2b8	[0x63e, nil]
0x4c00x63eS0x2b8	[0x63e, nil]
0x4bc0x63eS0x2b8	[0x63e, nil]
0x722c0x63eS0x2b8	[0x63e, nil]
0x4d50x63eS0x2b8	[0x63e, nil]
0x4d30x63eS0x2b8	[0x63e, nil]
0x4d10x63eS0x2b8	[0x63e, nil]
0x4d00x63eS0x2b8	[0x63e, nil]
0x4ad0f0x63eS0x2b8	[0x63e, nil]
0x11e	nil
0x2bf	nil
0x4ee	nil
0x51d	nil
0x55c	nil
0x5a8	nil
0x5b9	nil
0x6ab	nil
0x6d6	nil
0x71a	nil
0x737	nil
0x745	nil
0x1167	nil
0x4f5	nil
0x511	nil
0x721	nil
0x72c	nil
0x344d3	nil
0x3451f	nil
0x434b7	nil
0x9fcf2	nil
0xa06f2	nil
0xa10f2	nil
0xa1af2	nil
0xa24f2	nil
0xa2ef2	nil
0xa38f2	nil
0xa42f2	nil
0xa4cf2	nil
0xa56f2	nil
0xa60f2	nil
0xa6af2	nil
0xa74f2	nil
0xa7ef2	nil
0xa88f2	nil
0xa92f2	nil
0x82	nil
0xb3	nil
0xef	nil
0x1bf	nil
0x1db	nil
0x223	nil
0x22b	nil
0x26d	nil
0x293	nil
0x2eb	nil
0x317	nil
0x3c4	nil
0x3ea	nil
0x418	nil
0x44a	nil
0x504	nil
0x592	nil
0x59b	nil
0x60a	nil
0x628	nil
0x73d	nil
0x7b4	nil
0x7f8	nil
0x967	nil
0x992	nil
0xa05	nil
0xa4f	nil
0xd07	nil
0x11af	nil
0x12a4	nil
0x864c	nil
0x904c	nil
0x9a4c	nil
0xa44c	nil
0xae4c	nil
0xb84c	nil
0xc24c	nil
0xcc4c	nil
0xd64c	nil
0x1ffe5	nil
0x2542d	nil
0x344af	nil
0x344fb	nil
0x43493	nil
0x434df	nil
0x43529	nil
0x43574	nil
0x1580x117	nil
0x1580x2b8	nil
0x5e4c0x117	nil
0x5e4c0x2b8	nil
0xb	nil
0x47	nil
0x52	nil
0xbf	nil
0x1a5	nil
0x1ff	nil
0x253	nil
0x27f	nil
0x2d1	nil
0x2fd	nil
0x329	nil
0x34b	nil
0x35d	nil
0x37f	nil
0x3d6	nil
0x3fc	nil
0x42a	nil
0x617	nil
0x7a5	nil
0x7c8	nil
0x812	nil
0x872	nil
0x9ac	nil
0xa64	nil
0xaae	nil
0xb5a	nil
0xba4	nil
0xcbc	nil
0xcf8	nil
0xd1b	nil
0xd58	nil
0xdba	nil
0xe19	nil
0xe3f	nil
0xe65	nil
0xe8b	nil
0xed0	nil
0xf04	nil
0xf0d	nil
0xf7f	nil
0xfb4	nil
0xfe9	nil
0x101d	nil
0x1026	nil
0x1032	nil
0x10be	nil
0x11c0	nil
0x95cd2	nil
0x966d2	nil
0x970d2	nil
0x97ad2	nil
0x984d2	nil
0x98ed2	nil
0x998d2	nil
0x9a2d2	nil
0x9acd2	nil
0x9b6d2	nil
0x9c0d2	nil
0x9cad2	nil
0x9d4d2	nil
0x9ded2	nil
0x9e8d2	nil
0x9f2d2	nil
0x1490x117	nil
0x1490x2b8	nil
0x16c0x117	nil
0x16c0x2b8	nil
0x63d	nil
0xb49	nil
0xcb0	nil
0xd4a	nil
0x34541	nil
0x43505	nil
0x4ae00	nil
0x4ae27	nil
0x7f0	nil
0xa46	nil
0xb45	nil
0xcac	nil
0x11ac	nil
0x12a1	nil
0x960	nil
0x241	nil
0x2b7	nil
0x20018	nil
0x20049	nil
0x2007c	nil
0x200af	nil
0x200e0	nil
0x25460	nil
0x25493	nil
0x254c6	nil
0x254f9	nil
0x2552a	nil
0x2555d	nil
0x1930x117	nil
0x1930x2b8	nil
0x116	nil
0x1a9	nil
0x203	nil
0x257	nil
0x283	nil
0x2d5	nil
0x301	nil
0x32d	nil
0x34f	nil
0x361	nil
0x383	nil
0x3da	nil
0x400	nil
0x42e	nil
0x861	nil
0x8c1	nil
0x9fb	nil
0xa9d	nil
0xae7	nil
0xb93	nil
0xbdd	nil
0xd42	nil
0xda7	nil
0xe09	nil
0xf46	nil
0x106b	nil
0x10a5	nil
0x10f7	nil
0x120f	nil
0x299a	nil
0x29be	nil
0x29e2	nil
0x2a06	nil
0x3ae	nil
0x53c	nil
0x6cb	nil
0xa8f	nil
0xad9	nil
0xb85	nil
0xbcf	nil
0xbfc	nil
0xf38	nil
0x105d	nil
0x1097	nil
0x10e9	nil
0x1116	nil
0x237	nil
0x2ad	nil
0x39d	nil
0x3a5	nil
0x3b6	nil
0x52d	nil
0x532	nil
0x54b	nil
0x550	nil
0x568	nil
0x570	nil
0x5c7	nil
0x5d0	nil
0x5df	nil
0x5e1	nil
0x5fe	nil
0x603	nil
0x6bc	nil
0x6c1	nil
0x6e4	nil
0x6ed	nil
0x6fc	nil
0x6fe	nil
0x779	nil
0x785	nil
0x78b	nil
0x7ad	nil
0x7dc	nil
0x822	nil
0x829	nil
0x830	nil
0x856	nil
0x882	nil
0x889	nil
0x890	nil
0x8b6	nil
0x978	nil
0x97f	nil
0x98a	nil
0x98e	nil
0x9bc	nil
0x9c3	nil
0x9ca	nil
0x9f0	nil
0xa0d	nil
0xa73	nil
0xa80	nil
0xa84	nil
0xabd	nil
0xaca	nil
0xace	nil
0xaf8	nil
0xaff	nil
0xb0a	nil
0xb0d	nil
0xb19	nil
0xb69	nil
0xb76	nil
0xb7a	nil
0xbb3	nil
0xbc0	nil
0xbc4	nil
0xbed	nil
0xbf2	nil
0xc0b	nil
0xc10	nil
0xc32	nil
0xc37	nil
0xc45	nil
0xc67	nil
0xc6c	nil
0xc7b	nil
0xccb	nil
0xcd8	nil
0xcde	nil
0xd00	nil
0xd2f	nil
0xd68	nil
0xd6f	nil
0xd76	nil
0xd9c	nil
0xdca	nil
0xdd1	nil
0xdd8	nil
0xdfe	nil
0xf1c	nil
0xf29	nil
0xf2d	nil
0x1041	nil
0x104e	nil
0x1052	nil
0x107b	nil
0x1088	nil
0x108c	nil
0x10cd	nil
0x10da	nil
0x10de	nil
0x1107	nil
0x110c	nil
0x1125	nil
0x112a	nil
0x114b	nil
0x1150	nil
0x1172	nil
0x11d0	nil
0x11d7	nil
0x11de	nil
0x1204	nil
0x1235	nil
0x123a	nil
0x125e	nil
0x1263	nil
0x1271	nil
0x1acc1	nil
0x1acc7	nil
0x2000e	nil
0x2003f	nil
0x20072	nil
0x200a5	nil
0x200d6	nil
0x20109	nil
0x2010f	nil
0x25456	nil
0x25489	nil
0x254bc	nil
0x254ef	nil
0x25520	nil
0x25553	nil
0x1510x117	nil
0x1510x2b8	nil
0x1800x117	nil
0x1800x2b8	nil
0x8fe	nil
0x921	nil
0x92b	nil
0xb14	nil
0xc40	nil
0xc76	nil
0x1155	nil
0x116b	nil
0x1226	nil
0x126c	nil
0xe1a	nil
0xe40	nil
0xe66	nil
0xe8c	nil
0xa53S0x4e2	[0xa50, nil]
0xa53S0x59c	[0xa50, nil]
0xa53S0x69f	[0xa50, nil]
0xa53S0x70e	[0xa50, nil]
0xa53S0x512	[0xa50, nil]
0xa53S0x51e	[0xa50, nil]
0xa53S0x5a9	[0xa50, nil]
0xa53S0x6ac	[0xa50, nil]
0xa53S0x72d	[0xa50, nil]
0xa53S0x73e	[0xa50, nil]
0x12b6S0x113c	[0x12a5, nil]
0x12bbS0x113c	[0x12a5, nil]
0x12e1S0x113c	[0x12a5, nil]
0x4359aS0x113c	[0x12a5, nil]
0x4abS0x117	[0x44b, nil]
0x4a2S0x117	[0x44b, nil]
0x490S0x117	[0x44b, nil]
0x47cS0x117	[0x44b, nil]
0x47fS0x117	[0x44b, nil]
0x2ccf2S0x117	[0x44b, nil]
0x34487S0x117	[0x44b, nil]
0x4ad73S0x117	[0x44b, nil]
0x4ad95S0x117	[0x44b, nil]
0x498S0x117	[0x44b, nil]
0x684c0x44bS0x117	[0x44b, nil]
0x4b30x44bS0x117	[0x44b, nil]
0x4cd0x44bS0x117	[0x44b, nil]
0x4be0x44bS0x117	[0x44b, nil]
0x724c0x44bS0x117	[0x44b, nil]
0x4ad2f0x44bS0x117	[0x44b, nil]
0x4ae490x44bS0x117	[0x44b, nil]
0x69eS0x2b8	[0x63e, nil]
0x695S0x2b8	[0x63e, nil]
0x683S0x2b8	[0x63e, nil]
0x66fS0x2b8	[0x63e, nil]
0x672S0x2b8	[0x63e, nil]
0x3bcd6S0x2b8	[0x63e, nil]
0x4346bS0x2b8	[0x63e, nil]
0x4adb7S0x2b8	[0x63e, nil]
0x4add9S0x2b8	[0x63e, nil]
0x68bS0x2b8	[0x63e, nil]
0x684c0x63eS0x2b8	[0x63e, nil]
0x4b30x63eS0x2b8	[0x63e, nil]
0x4cd0x63eS0x2b8	[0x63e, nil]
0x4be0x63eS0x2b8	[0x63e, nil]
0x724c0x63eS0x2b8	[0x63e, nil]
0x4ad2f0x63eS0x2b8	[0x63e, nil]
0x4ae490x63eS0x2b8	[0x63e, nil]
