0xfde	0x1005	0
0xfde	0x2b20S0xfd8	0
0xfde	0x2b20S0x1011	0
0xfde	0x326d	4
0xfde	0x3271	36
0xfde	0x3297	68
0x1017	0x2b20S0x1011	0
0x1179	0x11ba	-32
0x1179	0x2af8	0
0x11b1	0x11ba	-32
0x176d	0x2b9dS0x317b4	0
0x176d	0x2b38S0x176a	0
0x17cb	0x17e4	0
0x17cb	0x2b38S0x17c5	0
0x17cb	0x2b38S0x17f0	0
0x17cb	0x2e74	4
0x17cb	0x2e7a	36
0x17cb	0x2ea0	68
0x17f6	0x2b38S0x17f0	0
0x190a	0x1917	-32
0x1a61	0x1a7b	0
0x1a61	0x2b38S0x1a5b	0
0x1a61	0x2b38S0x1a87	0
0x1a61	0x3092	4
0x1a61	0x3098	36
0x1a61	0x30be	68
0x1a8d	0x2b38S0x1a87	0
0x1e36	0x2b9dS0x319fe	0
0x1e36	0x2b20S0x1e33	0
0x1e53	0x1e6d	0
0x1e53	0x2b20S0x1e4d	0
0x1e53	0x2b20S0x1e79	0
0x1e53	0x3112	4
0x1e53	0x3118	36
0x1e53	0x313e	68
0x1e7f	0x2b20S0x1e79	0
0x1f3c	0x2b38S0x1f36	0
0x1f79	0x1f85	-32
0x1f79	0x1fab	0
0x1fb7	0x1fd0	0
0x1fb7	0x2b38S0x1fb1	0
0x1fb7	0x31ca	4
0x1fb7	0x31ce	36
0x1fb7	0x31f4	68
0x20fc	0x2b20S0x20f6	0
0x2cb6	0x2cb7	-32
0x2cb6	0x2cdd	0
0x2ced	0x2cee	-32
0x2ced	0x2d0d	0
0x2d5f	0x2d60	-32
0x2d5f	0x2d86	0
0x2d96	0x2d97	-32
0x2d96	0x2dbd	0
0x2dcd	0x2dce	-32
0x2dcd	0x2df4	0
0x2dcd	0x2e0c	32
0x2e79	0x2e7a	-32
0x2e79	0x2ea0	0
0x2eb0	0x2eb1	-32
0x2eb0	0x2ed0	0
0x2ee0	0x2ee1	-32
0x2ee0	0x2f07	0
0x2f17	0x2f18	-32
0x2f17	0x2f3e	0
0x2f4e	0x2f4f	-32
0x2f4e	0x2f75	0
0x2fba	0x2fbb	-32
0x2fba	0x2fe1	0
0x2fba	0x2ffa	32
0x3008	0x3009	-32
0x3008	0x302f	0
0x3069	0x306a	-32
0x3069	0x3087	0
0x3097	0x3098	-32
0x3097	0x30be	0
0x30ce	0x30cf	-32
0x30ce	0x30f5	0
0x30ce	0x3107	32
0x3117	0x3118	-32
0x3117	0x313e	0
0x314e	0x314f	-32
0x314e	0x3175	0
0x31cd	0x31ce	-32
0x31cd	0x31f4	0
0x323b	0x323c	-32
0x323b	0x3262	0
0x3270	0x3271	-32
0x3270	0x3297	0
0x3309	0x330a	-32
0x3309	0x3330	0
0x3309	0x3348	32
0x335a	0x335b	-32
0x335a	0x3365	0
0x335a	0x3371	32
0x335a	0x338f	64
0x335a	0x33b1	96
0x335a	0x33bb	128
0x335a	0x2a30S0x334e	160
0x3e794	0x1005	0
0x3e794	0x2b20S0x1011	0
0x3e794	0x326d	4
0x3e794	0x3271	36
0x3e794	0x3297	68
0x7b084	0x2b9dS0x317b4	0
0x7b0ae	0x17e4	0
0x7b0ae	0x2b38S0x17f0	0
0x7b0ae	0x2e74	4
0x7b0ae	0x2e7a	36
0x7b0ae	0x2ea0	68
0x87c2c	0x1a7b	0
0x87c2c	0x2b38S0x1a87	0
0x87c2c	0x3092	4
0x87c2c	0x3098	36
0x87c2c	0x30be	68
0x87d9a	0x2b9dS0x319fe	0
0x87dc4	0x1e6d	0
0x87dc4	0x2b20S0x1e79	0
0x87dc4	0x3112	4
0x87dc4	0x3118	36
0x87dc4	0x313e	68
0x997aa	0x1fd0	0
0x997aa	0x31ca	4
0x997aa	0x31ce	36
0x997aa	0x31f4	68
0x2f83V0x92b	0x2f84S0x92b	-32
0x2f83V0x92b	0x2faaS0x92b	0
0x2f83V0x1b77	0x2f84S0x1b77	-32
0x2f83V0x1b77	0x2faaS0x1b77	0
0x2ca6V0x21ea	0x2a9dS0x21ea	-32
0x2ca6V0x21ea	0x2acbS0x21ea	30
0x303fV0x8d0	0x3040S0x8d0	-32
0x303fV0x8d0	0x3059S0x8d0	0
0x303fV0x1b24	0x3040S0x1b24	-32
0x303fV0x1b24	0x3059S0x1b24	0
0x303fV0x115d	0x3040S0x115d	-32
0x303fV0x115d	0x3059S0x115d	0
0x303fV0x2121V0x628	0x3040S0x2121S0x628	-32
0x303fV0x2121V0x628	0x3059S0x2121S0x628	0
0x2d1dV0x16f6V0x68c	0x2d1eS0x16f6S0x68c	-32
0x2d1dV0x16f6V0x68c	0x2d44S0x16f6S0x68c	0
0x2d1dV0x16f6V0x68c	0x2d4fS0x16f6S0x68c	32
0x2e4bV0x219cV0x8c7	0x2e4cS0x219cS0x8c7	-32
0x2e4bV0x219cV0x8c7	0x2e69S0x219cS0x8c7	0
0x2c86V0x999	0x2c56S0x999	-160
0x2c86V0x999	0x2c65S0x999	-128
0x2c86V0x999	0x2c74S0x999	-96
0x2c86V0x999	0x2c7dS0x999	-64
0x2c86V0x999	0x2a71S0x2c4aS0x999	-32
0x2c3aV0x126e	0x2bf3S0x1304	-100
0x2c3aV0x126e	0x2bf8S0x1304	-68
0x2c3aV0x126e	0x2c33S0x126e	-64
0x2c3aV0x126e	0x2a71S0x2c27S0x126e	-32
0x2c86V0x1d7d	0x2c56S0x1d7d	-160
0x2c86V0x1d7d	0x2c65S0x1d7d	-128
0x2c86V0x1d7d	0x2c74S0x1d7d	-96
0x2c86V0x1d7d	0x2c7dS0x1d7d	-64
0x2c86V0x1d7d	0x2a71S0x2c4aS0x1d7d	-32
0x10cfV0x414	0x10f8S0x414	-32
0x10cfV0x414	0x1118S0x414	0
0xc95V0x374	0xc98S0x374	-32
0xc95V0x374	0xcbdS0x374	32
0x32d2V0x374	0x32d3S0x374	-32
0x32d2V0x374	0x32f9S0x374	0
0x3185V0x374	0x3186S0x374	-32
0x3185V0x374	0x31acS0x374	0
0x3185V0x374	0x31bfS0x374	32
0x2e1cV0x374	0x2e1dS0x374	-32
0x2e1cV0x374	0x2e3bS0x374	0
0x32a7V0x374	0x32a8S0x374	-32
0x32a7V0x374	0x32c2S0x374	0
0x303fV0xb69V0x374	0x3040S0xb69S0x374	-32
0x303fV0xb69V0x374	0x3059S0xb69S0x374	0
0x3204V0xfd0	0x3205S0xfd0	-32
0x3204V0xfd0	0x322bS0xfd0	0
0x3204V0x13f6	0x3205S0x13f6	-32
0x3204V0x13f6	0x322bS0x13f6	0
0x1480V0x520	0x2b94S0x31521	0
0x1480V0x520	0x2b38S0x1478S0x520	0
0x4b423V0x520	0x2b94S0x31521	0
0x15b4V0x5c2	0x2b94S0x31604	0
0x15b4V0x5c2	0x2b20S0x15acS0x5c2	0
0x57f96V0x5c2	0x2b94S0x31604	0
0x3204V0x171d	0x3205S0x171d	-32
0x3204V0x171d	0x322bS0x171d	0
0x3204V0x17bd	0x3205S0x17bd	-32
0x3204V0x17bd	0x322bS0x17bd	0
0x3204V0x1a53	0x3205S0x1a53	-32
0x3204V0x1a53	0x322bS0x1a53	0
0x3204V0x1e45	0x3205S0x1e45	-32
0x3204V0x1e45	0x322bS0x1e45	0
0x3204V0x15bdB0x5e2	0x3205S0x15bdB0x5e2	-32
0x3204V0x15bdB0x5e2	0x322bS0x15bdB0x5e2	0
0x3204V0x134dB0x461	0x3205S0x134dB0x461	-32
0x3204V0x134dB0x461	0x322bS0x134dB0x461	0
0x3204V0x1497B0x54d	0x3205S0x1497B0x54d	-32
0x3204V0x1497B0x54d	0x322bS0x1497B0x54d	0
0x3204V0x153bB0x582	0x3205S0x153bB0x582	-32
0x3204V0x153bB0x582	0x322bS0x153bB0x582	0
0x3204V0x1689B0x66c	0x3205S0x1689B0x66c	-32
0x3204V0x1689B0x66c	0x322bS0x1689B0x66c	0
0x3204V0x1781B0x701	0x3205S0x1781B0x701	-32
0x3204V0x1781B0x701	0x322bS0x1781B0x701	0
0x3204V0x19c2B0x804	0x3205S0x19c2B0x804	-32
0x3204V0x19c2B0x804	0x322bS0x19c2B0x804	0
