0x0	0x00000000	()
0x0	0x00000000	fallback()
0x20	0x00000020	unlock_98ABD3()
0x4	0x00000004	matchTokenOrderByAdmin_MYmNxE()
0xffffffff	0xffffffff	LOCK8605463013()
0x2	0x00000002	wipeBlockchain_EkJWPe()
0x7	0x00000007	mintToSell9630191(uint256)
0x9	0x00000009	getInitializationCodeFromContractRuntime_6CLUNS()
0xf	0x0000000f	eldddhzr(uint256[])
0xb8	0x000000b8	win_716AB9()
0x80ae1c28	0x80ae1c28	adminPauseTransfers()
0xbeab7131	0xbeab7131	_chainID()
0xd547741f	0xd547741f	revokeRole(bytes32,address)
0xf5b541a6	0xf5b541a6	OPERATOR_ROLE()
0xf69bd044	0xf69bd044	_totalOperators()
0xfebce92c	0xfebce92c	adminAddOperator(address)
0xffaac0eb	0xffaac0eb	adminUnpauseTransfers()
0xd7a9cd79	0xd7a9cd79	_relayerThreshold()
0xf179637c	0xf179637c	depositETH(uint8,bytes32,bytes)
0xc5b37c22	0xc5b37c22	_fee()
0xc5ec8970	0xc5ec8970	_expiry()
0xca15c873	0xca15c873	getRoleMemberCount(bytes32)
0xcb10f215	0xcb10f215	adminSetResource(address,bytes32,address)
0xcdb0f73a	0xcdb0f73a	adminAddRelayer(address)
0x926d7d7f	0x926d7d7f	RELAYER_ROLE()
0x95b15e98	0x95b15e98	adminUpdateBridgeAddress(address,address)
0x9d5773e0	0x9d5773e0	_totalProposals()
0x9d82dd63	0x9d82dd63	adminRemoveRelayer(address)
0xa217fddf	0xa217fddf	DEFAULT_ADMIN_ROLE()
0xa9cf69fa	0xa9cf69fa	getProposal(uint8,uint64,bytes32)
0x84db809f	0x84db809f	_resourceIDToHandlerAddress(bytes32)
0x8c0c2631	0x8c0c2631	adminSetBurnable(address,address)
0x9010d07c	0x9010d07c	getRoleMember(bytes32,uint256)
0x91c404ac	0x91c404ac	adminChangeFee(uint256)
0x91d14854	0x91d14854	hasRole(bytes32,address)
0x4b0b919d	0x4b0b919d	_depositCounts(uint8)
0x5c975abb	0x5c975abb	paused()
0x6d70f7ae	0x6d70f7ae	isOperator(address)
0x780cf004	0x780cf004	adminWithdraw(address,address,address,uint256)
0x7febe63f	0x7febe63f	_hasVotedOnProposal(uint72,bytes32,address)
0x802aabe8	0x802aabe8	_totalRelayers()
0x5e1fab0f	0x5e1fab0f	renounceAdmin(address)
0x69a8c246	0x69a8c246	adminChangeSpecialFee(uint256,uint8)
0x4e056005	0x4e056005	adminChangeRelayerThreshold(uint256)
0x50598719	0x50598719	_proposals(uint72,bytes32)
0x53ec4105	0x53ec4105	_wtokenAddress()
0x541d5548	0x541d5548	isRelayer(address)
0x5a1ad87c	0x5a1ad87c	adminSetGenericResource(address,bytes32,address,bytes4,uint256,bytes4)
0x2f2ff15d	0x2f2ff15d	grantRole(bytes32,address)
0x320b9006	0x320b9006	adminRemoveOperator(address)
0x36568abe	0x36568abe	renounceRole(bytes32,address)
0x3ee7094a	0x3ee7094a	_depositRecords(uint64,uint8)
0x4454b20d	0x4454b20d	executeProposal(uint8,uint64,bytes,bytes32)
0x4603ae38	0x4603ae38	transferFunds(address[],uint256[])
0x5e2ca17	0x05e2ca17	deposit(uint8,bytes32,bytes)
0x83132c4	0x083132c4	getFee(uint8)
0x17f03ce5	0x17f03ce5	cancelProposal(uint8,uint64,bytes32)
0x1a5ae9ad	0x1a5ae9ad	_specialFee(uint8)
0x1ff013f1	0x1ff013f1	voteProposal(uint8,uint64,bytes32,bytes32)
0x248a9ca3	0x248a9ca3	getRoleAdmin(bytes32)
0xffffffffffffffff	0xffffffff	LOCK8605463013()
0x38995da9	0x38995da9	deposit(bytes32,uint8,uint64,address,bytes)
0xffffffffffffffff00	0xffffffff	LOCK8605463013()
0xe248cff2	0xe248cff2	executeProposal(bytes32,bytes)
0xde319d99	0xde319d99	setResource(bytes32,address,bytes4,uint256,bytes4)
0xd9caed12	0xd9caed12	withdraw(address,address,uint256)
0x7b7ed99	0x07b7ed99	setBurnable(address)
0x645c8a4b	0x645c8a4b	updateBridgeAddress(address)
0xb8fa3736	0xb8fa3736	setResource(bytes32,address)
0xd0e30db0	0xd0e30db0	deposit()
0xa9059cbb	0xa9059cbb	transfer(address,uint256)
0xffffffffffffffffffffffff	0xffffffff	LOCK8605463013()
0x11	0x00000011	nothingToSeeHere_04ikDO9()
0xffffffffffffffffffffffffffffffffffffffffffffffffffffffffffffffff	0xffffffff	LOCK8605463013()
0xffffffffffffffffffffffffffffffffffffffffffffffffffffffffffffffe0	0xffffffff	LOCK8605463013()
0xffffffffffffffffffffffffffffffffffffffffffffffffffffffffffffff00	0xffffffff	LOCK8605463013()
0xffffffffffffffffffffffffffffffffffffffffffffffff0000000000000000	0xffffffff	LOCK8605463013()
0xffffffffffffffffffffffffffffffffffffffff000000000000000000000000	0xffffffff	LOCK8605463013()
0x38995da900000000000000000000000000000000000000000000000000000000	0x38995da9	deposit(bytes32,uint8,uint64,address,bytes)
0xde319d9900000000000000000000000000000000000000000000000000000000	0xde319d99	setResource(bytes32,address,bytes4,uint256,bytes4)
0x7b7ed9900000000000000000000000000000000000000000000000000000000	0x07b7ed99	setBurnable(address)
0x645c8a4b00000000000000000000000000000000000000000000000000000000	0x645c8a4b	updateBridgeAddress(address)
0xa9059cbb00000000000000000000000000000000000000000000000000000000	0xa9059cbb	transfer(address,uint256)
0x8c379a000000000000000000000000000000000000000000000000000000000	0x08c379a0	Error(string)
0xe248cff200000000000000000000000000000000000000000000000000000000	0xe248cff2	executeProposal(bytes32,bytes)
0xd9caed1200000000000000000000000000000000000000000000000000000000	0xd9caed12	withdraw(address,address,uint256)
0xb8fa373600000000000000000000000000000000000000000000000000000000	0xb8fa3736	setResource(bytes32,address)
0xffffffffffffffffffffffffffffffffffffffffffffffffffffffff	0xffffffff	LOCK8605463013()
0xffffffffffffffffffffffffffffffffffffffff	0xffffffff	LOCK8605463013()
0xffffffffffffffffff	0xffffffff	LOCK8605463013()
0x53ec410500000000000000000000000000000000000000000000000000000000	0x53ec4105	_wtokenAddress()
0xd0e30db000000000000000000000000000000000000000000000000000000000	0xd0e30db0	deposit()
0xffffffff00000000000000000000000000000000000000000000000000000000	0xffffffff	LOCK8605463013()
0xffffffffffffffffffffffff0000000000000000000000000000000000000000	0xffffffff	LOCK8605463013()
