0x91b	['VAR', '0x290fV0x2ce', nil]	0
0x91b	['VAR', '0x913', nil]	1
0x957	['VAR', '0x946', nil]	0
0x957	['VAR', '0x94c', nil]	1
0x985	['VAR', '0x96a', nil]	0
0x985	['VAR', '0x97f', nil]	1
0x98e	['VAR', '0x946', nil]	0
0x98e	['VAR', '0x985', nil]	1
0xa94	['VAR', '0xa83', nil]	0
0xa94	['VAR', '0xa89', nil]	1
0xa9c	['VAR', '0x2969V0x325', nil]	0
0xa9c	['VAR', '0xa94', nil]	1
0xb5d	['VAR', '0x25bcV0x28dfV0x345', nil]	0
0xb5d	['VAR', '0xb50', nil]	1
0xf81	['VAR', '0x27ddV0x385', nil]	0
0xf81	['VAR', '0xf79', nil]	1
0xf96	['VAR', '0xf88arg0x1', nil]	0
0xf96	['VAR', '0xf8e', nil]	1
0x1176	['VAR', '0x2a21', nil]	0
0x1176	['VAR', '0x116b', nil]	1
0x11db	['VAR', '0x11cf', nil]	0
0x11db	['VAR', '0x11d5', nil]	1
0x11e4	['VAR', '0x11c5', nil]	0
0x11e4	['VAR', '0x11db', nil]	1
0x1290	['VAR', '0x1280', nil]	0
0x1290	['VAR', '0x1286', nil]	1
0x13e9	['VAR', '0x25bcV0x28dfV0x472', nil]	0
0x13e9	['VAR', '0x13dc', nil]	1
0x1442	['VAR', '0x2898', nil]	0
0x1442	['VAR', '0x1432', nil]	1
0x144a	['VAR', '0x28a9', nil]	0
0x144a	['VAR', '0x1442', nil]	1
0x1576	['VAR', '0x1568', nil]	0
0x1576	['VAR', '0x156e', nil]	1
0x15a9	['VAR', '0x159b', nil]	0
0x15a9	['VAR', '0x15a1', nil]	1
0x1641	['VAR', '0x28c5V0x5f3', nil]	0
0x1641	['VAR', '0x1631', nil]	1
0x1649	['VAR', '0xec975V0x5f3', nil]	0
0x1649	['VAR', '0x1641', nil]	1
0x164f	['VAR', '0xec97cV0x5f3', nil]	0
0x164f	['VAR', '0x1649', nil]	1
0x167c	['VAR', '0x27ddV0x63d', nil]	0
0x167c	['VAR', '0x166f', nil]	1
0x187d	['VAR', '0x186c', nil]	0
0x187d	['VAR', '0x1872', nil]	1
0x1886	['VAR', '0x2969V0x75c', nil]	0
0x1886	['VAR', '0x187d', nil]	1
0x18d0	['VAR', '0x189f', nil]	0
0x1932	['VAR', '0x18fe', nil]	0
0x1af2	['VAR', '0x1ae4arg0x1', nil]	0
0x1af2	['VAR', '0x1aea', nil]	1
0x1b67	['VAR', '0x290fV0x85e', nil]	0
0x1b67	['VAR', '0x1b5f', nil]	1
0x1d3b	['VAR', '0x1d2a', nil]	0
0x1d3b	['VAR', '0x1d30', nil]	1
0x1d69	['VAR', '0x1d4e', nil]	0
0x1d69	['VAR', '0x1d63', nil]	1
0x1d72	['VAR', '0x1d2a', nil]	0
0x1d72	['VAR', '0x1d69', nil]	1
0x1f0d	['VAR', '0x1eff', nil]	0
0x1f0d	['VAR', '0x1f05', nil]	1
0x2084	['VAR', '0x2076arg0x1', nil]	0
0x2084	['VAR', '0x207c', nil]	1
0x3e799	['VAR', '0x2b0eV0xfd8', nil]	0
0x3e7ee	['VAR', '0x2b0eV0x1011', nil]	0
0x7b089	['VAR', '0x2b27V0x176a', nil]	0
0x7b0b3	['VAR', '0x2b27V0x17c5', nil]	0
0x7b108	['VAR', '0x2b27V0x17f0', nil]	0
0x87c31	['VAR', '0x2b27V0x1a5b', nil]	0
0x87c86	['VAR', '0x2b27V0x1a87', nil]	0
0x87d9f	['VAR', '0x2b0eV0x1e33', nil]	0
0x87dc9	['VAR', '0x2b0eV0x1e4d', nil]	0
0x87e1e	['VAR', '0x2b0eV0x1e79', nil]	0
0x87efd	['VAR', '0x2b27V0x1f36', nil]	0
0x997af	['VAR', '0x2b27V0x1fb1', nil]	0
0x998b4	['VAR', '0x2b0eV0x20f6', nil]	0
0x1704S0x68c	['VAR', '0x281c', nil]	0
0x1704S0x68c	['VAR', '0x16fcV0x68c', nil]	1
0x226fS0x16f6S0x68c	['VAR', '0x225bV0x16f6V0x68c', nil]	0
0x19b9S0x7e4	['VAR', '0x27ddV0x7d5', nil]	0
0x19b9S0x7e4	['VAR', '0x19b1V0x7e4', nil]	1
0x2311S0x221fS0x2076	['VAR', '0x222fV0x2076', nil]	0
0x2311S0x221fS0x2076	['VAR', '0x230aV0x221fV0x2076', nil]	1
0x233dS0x221fS0x2076	['VAR', '0x2084', nil]	0
0x235bS0x221fS0x2076	['VAR', '0x2346V0x221fV0x2076', nil]	0
0x2371S0x221fS0x2076	['VAR', '0x233fV0x221fV0x2076', nil]	0
0x2371S0x221fS0x2076	['VAR', '0x236aV0x221fV0x2076', nil]	1
0x2390S0x221fS0x2076	['VAR', '0x2084', nil]	0
0x23acS0x221fS0x2076	['VAR', '0x222fV0x2076', nil]	0
0x23acS0x221fS0x2076	['VAR', '0x239bV0x221fV0x2076', nil]	1
0x10c2S0x414	['VAR', '0x25a5V0x2862V0x405', nil]	0
0x10c2S0x414	['VAR', '0x10b2V0x414', nil]	1
0x10cbS0x414	['VAR', '0x25bcV0x286cV0x405', nil]	0
0x10cbS0x414	['VAR', '0x10c2V0x414', nil]	1
0x112eS0x414	['VAR', '0x10cbV0x414', nil]	0
0x14afS0x54d	['VAR', '0x26fdV0x53e', nil]	0
0x14afS0x54d	['VAR', '0x14a5V0x54d', nil]	1
0x175aS0x31790	['VAR', '0x27f6V0x6bd', nil]	0
0x175aS0x31790	['VAR', '0x1752V0x31790', nil]	1
0x228bS0x217cS0x174cS0x31790	['VAR', '0x218cV0x174cV0x31790', nil]	0
0x228bS0x217cS0x174cS0x31790	['VAR', '0x2284V0x217cV0x174cV0x31790', nil]	1
0x19daS0x804	['VAR', '0xec870V0x7f5', nil]	0
0x19daS0x804	['VAR', '0x19d0V0x804', nil]	1
0x23e4S0x942	['VAR', '0x98e', nil]	0
0x175aS0x1f25	['VAR', '0x1f29', nil]	0
0x175aS0x1f25	['VAR', '0x1752V0x1f25', nil]	1
0x228bS0x217cS0x174cS0x1f25	['VAR', '0x218cV0x174cV0x1f25', nil]	0
0x228bS0x217cS0x174cS0x1f25	['VAR', '0x2284V0x217cV0x174cV0x1f25', nil]	1
0x175aS0x3e722	['VAR', '0xf9a', nil]	0
0x175aS0x3e722	['VAR', '0x1752V0x3e722', nil]	1
0x228bS0x217cS0x174cS0x3e722	['VAR', '0x218cV0x174cV0x3e722', nil]	0
0x228bS0x217cS0x174cS0x3e722	['VAR', '0x2284V0x217cV0x174cV0x3e722', nil]	1
0x175aS0x3e791	['VAR', '0x3e799', nil]	0
0x175aS0x3e791	['VAR', '0x1752V0x3e791', nil]	1
0x228bS0x217cS0x174cS0x3e791	['VAR', '0x218cV0x174cV0x3e791', nil]	0
0x228bS0x217cS0x174cS0x3e791	['VAR', '0x2284V0x217cV0x174cV0x3e791', nil]	1
0x175aS0x20e5	['VAR', '0x20e9', nil]	0
0x175aS0x20e5	['VAR', '0x1752V0x20e5', nil]	1
0x228bS0x217cS0x174cS0x20e5	['VAR', '0x218cV0x174cV0x20e5', nil]	0
0x228bS0x217cS0x174cS0x20e5	['VAR', '0x2284V0x217cV0x174cV0x20e5', nil]	1
0x175aS0x7b0ab	['VAR', '0x7b0b3', nil]	0
0x175aS0x7b0ab	['VAR', '0x1752V0x7b0ab', nil]	1
0x228bS0x217cS0x174cS0x7b0ab	['VAR', '0x218cV0x174cV0x7b0ab', nil]	0
0x228bS0x217cS0x174cS0x7b0ab	['VAR', '0x2284V0x217cV0x174cV0x7b0ab', nil]	1
0x175aS0x87c29	['VAR', '0x87c31', nil]	0
0x175aS0x87c29	['VAR', '0x1752V0x87c29', nil]	1
0x228bS0x217cS0x174cS0x87c29	['VAR', '0x218cV0x174cV0x87c29', nil]	0
0x228bS0x217cS0x174cS0x87c29	['VAR', '0x2284V0x217cV0x174cV0x87c29', nil]	1
0x175aS0x87cab	['VAR', '0x1af6', nil]	0
0x175aS0x87cab	['VAR', '0x1752V0x87cab', nil]	1
0x228bS0x217cS0x174cS0x87cab	['VAR', '0x218cV0x174cV0x87cab', nil]	0
0x228bS0x217cS0x174cS0x87cab	['VAR', '0x2284V0x217cV0x174cV0x87cab', nil]	1
0x23e4S0x1d25	['VAR', '0x1d72', nil]	0
0x175aS0x87dc1	['VAR', '0x87dc9', nil]	0
0x175aS0x87dc1	['VAR', '0x1752V0x87dc1', nil]	1
0x228bS0x217cS0x174cS0x87dc1	['VAR', '0x218cV0x174cV0x87dc1', nil]	0
0x228bS0x217cS0x174cS0x87dc1	['VAR', '0x2284V0x217cV0x174cV0x87dc1', nil]	1
0x175aS0x87ef5	['VAR', '0x87efd', nil]	0
0x175aS0x87ef5	['VAR', '0x1752V0x87ef5', nil]	1
0x228bS0x217cS0x174cS0x87ef5	['VAR', '0x218cV0x174cV0x87ef5', nil]	0
0x228bS0x217cS0x174cS0x87ef5	['VAR', '0x2284V0x217cV0x174cV0x87ef5', nil]	1
0x175aS0x997a7	['VAR', '0x997af', nil]	0
0x175aS0x997a7	['VAR', '0x1752V0x997a7', nil]	1
0x228bS0x217cS0x174cS0x997a7	['VAR', '0x218cV0x174cV0x997a7', nil]	0
0x228bS0x217cS0x174cS0x997a7	['VAR', '0x2284V0x217cV0x174cV0x997a7', nil]	1
0x175aS0x998ac	['VAR', '0x998b4', nil]	0
0x175aS0x998ac	['VAR', '0x1752V0x998ac', nil]	1
0x228bS0x217cS0x174cS0x998ac	['VAR', '0x218cV0x174cV0x998ac', nil]	0
0x228bS0x217cS0x174cS0x998ac	['VAR', '0x2284V0x217cV0x174cV0x998ac', nil]	1
0xcf0S0x374	['VAR', '0xce7V0x374', nil]	0
0xcf0S0x374	['VAR', '0xceaV0x374', nil]	1
0xcf8S0x374	['VAR', '0x29be', nil]	0
0xcf8S0x374	['VAR', '0xcf0V0x374', nil]	1
0xe90S0x374	['VAR', '0xe7fV0x374', nil]	0
0xe90S0x374	['VAR', '0xe85V0x374', nil]	1
0xe98S0x374	['VAR', '0x29be', nil]	0
0xe98S0x374	['VAR', '0xe90V0x374', nil]	1
0xea0S0x374	['VAR', '0xe99V0x374', nil]	0
0xea0S0x374	['VAR', '0xe98V0x374', nil]	1
0xba1S0x374	['VAR', '0xb90V0x374', nil]	0
0xba1S0x374	['VAR', '0xb96V0x374', nil]	1
0xba9S0x374	['VAR', '0x29be', nil]	0
0xba9S0x374	['VAR', '0xba1V0x374', nil]	1
0xbb4S0x374	['VAR', '0x29b9', nil]	0
0xbb4S0x374	['VAR', '0xbadV0x374', nil]	1
0xc2bS0x374	['VAR', '0xc1aV0x374', nil]	0
0xc2bS0x374	['VAR', '0xc20V0x374', nil]	1
0xc33S0x374	['VAR', '0x29be', nil]	0
0xc33S0x374	['VAR', '0xc2bV0x374', nil]	1
0xc3bS0x374	['VAR', '0xc34V0x374', nil]	0
0xc3bS0x374	['VAR', '0xc33V0x374', nil]	1
0xd8bS0x374	['VAR', '0xd75V0x374', nil]	0
0xe4bS0x374	['VAR', '0xe39V0x374', nil]	0
0x2454S0xc74S0x374	['VAR', '0xd15V0x374', nil]	0
0x2454S0xd1dS0x374	['VAR', '0xd2dV0x374', nil]	0
0x175aS0x204fS0xfd0	['VAR', '0x2053V0xfd0', nil]	0
0x175aS0x204fS0xfd0	['VAR', '0x1752V0x204fV0xfd0', nil]	1
0x228bS0x217cS0x174cS0x204fS0xfd0	['VAR', '0x218cV0x174cV0x204fV0xfd0', nil]	0
0x228bS0x217cS0x174cS0x204fS0xfd0	['VAR', '0x2284V0x217cV0x174cV0x204fV0xfd0', nil]	1
0x175aS0x204fS0x13f6	['VAR', '0x2053V0x13f6', nil]	0
0x175aS0x204fS0x13f6	['VAR', '0x1752V0x204fV0x13f6', nil]	1
0x228bS0x217cS0x174cS0x204fS0x13f6	['VAR', '0x218cV0x174cV0x204fV0x13f6', nil]	0
0x228bS0x217cS0x174cS0x204fS0x13f6	['VAR', '0x2284V0x217cV0x174cV0x204fV0x13f6', nil]	1
0x4b428S0x520	['VAR', '0x2b27V0x1478V0x520', nil]	0
0x175aS0x4b420S0x520	['VAR', '0x4b428V0x520', nil]	0
0x175aS0x4b420S0x520	['VAR', '0x1752V0x4b420V0x520', nil]	1
0x228bS0x217cS0x174cS0x4b420S0x520	['VAR', '0x218cV0x174cV0x4b420V0x520', nil]	0
0x228bS0x217cS0x174cS0x4b420S0x520	['VAR', '0x2284V0x217cV0x174cV0x4b420V0x520', nil]	1
0x57f9bS0x5c2	['VAR', '0x2b0eV0x15acV0x5c2', nil]	0
0x175aS0x57f93S0x5c2	['VAR', '0x57f9bV0x5c2', nil]	0
0x175aS0x57f93S0x5c2	['VAR', '0x1752V0x57f93V0x5c2', nil]	1
0x228bS0x217cS0x174cS0x57f93S0x5c2	['VAR', '0x218cV0x174cV0x57f93V0x5c2', nil]	0
0x228bS0x217cS0x174cS0x57f93S0x5c2	['VAR', '0x2284V0x217cV0x174cV0x57f93V0x5c2', nil]	1
0x175aS0x204fS0x171d	['VAR', '0x2053V0x171d', nil]	0
0x175aS0x204fS0x171d	['VAR', '0x1752V0x204fV0x171d', nil]	1
0x228bS0x217cS0x174cS0x204fS0x171d	['VAR', '0x218cV0x174cV0x204fV0x171d', nil]	0
0x228bS0x217cS0x174cS0x204fS0x171d	['VAR', '0x2284V0x217cV0x174cV0x204fV0x171d', nil]	1
0x175aS0x204fS0x17bd	['VAR', '0x2053V0x17bd', nil]	0
0x175aS0x204fS0x17bd	['VAR', '0x1752V0x204fV0x17bd', nil]	1
0x228bS0x217cS0x174cS0x204fS0x17bd	['VAR', '0x218cV0x174cV0x204fV0x17bd', nil]	0
0x228bS0x217cS0x174cS0x204fS0x17bd	['VAR', '0x2284V0x217cV0x174cV0x204fV0x17bd', nil]	1
0x175aS0x204fS0x1a53	['VAR', '0x2053V0x1a53', nil]	0
0x175aS0x204fS0x1a53	['VAR', '0x1752V0x204fV0x1a53', nil]	1
0x228bS0x217cS0x174cS0x204fS0x1a53	['VAR', '0x218cV0x174cV0x204fV0x1a53', nil]	0
0x228bS0x217cS0x174cS0x204fS0x1a53	['VAR', '0x2284V0x217cV0x174cV0x204fV0x1a53', nil]	1
0x175aS0x204fS0x1e45	['VAR', '0x2053V0x1e45', nil]	0
0x175aS0x204fS0x1e45	['VAR', '0x1752V0x204fV0x1e45', nil]	1
0x228bS0x217cS0x174cS0x204fS0x1e45	['VAR', '0x218cV0x174cV0x204fV0x1e45', nil]	0
0x228bS0x217cS0x174cS0x204fS0x1e45	['VAR', '0x2284V0x217cV0x174cV0x204fV0x1e45', nil]	1
0x1feeS0xfc2	['VAR', '0xf88arg0x1', nil]	0
0x1feeS0xfc2	['VAR', '0x1fe6V0xfc2', nil]	1
0x22dbS0x220aS0x1fe0S0xfc2	['VAR', '0x1feeV0xfc2', nil]	0
0x22f0S0x220aS0x1fe0S0xfc2	['VAR', '0x221aV0x1fe0V0xfc2', nil]	0
0x22f0S0x220aS0x1fe0S0xfc2	['VAR', '0x22e9V0x220aV0x1fe0V0xfc2', nil]	1
0x228bS0x22b7S0x220aS0x1fe0S0xfc2	['VAR', '0x221aV0x1fe0V0xfc2', nil]	0
0x228bS0x22b7S0x220aS0x1fe0S0xfc2	['VAR', '0x2284V0x22b7V0x220aV0x1fe0V0xfc2', nil]	1
0x175aS0x204fS0x15bdB0x5e2	['VAR', '0x2053V0x15bdB0x5e2', nil]	0
0x175aS0x204fS0x15bdB0x5e2	['VAR', '0x1752V0x204fV0x15bdB0x5e2', nil]	1
0x228bS0x217cS0x174cS0x204fS0x15bdB0x5e2	['VAR', '0x218cV0x174cV0x204fV0x15bdB0x5e2', nil]	0
0x228bS0x217cS0x174cS0x204fS0x15bdB0x5e2	['VAR', '0x2284V0x217cV0x174cV0x204fV0x15bdB0x5e2', nil]	1
0x175aS0x204fS0x134dB0x461	['VAR', '0x2053V0x134dB0x461', nil]	0
0x175aS0x204fS0x134dB0x461	['VAR', '0x1752V0x204fV0x134dB0x461', nil]	1
0x228bS0x217cS0x174cS0x204fS0x134dB0x461	['VAR', '0x218cV0x174cV0x204fV0x134dB0x461', nil]	0
0x228bS0x217cS0x174cS0x204fS0x134dB0x461	['VAR', '0x2284V0x217cV0x174cV0x204fV0x134dB0x461', nil]	1
0x175aS0x204fS0x1497B0x54d	['VAR', '0x2053V0x1497B0x54d', nil]	0
0x175aS0x204fS0x1497B0x54d	['VAR', '0x1752V0x204fV0x1497B0x54d', nil]	1
0x228bS0x217cS0x174cS0x204fS0x1497B0x54d	['VAR', '0x218cV0x174cV0x204fV0x1497B0x54d', nil]	0
0x228bS0x217cS0x174cS0x204fS0x1497B0x54d	['VAR', '0x2284V0x217cV0x174cV0x204fV0x1497B0x54d', nil]	1
0x175aS0x204fS0x153bB0x582	['VAR', '0x2053V0x153bB0x582', nil]	0
0x175aS0x204fS0x153bB0x582	['VAR', '0x1752V0x204fV0x153bB0x582', nil]	1
0x228bS0x217cS0x174cS0x204fS0x153bB0x582	['VAR', '0x218cV0x174cV0x204fV0x153bB0x582', nil]	0
0x228bS0x217cS0x174cS0x204fS0x153bB0x582	['VAR', '0x2284V0x217cV0x174cV0x204fV0x153bB0x582', nil]	1
0x175aS0x204fS0x1689B0x66c	['VAR', '0x2053V0x1689B0x66c', nil]	0
0x175aS0x204fS0x1689B0x66c	['VAR', '0x1752V0x204fV0x1689B0x66c', nil]	1
0x228bS0x217cS0x174cS0x204fS0x1689B0x66c	['VAR', '0x218cV0x174cV0x204fV0x1689B0x66c', nil]	0
0x228bS0x217cS0x174cS0x204fS0x1689B0x66c	['VAR', '0x2284V0x217cV0x174cV0x204fV0x1689B0x66c', nil]	1
0x175aS0x204fS0x1781B0x701	['VAR', '0x2053V0x1781B0x701', nil]	0
0x175aS0x204fS0x1781B0x701	['VAR', '0x1752V0x204fV0x1781B0x701', nil]	1
0x228bS0x217cS0x174cS0x204fS0x1781B0x701	['VAR', '0x218cV0x174cV0x204fV0x1781B0x701', nil]	0
0x228bS0x217cS0x174cS0x204fS0x1781B0x701	['VAR', '0x2284V0x217cV0x174cV0x204fV0x1781B0x701', nil]	1
0x175aS0x204fS0x19c2B0x804	['VAR', '0x2053V0x19c2B0x804', nil]	0
0x175aS0x204fS0x19c2B0x804	['VAR', '0x1752V0x204fV0x19c2B0x804', nil]	1
0x228bS0x217cS0x174cS0x204fS0x19c2B0x804	['VAR', '0x218cV0x174cV0x204fV0x19c2B0x804', nil]	0
0x228bS0x217cS0x174cS0x204fS0x19c2B0x804	['VAR', '0x2284V0x217cV0x174cV0x204fV0x19c2B0x804', nil]	1
0x9ff	['RETURNDATA', '0x9ef', ['0x9f8', '0x9f7']]	0
0x12ec	['RETURNDATA', '0x12dc', ['0x12e5', '0x12e4']]	0
0x1c04	['RETURNDATA', '0x1bf4', ['0x1bfd', '0x1bfc']]	0
0x1c9f	['RETURNDATA', '0x1c8f', ['0x1c98', '0x1c97']]	0
0x1d00	['RETURNDATA', '0x1cf0', ['0x1cf9', '0x1cf8']]	0
0x1de6	['RETURNDATA', '0x1dd6', ['0x1ddf', '0x1dde']]	0
0x1624S0x5e2	['RETURNDATA', '0x1614S0x5e2', ['0x161dV0x5e2', '0x161cV0x5e2']]	0
0x13caS0x461	['RETURNDATA', '0x13b5S0x461', ['0x13c3V0x461', '0x13c2V0x461']]	0
0x1523S0x54d	['RETURNDATA', '0x1513S0x54d', ['0x151cV0x54d', '0x151bV0x54d']]	0
0x16ec0x1689S0x66c	['RETURNDATA', '0x16dc0x1689S0x66c', ['0x16890x16e5V0x66c', '0x16890x16e4V0x66c']]	0
0x16ec0x1781S0x701	['RETURNDATA', '0x16dc0x1781S0x701', ['0x17810x16e5V0x701', '0x17810x16e4V0x701']]	0
0x1a48S0x804	['RETURNDATA', '0x1a38S0x804', ['0x1a41V0x804', '0x1a40V0x804']]	0
