0x0	0
0x60	3
0x3f	2
0xd	0
0x6b	3
0x91	4
0xd8	6
0xd8	7
0x12a	9
0x171	11
0x171	12
0x1c3	14
0x1e9	15
0x230	18
0x282	20
0x2eb	24
0x321	25
0x341	26
0x361	27
0x361	28
0x381	28
0x381	29
0x3a1	29
0x3a1	30
0x3c1	31
0x3e1	32
0x401	33
0x42e	34
0x44e	35
0x46e	36
0x49b	38
0x4bb	39
0x4eb	40
0x50d	41
0x53a	43
0x55a	44
0x56f	44
0x58f	45
0x58f	46
0x5af	46
0x5af	47
0x5cf	47
0x5cf	48
0x5ef	49
0x60f	50
0x624	50
0x639	51
0x659	52
0x679	53
0x699	54
0x6b9	55
0x6d9	56
0x6ee	57
0x70e	58
0x723	58
0x723	59
0x743	59
0x743	60
0x758	60
0x785	62
0x7a7	63
0x7bc	63
0x7d1	64
0x7f1	65
0x811	66
0x831	67
0x851	68
0x879	69
0x879	70
0x88e	70
0x8a3	71
0x8c3	72
0x8ed	73
0x8ed	74
0x92b	75
0x92b	76
0x9e8	81
0x9f7	82
0xab7	88
0xab7	89
0xae5	89
0xae5	90
0xfab	129
0xfab	130
0xffa	131
0xffa	132
0x1090	136
0x1090	137
0x1202	148
0x1202	149
0x1234	150
0x1234	151
0x1257	151
0x1257	152
0x12d5	155
0x12e4	156
0x1580	177
0x1580	178
0x1730	191
0x1730	192
0x17d9	196
0x17d9	197
0x18c2	204
0x18c2	2585
0x18c2	2586
0x1924	207
0x1924	208
0x1924	2667
0x1924	2668
0x1a70	218
0x1a70	219
0x1b07	223
0x1b42	225
0x1b77	226
0x1b77	227
0x1b9d	228
0x1bed	230
0x1bfc	231
0x1c3a	233
0x1c88	235
0x1c97	236
0x1ce9	238
0x1cf8	239
0x1dcf	246
0x1dde	246
0x1e62	250
0x1e62	251
0x1f58	258
0x1f58	259
0x1fc5	262
0x1fc5	263
0x209a	269
0x210a	272
0x210a	273
0x21ea	280
0xaaf	88
0x11fa	148
0x122d	150
0x1303	157
0x1972	210
0x197d	210
0x175	12
0xdc	7
0x95	4
0x95	5
0x6f	3
0x6954	869
0x6954	870
0x6978	870
0x6978	871
0x6978	872
0x699c	872
0x699c	873
0x12e	9
0x12e	10
0x69c0	873
0x69c0	874
0x69e4	874
0x69e4	875
0x234	18
0x1ed	15
0x1ed	16
0x1c7	14
0x1c7	15
0x6a08	875
0x6a08	876
0x6a2c	876
0x6a2c	877
0x6a50	877
0x6a50	878
0x6a50	879
0x286	20
0x286	21
0x6a74	879
0x31280	6494
0x31280	6495
0x31280	6496
0x2dc	23
0x8d0	72
0x8d0	73
0x2ef	24
0x312a1	6496
0x312a1	6497
0x2fe	24
0x325	25
0x325	26
0x312f5	6498
0x312f5	6499
0x334	26
0xa5c	85
0x345	27
0x31316	6499
0x31316	6500
0x31316	6501
0x354	27
0xb4f	93
0x365	28
0x31342	6501
0x31342	6502
0x374	28
0x2972	342
0x385	29
0x31363	6502
0x31363	6503
0x394	29
0xf73	127
0xf73	128
0x3a5	30
0x3138f	6503
0x3138f	6504
0x3b4	30
0xf88	128
0xf88	129
0x3c5	31
0x313b0	6504
0x313b0	6505
0x3d4	31
0xfd0	130
0x3e5	32
0x313d1	6505
0x313d1	6506
0x3f4	32
0x106f	135
0x405	33
0x419	33
0x419	34
0x414	33
0x313f2	6506
0x313f2	6507
0x313f2	6508
0x432	34
0x432	35
0x3141a	6508
0x3141a	6509
0x441	35
0x29c1	344
0x29c1	345
0x1155	143
0x452	35
0x452	36
0x3143b	6509
0x3143b	6510
0x461	36
0x472	36
0x472	37
0x486	37
0x481	37
0x13db	163
0x13db	164
0x3145c	6510
0x3145c	6511
0x33c7	427
0x33c7	428
0x49f	38
0x31484	6511
0x31484	6512
0x4ae	38
0x13f6	164
0x13f6	165
0x4bf	39
0x4d3	39
0x4d3	40
0x4ce	39
0x2884	334
0x2884	335
0x1431	166
0x1431	167
0x1431	168
0x314a5	6512
0x314a5	6513
0x2bfe	363
0x2bfe	364
0x4ef	40
0x4ef	41
0x314cd	6513
0x314cd	6514
0x314cd	6515
0x1469	168
0x1469	169
0x511	41
0x511	42
0x31521	6516
0x31521	6517
0x31521	6518
0x520	42
0x53e	43
0x31575	6519
0x31575	6520
0x54d	43
0x55e	44
0x31596	6520
0x31596	6521
0x573	45
0x315c2	6521
0x315c2	6522
0x582	45
0x593	46
0x315e3	6522
0x315e3	6524
0x5a2	46
0x155c	176
0x5b3	47
0x31604	6524
0x31604	6525
0x5c2	47
0x5d3	48
0x31630	6525
0x31630	6526
0x5e2	48
0x2642	315
0x2642	316
0x5f3	49
0x31651	6526
0x31651	6527
0x602	49
0x1630	183
0x1630	184
0x613	50
0x3167d	6527
0x3167d	6528
0x3167d	6529
0x1656	184
0x628	50
0x628	51
0x316a9	6529
0x316a9	6530
0x63d	51
0x316ca	6530
0x316ca	6531
0x64c	52
0x166e	185
0x166e	186
0x65d	52
0x65d	53
0x316f6	6531
0x316f6	6532
0x66c	53
0x67d	53
0x67d	54
0x31717	6532
0x31717	6533
0x31717	6534
0x68c	54
0x2806	330
0x69d	54
0x69d	55
0x31743	6534
0x31743	6535
0x6ac	55
0x171d	190
0x171d	191
0x6bd	55
0x6bd	56
0x31764	6535
0x31764	6536
0x31790	6536
0x31790	6537
0x6dd	56
0x317b4	6537
0x317b4	6538
0x317b4	6539
0x176a	193
0x6f2	57
0x317e0	6539
0x317e0	6540
0x701	57
0x712	58
0x31801	6540
0x31801	6541
0x17b7	195
0x17b7	196
0x727	59
0x3182d	6541
0x3182d	6542
0x736	59
0x17bd	196
0x747	60
0x3184e	6542
0x3184e	6543
0x3184e	6544
0x1840	200
0x75c	60
0x75c	61
0x770	61
0x76b	61
0x1845	200
0x3187a	6544
0x3187a	6545
0x334e	423
0x334e	424
0x334e	425
0x789	62
0x792	62
0x1996	211
0x318a2	6545
0x318a2	6546
0x33db	428
0x7ab	63
0x318ca	6546
0x318ca	6547
0x318ca	6548
0x199f	211
0x7c0	64
0x318f6	6548
0x318f6	6549
0x19a5	211
0x7d5	64
0x7d5	65
0x31922	6549
0x31922	6550
0x31922	6551
0x7e4	65
0x7f5	65
0x7f5	66
0x3194e	6551
0x3194e	6552
0x804	66
0x815	66
0x815	67
0x3196f	6552
0x3196f	6553
0x824	67
0x1a53	217
0x835	67
0x835	68
0x31990	6553
0x31990	6554
0x844	68
0x1ae4	222
0x1ae4	223
0x855	68
0x855	69
0x319b1	6554
0x319b1	6555
0x1b1e	223
0x1b1e	224
0x319dd	6555
0x319dd	6556
0x86c	69
0x1b24	224
0x87d	70
0x319fe	6556
0x319fe	6557
0x319fe	6558
0x1e33	249
0x892	70
0x892	71
0x31a2a	6558
0x31a2a	6559
0x1e3f	249
0x8a7	71
0x31a56	6559
0x31a56	6560
0x8b6	71
0x8b6	72
0x1e45	249
0x1e45	250
0x8c7	72
0x31a77	6560
0x31a77	6561
0x8d8	73
0x8e3	73
0x1efb	255
0x1efb	256
0x90d	74
0x90d	75
0x31a98	6561
0x31a98	6562
0x31a98	6563
0x2ea6	385
0x2ea6	386
0x942	76
0x942	77
0x942	78
0x942	79
0x31ac0	6563
0x31ac0	6564
0x999	79
0x999	80
0x999	81
0x9d2	81
0x9ec	81
0x9ec	82
0xa00	82
0xa00	83
0xa00	84
0xa64	85
0xa64	86
0xa64	87
0xa64	88
0x1f25	257
0xab0	88
0xace	89
0x3e5e4	8240
0x3e5e4	8241
0x2f0d	388
0x2f0d	390
0xadf	89
0x1f6f	259
0x1f6f	260
0x1f6f	261
0xafc	90
0xafc	91
0xafc	92
0xafc	431
0xafc	432
0x3e60c	8241
0x3e60c	8242
0x3e60c	8243
0x3000	396
0x3000	397
0x3000	398
0xb40	92
0xb40	93
0xfa6	129
0x3e722	8250
0x3e722	8251
0x3e722	8252
0xfc2	130
0x3e746	8252
0x3e746	8253
0x2dc3	377
0x2dc3	378
0x2dc3	379
0x2dc3	380
0x3e76e	8253
0x3e76e	8254
0xfd8	130
0xfd8	131
0xff5	131
0x3e791	8254
0x3e791	8255
0x1011	132
0x1011	133
0x3e7be	8255
0x3e7be	8256
0x3e7be	8257
0x3268	416
0x3268	417
0x102e	133
0x102e	134
0x102e	135
0x3e7e6	8257
0x3e7e6	8258
0x1077	135
0x1077	136
0x3e813	8258
0x3e813	8259
0x32ff	421
0x32ff	422
0x32ff	423
0x115d	143
0x1fb1	261
0x1fb1	262
0x1165	143
0x1165	144
0x1165	145
0x11ad	145
0x11ad	146
0x11ad	147
0x11ad	148
0x2ae1	354
0x2ae1	355
0x11fb	148
0x1219	149
0x1219	150
0x3e8ac	8263
0x3e8ac	8264
0x2ce3	370
0x2ce3	371
0x2ce3	372
0x122e	150
0x124b	151
0x3e8d4	8264
0x3e8d4	8265
0x3e8d4	8266
0x2cac	368
0x2cac	369
0x2cac	370
0x126e	152
0x126e	153
0x126e	154
0x3e8fc	8266
0x3e8fc	8267
0x2ed6	386
0x2ed6	387
0x2ed6	388
0x12bf	154
0x12bf	155
0x12d9	155
0x12ed	156
0x1304	157
0x1304	158
0x1304	431
0x1304	432
0x1339	158
0x1339	159
0x13fe	165
0x13fe	166
0x1564	176
0x1564	177
0x20e5	271
0x1597	178
0x4b46f	9946
0x4b46f	9947
0x30c4	402
0x30c4	403
0x30c4	404
0x30c4	405
0x1725	191
0x1747	192
0x6981d	13940
0x6981d	13941
0x3231	414
0x3231	415
0x3231	416
0x7b081	16256
0x7b081	16257
0x17c5	196
0x17d4	196
0x7b0ab	16257
0x7b0ab	16258
0x17f0	197
0x17f0	198
0x7b0d8	16258
0x7b0d8	16259
0x7b0d8	16260
0x2e6f	383
0x2e6f	384
0x2e6f	385
0x17ff	198
0x17ff	199
0x17ff	200
0x7b100	16260
0x7b100	16261
0x184d	200
0x184d	201
0x184d	202
0x184d	203
0x184d	204
0x24a6	302
0x24a6	303
0x24a6	304
0x18f0	205
0x18f0	206
0x18f0	207
0x18d2	204
0x18d2	205
0x1952	209
0x1952	210
0x1934	208
0x1934	209
0x1973	210
0x197e	210
0x197e	211
0x1a5b	217
0x1a5b	218
0x1a6a	218
0x87c29	17937
0x87c29	17938
0x87c29	17939
0x1a87	219
0x87c56	17939
0x87c56	17940
0x308d	400
0x308d	401
0x308d	402
0x1aa4	220
0x1aa4	221
0x1aa4	222
0x87c7e	17940
0x87c7e	17941
0x87c7e	17942
0x1b02	223
0x87cab	17942
0x87cab	17943
0x87ccf	17943
0x87ccf	17944
0x2fb0	393
0x2fb0	394
0x2fb0	395
0x2fb0	396
0x1b2c	224
0x1b37	224
0x1b37	225
0x1b59	225
0x1b59	226
0x87cf7	17944
0x87cf7	17945
0x3144	406
0x3144	407
0x3144	408
0x1b8e	227
0x1b8e	228
0x87d1f	17945
0x87d1f	17946
0x87d1f	17947
0x1bb4	228
0x1bb4	229
0x1bb4	230
0x87d47	17947
0x87d47	17948
0x2d55	374
0x2d55	375
0x2d55	376
0x1bf1	230
0x1bf1	231
0x1c05	231
0x1c05	232
0x1c29	232
0x1c29	233
0x1c51	233
0x1c51	234
0x1c51	235
0x87d6f	17948
0x87d6f	17949
0x305f	399
0x305f	400
0x1c8c	235
0x1c8c	236
0x1ca0	236
0x1ca0	237
0x1ca0	238
0x1cd3	238
0x2b76	358
0x2b76	359
0x1ced	238
0x1ced	239
0x1d01	239
0x1d01	240
0x1d25	240
0x1d25	241
0x1d25	242
0x1d25	243
0x1d7d	243
0x1d7d	244
0x1d7d	245
0x1db9	245
0x1db9	246
0x1dd3	246
0x1de7	246
0x1de7	247
0x1de7	248
0x1de7	249
0x87d97	17949
0x87d97	17951
0x1e4d	250
0x1e5c	250
0x87dc1	17951
0x87dc1	17952
0x1e79	251
0x1e79	252
0x87dee	17952
0x87dee	17953
0x310d	405
0x310d	406
0x1e88	252
0x1e88	253
0x1e88	254
0x87e16	17953
0x87e16	17954
0x87e16	17955
0x1f1b	256
0x1f1b	257
0x87ead	17958
0x87ead	17959
0x87ed1	17959
0x87ed1	17960
0x1f30	257
0x1f53	258
0x87ef5	17960
0x87ef5	17961
0x87ef5	17962
0x87f22	17962
0x87f22	17963
0x87f43	17963
0x87f43	17964
0x2d8c	376
0x2d8c	377
0x87f6b	17964
0x87f6b	20276
0x87f6b	20277
0x87f6b	20278
0x1e	0
0x1e	1
0x21de	279
0x21de	280
0x1fc0	262
0x997a7	20278
0x997a7	20279
0x997a7	20280
0x997d4	20280
0x997d4	20281
0x997f5	20281
0x997f5	20282
0x31c5	411
0x31c5	412
0x2094	269
0x99889	20286
0x99889	20287
0x20a1	269
0x20a1	270
0x20a1	271
0x20f0	272
0x2105	272
0x998ac	20287
0x998ac	20288
0x998d9	20288
0x998d9	20289
0x998fa	20289
0x998fa	20290
0x998fa	20291
0x2f44	390
0x2f44	391
0x2f44	392
0x2202	280
0x2202	281
0xc94e8	26598
0xc94e8	26599
0x2657	316
0x2662	316
0x2662	317
0x2672	317
0x2682	318
0x2818	331
0x2896	335
0x28a1	335
0x2987	342
0x2987	343
0x2991	343
0x2991	344
0x29ac	344
0x29d8	345
0x29e2	345
0x29e2	346
0x29f1	346
0x29f1	347
0x2a0b	347
0x2a17	347
0x2a17	348
0x2c15	364
0x29	1
0x337e	425
0x337e	426
0x339b	426
0x33ab	426
0x33ab	427
0x10fb88	35902
0x10fb88	35903
0x10fbb0	35903
0x10fbb0	35904
0x10fbd8	35904
0x10fbd8	35905
0x10fbd8	35906
0x10fc00	35906
0x10fc00	35907
0x10fc28	35907
0x10fc28	35908
0x10fc50	35908
0x10fc50	35909
0x10fc78	35909
0x10fc78	35910
0x10fc78	35911
0x10fca0	35911
0x10fca0	35912
0x10fcc8	35912
0x10fcc8	35913
0x10fcf0	35913
0x10fcf0	35914
0x10fcf0	35915
0x10fd18	35915
0x10fd18	35916
0x10fd40	35916
0x10fd40	35917
0x10fd68	35917
0x10fd68	35918
0x10fd90	35918
0x10fd90	35919
0x10fd90	35920
0x10fdb8	35920
0x10fdb8	35921
0x10fde0	35921
0x10fde0	35922
0x10fe08	35922
0x10fe08	35923
0x10fe08	35924
0x10fe30	35924
0x10fe30	35925
0x10fe58	35925
0x10fe58	35926
0x10fe80	35926
0x10fe80	35928
0x10fea8	35928
0x10fea8	35929
0x10ffaa	35936
0x10ffaa	35937
0x2ce	23
0x2e3	23
0x2e3	24
0x319	25
0x339	26
0x359	27
0x379	28
0x399	29
0x3b9	30
0x3d9	31
0x3d9	32
0x3f9	32
0x3f9	33
0x426	34
0x446	35
0x466	36
0x493	37
0x493	38
0x4b3	38
0x4b3	39
0x4e3	40
0x505	41
0x532	42
0x532	43
0x552	43
0x552	44
0x567	44
0x587	45
0x5a7	46
0x5c7	47
0x5e7	48
0x607	49
0x607	50
0x61c	50
0x631	51
0x651	52
0x671	53
0x691	54
0x6b1	55
0x6d1	56
0x6e6	56
0x6e6	57
0x706	58
0x71b	58
0x73b	59
0x750	60
0x77d	61
0x77d	62
0x79f	62
0x79f	63
0x7b4	63
0x7c9	64
0x7e9	65
0x809	66
0x829	67
0x849	68
0x85e	69
0x871	69
0x886	70
0x89b	71
0x8bb	72
0x6930	868
0x6930	869
0x2076	268
0x2076	269
0x7b	3
0x7b	4
0x34	1
0x34	2
0x4a	2
0x55	2
0x55	3
0x86	4
0xa1	5
0xac	5
0xb7	5
0xb7	6
0xc2	6
0xcd	6
0xe8	7
0xf3	7
0xf3	8
0xfe	8
0x109	8
0x114	8
0x114	9
0x11f	9
0x13a	10
0x145	10
0x150	10
0x150	11
0x15b	11
0x166	11
0x181	12
0x18c	12
0x18c	13
0x197	13
0x1a2	13
0x1ad	13
0x1ad	14
0x1b8	14
0x1d3	15
0x1de	15
0x1f9	16
0x204	16
0x20f	17
0x21a	17
0x225	17
0x225	18
0x240	18
0x24b	18
0x24b	19
0x256	19
0x261	19
0x26c	20
0x277	20
0x292	21
0x29d	21
0x2a8	21
0x2a8	22
0x2b3	22
0x2be	22
0x2c9	23
0x1f15	256
0x1f36	257
0x1f36	258
0x20f6	272
0x10a70x106f	137
0x10a70x1ae4	137
0x2f7bB0x92b	392
0x2f7bB0x92b	393
0x2f7bB0x1b77	392
0x2f7bB0x1b77	393
0x1fdcB0x209a	263
0x2aa8B0x21ea	352
0x2c99B0x21ea	368
0x2abbB0x21ea	352
0x2abbB0x21ea	353
0x2a9fB0x21ea	351
0x2a9fB0x21ea	352
0x2accB0x21ea	353
0x2accB0x21ea	354
0xfe20bB0x21ea	33577
0xfe20bB0x21ea	35889
0xfe20bB0x21ea	35890
0xfe20bB0x21ea	35891
0x2a96B0x21ea	351
0x2a96B0x21ea	3163
0x2a96B0x21ea	3164
0x2ac4B0x21ea	353
0x2ac4B0x21ea	3245
0x2ac4B0x21ea	3246
0x1ee4B0x8d0	255
0x1ed8B0x8d0	254
0x1ed8B0x8d0	255
0x87e85B0x8d0	17957
0x87e85B0x8d0	17958
0x3035B0x8d0	398
0x3035B0x8d0	399
0x2b9aB0x312a1	360
0x2b9aB0x31316	360
0x27caB0x385	328
0x27caB0x385	329
0x27dbB0x385	329
0x2b9aB0x31363	360
0x1fdcB0xf88	263
0x1fdcB0x106f	263
0x2aa8B0x419	352
0x2c99B0x419	368
0x2abbB0x419	352
0x2abbB0x419	353
0x2a9fB0x419	351
0x2a9fB0x419	352
0x2accB0x419	353
0x2accB0x419	354
0xfe20bB0x419	33577
0xfe20bB0x419	35889
0xfe20bB0x419	35890
0xfe20bB0x419	35891
0x2a96B0x419	351
0x2a96B0x419	3163
0x2a96B0x419	3164
0x2ac4B0x419	353
0x2ac4B0x419	3245
0x2ac4B0x419	3246
0x27caB0x49f	328
0x27caB0x49f	329
0x27dbB0x49f	329
0x33e9B0x2bfe	428
0x2b3eB0x314cd	357
0x2b8fB0x31521	359
0x2b8fB0x31521	360
0x1531B0x55e	175
0x1531B0x55e	2420
0x1531B0x55e	2421
0x2b8fB0x31596	359
0x2b8fB0x31596	360
0x2827B0x593	331
0x2827B0x593	332
0x2839B0x593	332
0x2b8fB0x31604	359
0x2b8fB0x31604	360
0x2b8fB0x31651	359
0x2b8fB0x31651	360
0x2b9aB0x3167d	360
0x27caB0x63d	328
0x27caB0x63d	329
0x27dbB0x63d	329
0x2b3eB0x316ca	357
0x2b3eB0x31717	357
0x27caB0x69d	328
0x27caB0x69d	329
0x27dbB0x69d	329
0x2b8fB0x31764	359
0x2b8fB0x31764	360
0x2b9aB0x317b4	360
0x2b26B0x176a	356
0x2b26B0x176a	357
0x2b9aB0x31801	360
0x2b9aB0x3184e	360
0x2a61B0x334e	349
0x2a61B0x334e	350
0x2a3cB0x334e	348
0x2a3cB0x334e	349
0x2a29B0x334e	348
0x2a29B0x334e	3080
0x2a29B0x334e	3081
0x2a45B0x334e	349
0x2b9aB0x318ca	360
0x2b9aB0x318f6	360
0x27caB0x7d5	328
0x27caB0x7d5	329
0x27dbB0x7d5	329
0x2b9aB0x31922	360
0x1fdcB0x1ae4	263
0x2b9aB0x319b1	360
0x1ee4B0x1b24	255
0x1ed8B0x1b24	254
0x1ed8B0x1b24	255
0x87e85B0x1b24	17957
0x87e85B0x1b24	17958
0x3035B0x1b24	398
0x3035B0x1b24	399
0x2b9aB0x319fe	360
0x2b0dB0x1e33	355
0x2b0dB0x1e33	356
0x2b9aB0x31a2a	360
0x2bf0B0xafc	362
0x2bf0B0xafc	363
0x2b26B0x1fb1	356
0x2b26B0x1fb1	357
0x2b0dB0xfd8	355
0x2b0dB0xfd8	356
0x2b0dB0x1011	355
0x2b0dB0x1011	356
0x1ee4B0x115d	255
0x1ed8B0x115d	254
0x1ed8B0x115d	255
0x87e85B0x115d	17957
0x87e85B0x115d	17958
0x3035B0x115d	398
0x3035B0x115d	399
0x2bf0B0x1304	362
0x2bf0B0x1304	363
0x2b26B0x17c5	356
0x2b26B0x17c5	357
0x2b26B0x17f0	356
0x2b26B0x17f0	357
0x2b26B0x1a5b	356
0x2b26B0x1a5b	357
0x2b26B0x1a87	356
0x2b26B0x1a87	357
0x27aaB0x1d01	327
0x27bbB0x1d01	328
0x2b0dB0x1e4d	355
0x2b0dB0x1e4d	356
0x2b0dB0x1e79	355
0x2b0dB0x1e79	356
0x3404B0x2657	429
0x33f3B0x2657	429
0x3404B0x2662	429
0x33f3B0x2662	429
0x3404B0x2672	429
0x33f3B0x2672	429
0x342fB0x2896	430
0x342fB0x2896	431
0x341eB0x2896	430
0x25c7B0x2987	311
0x25c7B0x2987	312
0x25baB0x2987	311
0x25c7B0x29d8	311
0x25c7B0x29d8	312
0x25baB0x29d8	311
0x25b6B0x29e2	311
0x25a3B0x29e2	310
0x25a3B0x29e2	311
0x259fB0x2a0b	310
0x2575B0x2a0b	309
0x258bB0x2a0b	310
0x2564B0x2a0b	308
0x2564B0x2a0b	309
0x2a61B0x337e	349
0x2a61B0x337e	350
0x2a3cB0x337e	348
0x2a3cB0x337e	349
0x2a29B0x337e	348
0x2a29B0x337e	3080
0x2a29B0x337e	3081
0x2a45B0x337e	349
0x33e9B0x339b	428
0x2b26B0x1f36	356
0x2b26B0x1f36	357
0x2b0dB0x20f6	355
0x2b0dB0x20f6	356
0x28ceB0x2ef	336
0x28ceB0x2ef	337
0x28dfB0x2ef	337
0xec9a4B0x2ef	31262
0xec9a4B0x2ef	33574
0xec9a4B0x2ef	33575
0xec9a4B0x2ef	33576
0x25c7B0x28dfB0x2ef	311
0x25c7B0x28dfB0x2ef	312
0x25baB0x28dfB0x2ef	311
0x2935B0x325	340
0x2949B0x325	340
0x2949B0x325	341
0x2953B0x325	341
0x2962B0x325	341
0x2962B0x325	342
0x25c7B0x2949B0x325	311
0x25c7B0x2949B0x325	312
0x25baB0x2949B0x325	311
0x25b6B0x2953B0x325	311
0x25a3B0x2953B0x325	310
0x25a3B0x2953B0x325	311
0x28ceB0x345	336
0x28ceB0x345	337
0x28dfB0x345	337
0xec9a4B0x345	31262
0xec9a4B0x345	33574
0xec9a4B0x345	33575
0xec9a4B0x345	33576
0x25c7B0x28dfB0x345	311
0x25c7B0x28dfB0x345	312
0x25baB0x28dfB0x345	311
0x27e2B0x3a5	329
0x27f4B0x3a5	329
0x27f4B0x3a5	330
0x3404B0x27f4B0x3a5	429
0x33f3B0x27f4B0x3a5	429
0x25cbB0x3c5	312
0x25dcB0x3c5	312
0x3404B0x25dcB0x3c5	429
0x33f3B0x25dcB0x3c5	429
0x27e2B0x3e5	329
0x27f4B0x3e5	329
0x27f4B0x3e5	330
0x3404B0x27f4B0x3e5	429
0x33f3B0x27f4B0x3e5	429
0x2850B0x405	332
0x2850B0x405	333
0x2862B0x405	333
0x286cB0x405	333
0x286cB0x405	334
0x25b6B0x2862B0x405	311
0x25a3B0x2862B0x405	310
0x25a3B0x2862B0x405	311
0x25c7B0x286cB0x405	311
0x25c7B0x286cB0x405	312
0x25baB0x286cB0x405	311
0x2742B0x452	324
0x2757B0x452	324
0x2757B0x452	325
0x276dB0x452	325
0x2779B0x452	325
0x2779B0x452	326
0x2791B0x452	326
0x2791B0x452	327
0x2559B0x276dB0x452	308
0x252dB0x276dB0x452	307
0x2543B0x276dB0x452	307
0x2543B0x276dB0x452	308
0x251cB0x276dB0x452	306
0x2559B0x2791B0x452	308
0x252dB0x2791B0x452	307
0x2543B0x2791B0x452	307
0x2543B0x2791B0x452	308
0x251cB0x2791B0x452	306
0x28ceB0x472	336
0x28ceB0x472	337
0x28dfB0x472	337
0xec9a4B0x472	31262
0xec9a4B0x472	33574
0xec9a4B0x472	33575
0xec9a4B0x472	33576
0x25c7B0x28dfB0x472	311
0x25c7B0x28dfB0x472	312
0x25baB0x28dfB0x472	311
0x25cbB0x511	312
0x25dcB0x511	312
0x3404B0x25dcB0x511	429
0x33f3B0x25dcB0x511	429
0x26d3B0x53e	320
0x26d3B0x53e	321
0x26ebB0x53e	321
0x26f6B0x53e	321
0x26f6B0x53e	322
0x270dB0x53e	322
0x271dB0x53e	323
0x3404B0x26ebB0x53e	429
0x33f3B0x26ebB0x53e	429
0x3404B0x26f6B0x53e	429
0x33f3B0x26f6B0x53e	429
0x341aB0x270dB0x53e	430
0x3408B0x270dB0x53e	429
0x3408B0x270dB0x53e	430
0x341aB0x271dB0x53e	430
0x3408B0x271dB0x53e	429
0x3408B0x271dB0x53e	430
0x25cbB0x573	312
0x25dcB0x573	312
0x3404B0x25dcB0x573	429
0x33f3B0x25dcB0x573	429
0x25cbB0x5b3	312
0x25dcB0x5b3	312
0x3404B0x25dcB0x5b3	429
0x33f3B0x25dcB0x5b3	429
0x160dB0x5e2	182
0x161cB0x5e2	182
0x15bdB0x5e2	179
0x15c5B0x5e2	179
0x15c5B0x5e2	180
0x15c5B0x5e2	181
0x15f7B0x5e2	181
0x15f7B0x5e2	182
0x2b52B0x5e2	357
0x2b52B0x5e2	358
0x1611B0x5e2	182
0x28afB0x5f3	335
0x28afB0x5f3	336
0x28c3B0x5f3	336
0xec96eB0x5f3	31260
0xec96eB0x5f3	31261
0xec96eB0x5f3	31262
0x342fB0x28c3B0x5f3	430
0x342fB0x28c3B0x5f3	431
0x341eB0x28c3B0x5f3	430
0x3404B0xec96eB0x5f3	429
0x33f3B0xec96eB0x5f3	429
0x165cB0x628	184
0x1664B0x628	184
0x1664B0x628	185
0x2121B0x628	273
0x2129B0x628	273
0x2129B0x628	274
0x2129B0x628	275
0x99922B0x628	20291
0x99922B0x628	20292
0x1ee4B0x2121B0x628	255
0x1ed8B0x2121B0x628	254
0x1ed8B0x2121B0x628	255
0x87e85B0x2121B0x628	17957
0x87e85B0x2121B0x628	17958
0x3035B0x2121B0x628	398
0x3035B0x2121B0x628	399
0x2b3eB0x2129B0x628	357
0x260aB0x65d	314
0x261cB0x65d	314
0x261cB0x65d	315
0x2627B0x65d	315
0x3404B0x261cB0x65d	429
0x33f3B0x261cB0x65d	429
0x3404B0x2627B0x65d	429
0x33f3B0x2627B0x65d	429
0x16f6B0x68c	189
0x16f6B0x68c	190
0x57fe1B0x68c	11626
0x57fe1B0x68c	13938
0x57fe1B0x68c	13939
0x57fe1B0x68c	13940
0x2240B0x16f6B0x68c	282
0x2240B0x16f6B0x68c	283
0x2170B0x16f6B0x68c	276
0x9994bB0x16f6B0x68c	20292
0x9994bB0x16f6B0x68c	22604
0x9994bB0x16f6B0x68c	22605
0x9994bB0x16f6B0x68c	22606
0x2234B0x16f6B0x68c	282
0x2257B0x16f6B0x68c	283
0x2257B0x16f6B0x68c	284
0xec588B0x16f6B0x68c	31228
0xec588B0x16f6B0x68c	31229
0x2d13B0x16f6B0x68c	372
0x2d13B0x16f6B0x68c	373
0x2d13B0x16f6B0x68c	374
0x2266B0x16f6B0x68c	284
0x27e2B0x6bd	329
0x27f4B0x6bd	329
0x27f4B0x6bd	330
0x3404B0x27f4B0x6bd	429
0x33f3B0x27f4B0x6bd	429
0x260aB0x6f2	314
0x261cB0x6f2	314
0x261cB0x6f2	315
0x2627B0x6f2	315
0x3404B0x261cB0x6f2	429
0x33f3B0x261cB0x6f2	429
0x3404B0x2627B0x6f2	429
0x33f3B0x2627B0x6f2	429
0x25cbB0x727	312
0x25dcB0x727	312
0x3404B0x25dcB0x727	429
0x33f3B0x25dcB0x727	429
0x2935B0x75c	340
0x2949B0x75c	340
0x2949B0x75c	341
0x2953B0x75c	341
0x2962B0x75c	341
0x2962B0x75c	342
0x25c7B0x2949B0x75c	311
0x25c7B0x2949B0x75c	312
0x25baB0x2949B0x75c	311
0x25b6B0x2953B0x75c	311
0x25a3B0x2953B0x75c	310
0x25a3B0x2953B0x75c	311
0x19abB0x7e4	211
0x19abB0x7e4	212
0x7b12dB0x7e4	16261
0x7b12dB0x7e4	17935
0x7b12dB0x7e4	17936
0x7b12dB0x7e4	17937
0x2191B0x19abB0x7e4	277
0xbc9c3B0x19abB0x7e4	24920
0xbc9c3B0x19abB0x7e4	26595
0xbc9c3B0x19abB0x7e4	26596
0xbc9c3B0x19abB0x7e4	26597
0x2291B0x19abB0x7e4	285
0x2692B0x7f5	318
0x2692B0x7f5	319
0x26a6B0x7f5	319
0xec869B0x7f5	31251
0xec869B0x7f5	31252
0xec869B0x7f5	31253
0x3404B0x26a6B0x7f5	429
0x33f3B0x26a6B0x7f5	429
0x3404B0xec869B0x7f5	429
0x33f3B0xec869B0x7f5	429
0x25cbB0x815	312
0x25dcB0x815	312
0x3404B0x25dcB0x815	429
0x33f3B0x25dcB0x815	429
0x27e2B0x835	329
0x27f4B0x835	329
0x27f4B0x835	330
0x3404B0x27f4B0x835	429
0x33f3B0x27f4B0x835	429
0x25cbB0x8a7	312
0x25dcB0x8a7	312
0x3404B0x25dcB0x8a7	429
0x33f3B0x25dcB0x8a7	429
0x1ec8B0x8c7	254
0x1ed0B0x8c7	254
0x219cB0x8c7	277
0x21a4B0x8c7	277
0x21a4B0x8c7	278
0x21a4B0x8c7	279
0xc94bfB0x8c7	26597
0xc94bfB0x8c7	26598
0x22a0B0x219cB0x8c7	285
0x22a0B0x219cB0x8c7	286
0x2295B0x219cB0x8c7	285
0xec5d1B0x219cB0x8c7	31230
0xec5d1B0x219cB0x8c7	31231
0x2e41B0x219cB0x8c7	381
0x2e41B0x219cB0x8c7	382
0x2e41B0x219cB0x8c7	383
0x2b3eB0x21a4B0x8c7	357
0x2c4aB0x999	365
0x2c4aB0x999	366
0x2c4aB0x999	367
0x2a6cB0x2c4aB0x999	350
0x2a6cB0x2c4aB0x999	351
0x2c27B0x126e	364
0x2c27B0x126e	365
0x2a6cB0x2c27B0x126e	350
0x2a6cB0x2c27B0x126e	351
0x25eeB0x1c05	313
0x25ffB0x1c05	313
0x25ffB0x1c05	314
0x3404B0x25ffB0x1c05	429
0x33f3B0x25ffB0x1c05	429
0x2c4aB0x1d7d	365
0x2c4aB0x1d7d	366
0x2c4aB0x1d7d	367
0x2a6cB0x2c4aB0x1d7d	350
0x2a6cB0x2c4aB0x1d7d	351
0x28e9B0x2ce	337
0x28e9B0x2ce	338
0x28feB0x2ce	338
0x2908B0x2ce	338
0x2908B0x2ce	339
0x2929B0x2ce	339
0x2929B0x2ce	340
0x25c7B0x28feB0x2ce	311
0x25c7B0x28feB0x2ce	312
0x25baB0x28feB0x2ce	311
0x259fB0x2929B0x2ce	310
0x2575B0x2929B0x2ce	309
0x258bB0x2929B0x2ce	310
0x2564B0x2929B0x2ce	308
0x2564B0x2929B0x2ce	309
0x28e9B0x85e	337
0x28e9B0x85e	338
0x28feB0x85e	338
0x2908B0x85e	338
0x2908B0x85e	339
0x2929B0x85e	339
0x2929B0x85e	340
0x25c7B0x28feB0x85e	311
0x25c7B0x28feB0x85e	312
0x25baB0x28feB0x85e	311
0x259fB0x2929B0x85e	310
0x2575B0x2929B0x85e	309
0x258bB0x2929B0x85e	310
0x2564B0x2929B0x85e	308
0x2564B0x2929B0x85e	309
0x221fB0x2076	281
0x221fB0x2076	282
0xdad4cB0x2076	28913
0xdad4cB0x2076	28914
0xdad4cB0x2076	31226
0xdad4cB0x2076	31227
0xdad4cB0x2076	31228
0x2301B0x221fB0x2076	289
0x23bdB0x221fB0x2076	295
0x2334B0x221fB0x2076	290
0x2334B0x221fB0x2076	291
0x2351B0x221fB0x2076	291
0x2351B0x221fB0x2076	292
0x2351B0x221fB0x2076	293
0x2381B0x221fB0x2076	293
0x2381B0x221fB0x2076	294
0x2381B0x221fB0x2076	295
0x2319B0x221fB0x2076	289
0x2319B0x221fB0x2076	290
0xa49B0x2fe	84
0xa49B0x2fe	85
0x31ae8B0x2fe	6564
0x31ae8B0x2fe	8238
0x31ae8B0x2fe	8239
0x31ae8B0x2fe	8240
0x110fB0x414	140
0x110fB0x414	141
0x10b1B0x414	137
0x10b1B0x414	138
0x10b1B0x414	139
0x10b1B0x414	140
0x1122B0x414	141
0x1122B0x414	2172
0x1122B0x414	2173
0x1130B0x414	141
0x1130B0x414	142
0x1107B0x414	140
0x1144B0x414	142
0x1144B0x414	2254
0x1144B0x414	2256
0x13c2B0x461	163
0x134dB0x461	159
0x1355B0x461	159
0x1355B0x461	2337
0x1355B0x461	2338
0x136cB0x461	160
0x136cB0x461	161
0x1381B0x461	161
0x1399B0x461	161
0x1399B0x461	162
0x1399B0x461	163
0x13cbB0x461	163
0x1358B0x461	159
0x1358B0x461	160
0x1361B0x461	160
0x25cbB0x136cB0x461	312
0x25dcB0x136cB0x461	312
0x3404B0x25dcB0x136cB0x461	429
0x33f3B0x25dcB0x136cB0x461	429
0x150cB0x54d	173
0x151bB0x54d	174
0x1497B0x54d	170
0x149fB0x54d	170
0x149fB0x54d	171
0x149fB0x54d	172
0x149fB0x54d	173
0x14f6B0x54d	173
0x2bbaB0x54d	361
0x2bbaB0x54d	362
0x1510B0x54d	173
0x1510B0x54d	174
0x153bB0x582	175
0x1543B0x582	175
0x154eB0x582	175
0x154eB0x582	176
0x16e40x1689B0x66c	189
0x16d50x1689B0x66c	188
0x1689B0x66c	186
0x1691B0x66c	186
0x1691B0x66c	187
0x16d90x1689B0x66c	188
0x16d90x1689B0x66c	189
0x16bf0x1689B0x66c	187
0x16bf0x1689B0x66c	188
0x2b3eB0x1691B0x66c	357
0x69845B0x31790	13941
0x69845B0x31790	16253
0x69845B0x31790	16255
0x69845B0x31790	16256
0x174cB0x31790	192
0x174cB0x31790	193
0x217cB0x174cB0x31790	276
0x217cB0x174cB0x31790	277
0xab187B0x174cB0x31790	22606
0xab187B0x174cB0x31790	24918
0xab187B0x174cB0x31790	24919
0xab187B0x174cB0x31790	24920
0x2279B0x217cB0x174cB0x31790	284
0x2279B0x217cB0x174cB0x31790	285
0x16e40x1781B0x701	189
0x16d50x1781B0x701	188
0x1781B0x701	194
0x1789B0x701	194
0x1789B0x701	195
0x16d90x1781B0x701	188
0x16d90x1781B0x701	189
0x16bf0x1781B0x701	187
0x16bf0x1781B0x701	188
0x2b3eB0x1789B0x701	357
0x1a31B0x804	216
0x1a40B0x804	216
0x1a40B0x804	217
0x19c2B0x804	212
0x19caB0x804	212
0x19caB0x804	213
0x19caB0x804	214
0x19caB0x804	215
0x1a1bB0x804	215
0x1a1bB0x804	216
0x2ba3B0x804	360
0x2ba3B0x804	361
0x1a35B0x804	216
0x23c7B0x942	295
0x23c7B0x942	296
0x23c7B0x942	297
0x2408B0x942	297
0x2408B0x942	298
0x2435B0x942	299
0x241aB0x942	298
0x23f8B0x942	297
0x2417B0x942	298
0x2417B0x942	2750
0x2417B0x942	2751
0x2423B0x942	298
0x24deB0x2435B0x942	304
0x24deB0x2435B0x942	2915
0x24deB0x2435B0x942	2916
0x24edB0x24deB0x2435B0x942	304
0x24edB0x24deB0x2435B0x942	305
0x24e4B0x24deB0x2435B0x942	304
0x69845B0x1f25	13941
0x69845B0x1f25	16253
0x69845B0x1f25	16255
0x69845B0x1f25	16256
0x174cB0x1f25	192
0x174cB0x1f25	193
0x217cB0x174cB0x1f25	276
0x217cB0x174cB0x1f25	277
0xab187B0x174cB0x1f25	22606
0xab187B0x174cB0x1f25	24918
0xab187B0x174cB0x1f25	24919
0xab187B0x174cB0x1f25	24920
0x2279B0x217cB0x174cB0x1f25	284
0x2279B0x217cB0x174cB0x1f25	285
0x69845B0x3e722	13941
0x69845B0x3e722	16253
0x69845B0x3e722	16255
0x69845B0x3e722	16256
0x174cB0x3e722	192
0x174cB0x3e722	193
0x217cB0x174cB0x3e722	276
0x217cB0x174cB0x3e722	277
0xab187B0x174cB0x3e722	22606
0xab187B0x174cB0x3e722	24918
0xab187B0x174cB0x3e722	24919
0xab187B0x174cB0x3e722	24920
0x2279B0x217cB0x174cB0x3e722	284
0x2279B0x217cB0x174cB0x3e722	285
0x69845B0x3e791	13941
0x69845B0x3e791	16253
0x69845B0x3e791	16255
0x69845B0x3e791	16256
0x174cB0x3e791	192
0x174cB0x3e791	193
0x217cB0x174cB0x3e791	276
0x217cB0x174cB0x3e791	277
0xab187B0x174cB0x3e791	22606
0xab187B0x174cB0x3e791	24918
0xab187B0x174cB0x3e791	24919
0xab187B0x174cB0x3e791	24920
0x2279B0x217cB0x174cB0x3e791	284
0x2279B0x217cB0x174cB0x3e791	285
0x69845B0x20e5	13941
0x69845B0x20e5	16253
0x69845B0x20e5	16255
0x69845B0x20e5	16256
0x174cB0x20e5	192
0x174cB0x20e5	193
0x217cB0x174cB0x20e5	276
0x217cB0x174cB0x20e5	277
0xab187B0x174cB0x20e5	22606
0xab187B0x174cB0x20e5	24918
0xab187B0x174cB0x20e5	24919
0xab187B0x174cB0x20e5	24920
0x2279B0x217cB0x174cB0x20e5	284
0x2279B0x217cB0x174cB0x20e5	285
0x69845B0x7b0ab	13941
0x69845B0x7b0ab	16253
0x69845B0x7b0ab	16255
0x69845B0x7b0ab	16256
0x174cB0x7b0ab	192
0x174cB0x7b0ab	193
0x217cB0x174cB0x7b0ab	276
0x217cB0x174cB0x7b0ab	277
0xab187B0x174cB0x7b0ab	22606
0xab187B0x174cB0x7b0ab	24918
0xab187B0x174cB0x7b0ab	24919
0xab187B0x174cB0x7b0ab	24920
0x2279B0x217cB0x174cB0x7b0ab	284
0x2279B0x217cB0x174cB0x7b0ab	285
0x69845B0x87c29	13941
0x69845B0x87c29	16253
0x69845B0x87c29	16255
0x69845B0x87c29	16256
0x174cB0x87c29	192
0x174cB0x87c29	193
0x217cB0x174cB0x87c29	276
0x217cB0x174cB0x87c29	277
0xab187B0x174cB0x87c29	22606
0xab187B0x174cB0x87c29	24918
0xab187B0x174cB0x87c29	24919
0xab187B0x174cB0x87c29	24920
0x2279B0x217cB0x174cB0x87c29	284
0x2279B0x217cB0x174cB0x87c29	285
0x69845B0x87cab	13941
0x69845B0x87cab	16253
0x69845B0x87cab	16255
0x69845B0x87cab	16256
0x174cB0x87cab	192
0x174cB0x87cab	193
0x217cB0x174cB0x87cab	276
0x217cB0x174cB0x87cab	277
0xab187B0x174cB0x87cab	22606
0xab187B0x174cB0x87cab	24918
0xab187B0x174cB0x87cab	24919
0xab187B0x174cB0x87cab	24920
0x2279B0x217cB0x174cB0x87cab	284
0x2279B0x217cB0x174cB0x87cab	285
0x23c7B0x1d25	295
0x23c7B0x1d25	296
0x23c7B0x1d25	297
0x2408B0x1d25	297
0x2408B0x1d25	298
0x2435B0x1d25	299
0x241aB0x1d25	298
0x23f8B0x1d25	297
0x2417B0x1d25	298
0x2417B0x1d25	2750
0x2417B0x1d25	2751
0x2423B0x1d25	298
0x24deB0x2435B0x1d25	304
0x24deB0x2435B0x1d25	2915
0x24deB0x2435B0x1d25	2916
0x24edB0x24deB0x2435B0x1d25	304
0x24edB0x24deB0x2435B0x1d25	305
0x24e4B0x24deB0x2435B0x1d25	304
0x69845B0x87dc1	13941
0x69845B0x87dc1	16253
0x69845B0x87dc1	16255
0x69845B0x87dc1	16256
0x174cB0x87dc1	192
0x174cB0x87dc1	193
0x217cB0x174cB0x87dc1	276
0x217cB0x174cB0x87dc1	277
0xab187B0x174cB0x87dc1	22606
0xab187B0x174cB0x87dc1	24918
0xab187B0x174cB0x87dc1	24919
0xab187B0x174cB0x87dc1	24920
0x2279B0x217cB0x174cB0x87dc1	284
0x2279B0x217cB0x174cB0x87dc1	285
0x69845B0x87ef5	13941
0x69845B0x87ef5	16253
0x69845B0x87ef5	16255
0x69845B0x87ef5	16256
0x174cB0x87ef5	192
0x174cB0x87ef5	193
0x217cB0x174cB0x87ef5	276
0x217cB0x174cB0x87ef5	277
0xab187B0x174cB0x87ef5	22606
0xab187B0x174cB0x87ef5	24918
0xab187B0x174cB0x87ef5	24919
0xab187B0x174cB0x87ef5	24920
0x2279B0x217cB0x174cB0x87ef5	284
0x2279B0x217cB0x174cB0x87ef5	285
0x69845B0x997a7	13941
0x69845B0x997a7	16253
0x69845B0x997a7	16255
0x69845B0x997a7	16256
0x174cB0x997a7	192
0x174cB0x997a7	193
0x217cB0x174cB0x997a7	276
0x217cB0x174cB0x997a7	277
0xab187B0x174cB0x997a7	22606
0xab187B0x174cB0x997a7	24918
0xab187B0x174cB0x997a7	24919
0xab187B0x174cB0x997a7	24920
0x2279B0x217cB0x174cB0x997a7	284
0x2279B0x217cB0x174cB0x997a7	285
0x69845B0x998ac	13941
0x69845B0x998ac	16253
0x69845B0x998ac	16255
0x69845B0x998ac	16256
0x174cB0x998ac	192
0x174cB0x998ac	193
0x217cB0x174cB0x998ac	276
0x217cB0x174cB0x998ac	277
0xab187B0x174cB0x998ac	22606
0xab187B0x174cB0x998ac	24918
0xab187B0x174cB0x998ac	24919
0xab187B0x174cB0x998ac	24920
0x2279B0x217cB0x174cB0x998ac	284
0x2279B0x217cB0x174cB0x998ac	285
0xbc3B0x374	97
0xbf9B0x374	98
0xbf9B0x374	99
0xc45B0x374	101
0xc45B0x374	102
0xc74B0x374	102
0xc74B0x374	103
0xc74B0x374	104
0xc74B0x374	105
0xc74B0x374	106
0xc74B0x374	107
0xc74B0x374	108
0xdffB0x374	115
0xdffB0x374	116
0xe1eB0x374	116
0xe1eB0x374	117
0xe76B0x374	119
0xe76B0x374	120
0xe76B0x374	121
0xf21B0x374	124
0xf21B0x374	125
0xf21B0x374	126
0xf21B0x374	127
0xf21B0x374	431
0xf21B0x374	432
0xb61B0x374	93
0xb61B0x374	94
0xb69B0x374	94
0xb71B0x374	94
0xb71B0x374	95
0xb71B0x374	96
0xb71B0x374	97
0xbdaB0x374	97
0xbdaB0x374	98
0x3e634B0x374	8243
0x3e634B0x374	8244
0x32c8B0x374	419
0x32c8B0x374	420
0x32c8B0x374	421
0xbf2B0x374	98
0xc10B0x374	99
0xc10B0x374	100
0xc10B0x374	101
0x3e65cB0x374	8244
0x3e65cB0x374	8245
0x317bB0x374	408
0x317bB0x374	409
0x317bB0x374	410
0xc5cB0x374	102
0x3e684B0x374	8245
0x3e684B0x374	8246
0x3e684B0x374	8247
0x2e12B0x374	380
0x2e12B0x374	381
0xc6fB0x374	102
0xde7B0x374	114
0xde7B0x374	115
0xd1dB0x374	108
0xd1dB0x374	109
0xd39B0x374	109
0xd39B0x374	110
0xd5eB0x374	110
0xd5eB0x374	111
0xd81B0x374	111
0xd81B0x374	112
0xd81B0x374	1842
0xd81B0x374	1843
0xddaB0x374	114
0xe5dB0x374	118
0xe5dB0x374	119
0xdf8B0x374	115
0xe12B0x374	116
0xdadB0x374	112
0xdadB0x374	113
0xdadB0x374	114
0xdadB0x374	431
0xdadB0x374	432
0xe35B0x374	117
0xe35B0x374	118
0xe35B0x374	1924
0xe35B0x374	1925
0x3e6acB0x374	8247
0x3e6acB0x374	8248
0x329dB0x374	417
0x329dB0x374	418
0x329dB0x374	419
0xe70B0x374	119
0xebeB0x374	121
0xebeB0x374	122
0xebeB0x374	123
0xefbB0x374	123
0xefbB0x374	124
0xf1bB0x374	124
0xf62B0x374	127
0xf62B0x374	2089
0xf62B0x374	2090
0xf10B0x374	124
0xf10B0x374	2007
0xf10B0x374	2008
0x2bf0B0xf21B0x374	362
0x2bf0B0xf21B0x374	363
0x1ee4B0xb69B0x374	255
0x1ed8B0xb69B0x374	254
0x1ed8B0xb69B0x374	255
0x87e85B0xb69B0x374	17957
0x87e85B0xb69B0x374	17958
0x3035B0xb69B0x374	398
0x3035B0xb69B0x374	399
0x2bf0B0xdadB0x374	362
0x2bf0B0xdadB0x374	363
0x2b9aB0xebeB0x374	360
0x2445B0xc74B0x374	299
0x2445B0xc74B0x374	300
0x249aB0xc74B0x374	302
0x2465B0xc74B0x374	300
0x245fB0xc74B0x374	300
0x245fB0xc74B0x374	2833
0x245fB0xc74B0x374	2834
0x246eB0xc74B0x374	300
0x246eB0xc74B0x374	301
0x246eB0xc74B0x374	302
0x24f8B0x249aB0xc74B0x374	305
0x24f8B0x249aB0xc74B0x374	2998
0x24f8B0x249aB0xc74B0x374	2999
0x24feB0x24f8B0x249aB0xc74B0x374	305
0x2507B0x24f8B0x249aB0xc74B0x374	305
0x2507B0x24f8B0x249aB0xc74B0x374	306
0x2445B0xd1dB0x374	299
0x2445B0xd1dB0x374	300
0x249aB0xd1dB0x374	302
0x2465B0xd1dB0x374	300
0x245fB0xd1dB0x374	300
0x245fB0xd1dB0x374	2833
0x245fB0xd1dB0x374	2834
0x246eB0xd1dB0x374	300
0x246eB0xd1dB0x374	301
0x246eB0xd1dB0x374	302
0x24f8B0x249aB0xd1dB0x374	305
0x24f8B0x249aB0xd1dB0x374	2998
0x24f8B0x249aB0xd1dB0x374	2999
0x24feB0x24f8B0x249aB0xd1dB0x374	305
0x2507B0x24f8B0x249aB0xd1dB0x374	305
0x2507B0x24f8B0x249aB0xd1dB0x374	306
0x205fB0xfd0	267
0x205fB0xfd0	268
0x204fB0xfd0	266
0x204fB0xfd0	267
0x205aB0xfd0	267
0x99861B0xfd0	20284
0x99861B0xfd0	20285
0x99861B0xfd0	20286
0x31faB0xfd0	412
0x31faB0xfd0	413
0x31faB0xfd0	414
0x69845B0x204fB0xfd0	13941
0x69845B0x204fB0xfd0	16253
0x69845B0x204fB0xfd0	16255
0x69845B0x204fB0xfd0	16256
0x174cB0x204fB0xfd0	192
0x174cB0x204fB0xfd0	193
0x217cB0x174cB0x204fB0xfd0	276
0x217cB0x174cB0x204fB0xfd0	277
0xab187B0x174cB0x204fB0xfd0	22606
0xab187B0x174cB0x204fB0xfd0	24918
0xab187B0x174cB0x204fB0xfd0	24919
0xab187B0x174cB0x204fB0xfd0	24920
0x2279B0x217cB0x174cB0x204fB0xfd0	284
0x2279B0x217cB0x174cB0x204fB0xfd0	285
0x205fB0x13f6	267
0x205fB0x13f6	268
0x204fB0x13f6	266
0x204fB0x13f6	267
0x205aB0x13f6	267
0x99861B0x13f6	20284
0x99861B0x13f6	20285
0x99861B0x13f6	20286
0x31faB0x13f6	412
0x31faB0x13f6	413
0x31faB0x13f6	414
0x69845B0x204fB0x13f6	13941
0x69845B0x204fB0x13f6	16253
0x69845B0x204fB0x13f6	16255
0x69845B0x204fB0x13f6	16256
0x174cB0x204fB0x13f6	192
0x174cB0x204fB0x13f6	193
0x217cB0x174cB0x204fB0x13f6	276
0x217cB0x174cB0x204fB0x13f6	277
0xab187B0x174cB0x204fB0x13f6	22606
0xab187B0x174cB0x204fB0x13f6	24918
0xab187B0x174cB0x204fB0x13f6	24919
0xab187B0x174cB0x204fB0x13f6	24920
0x2279B0x217cB0x174cB0x204fB0x13f6	284
0x2279B0x217cB0x174cB0x204fB0x13f6	285
0x1478B0x520	169
0x3e924B0x520	8267
0x3e924B0x520	9941
0x3e924B0x520	9942
0x3e924B0x520	9943
0x4b420B0x520	9943
0x4b420B0x520	9944
0x4b420B0x520	9945
0x2b26B0x1478B0x520	356
0x2b26B0x1478B0x520	357
0x69845B0x4b420B0x520	13941
0x69845B0x4b420B0x520	16253
0x69845B0x4b420B0x520	16255
0x69845B0x4b420B0x520	16256
0x174cB0x4b420B0x520	192
0x174cB0x4b420B0x520	193
0x217cB0x174cB0x4b420B0x520	276
0x217cB0x174cB0x4b420B0x520	277
0xab187B0x174cB0x4b420B0x520	22606
0xab187B0x174cB0x4b420B0x520	24918
0xab187B0x174cB0x4b420B0x520	24919
0xab187B0x174cB0x4b420B0x520	24920
0x2279B0x217cB0x174cB0x4b420B0x520	284
0x2279B0x217cB0x174cB0x4b420B0x520	285
0x15acB0x5c2	178
0x15acB0x5c2	179
0x4b497B0x5c2	9947
0x4b497B0x5c2	11621
0x4b497B0x5c2	11622
0x4b497B0x5c2	11623
0x57f93B0x5c2	11623
0x57f93B0x5c2	11624
0x57f93B0x5c2	11625
0x2b0dB0x15acB0x5c2	355
0x2b0dB0x15acB0x5c2	356
0x69845B0x57f93B0x5c2	13941
0x69845B0x57f93B0x5c2	16253
0x69845B0x57f93B0x5c2	16255
0x69845B0x57f93B0x5c2	16256
0x174cB0x57f93B0x5c2	192
0x174cB0x57f93B0x5c2	193
0x217cB0x174cB0x57f93B0x5c2	276
0x217cB0x174cB0x57f93B0x5c2	277
0xab187B0x174cB0x57f93B0x5c2	22606
0xab187B0x174cB0x57f93B0x5c2	24918
0xab187B0x174cB0x57f93B0x5c2	24919
0xab187B0x174cB0x57f93B0x5c2	24920
0x2279B0x217cB0x174cB0x57f93B0x5c2	284
0x2279B0x217cB0x174cB0x57f93B0x5c2	285
0x205fB0x171d	267
0x205fB0x171d	268
0x204fB0x171d	266
0x204fB0x171d	267
0x205aB0x171d	267
0x99861B0x171d	20284
0x99861B0x171d	20285
0x99861B0x171d	20286
0x31faB0x171d	412
0x31faB0x171d	413
0x31faB0x171d	414
0x69845B0x204fB0x171d	13941
0x69845B0x204fB0x171d	16253
0x69845B0x204fB0x171d	16255
0x69845B0x204fB0x171d	16256
0x174cB0x204fB0x171d	192
0x174cB0x204fB0x171d	193
0x217cB0x174cB0x204fB0x171d	276
0x217cB0x174cB0x204fB0x171d	277
0xab187B0x174cB0x204fB0x171d	22606
0xab187B0x174cB0x204fB0x171d	24918
0xab187B0x174cB0x204fB0x171d	24919
0xab187B0x174cB0x204fB0x171d	24920
0x2279B0x217cB0x174cB0x204fB0x171d	284
0x2279B0x217cB0x174cB0x204fB0x171d	285
0x205fB0x17bd	267
0x205fB0x17bd	268
0x204fB0x17bd	266
0x204fB0x17bd	267
0x205aB0x17bd	267
0x99861B0x17bd	20284
0x99861B0x17bd	20285
0x99861B0x17bd	20286
0x31faB0x17bd	412
0x31faB0x17bd	413
0x31faB0x17bd	414
0x69845B0x204fB0x17bd	13941
0x69845B0x204fB0x17bd	16253
0x69845B0x204fB0x17bd	16255
0x69845B0x204fB0x17bd	16256
0x174cB0x204fB0x17bd	192
0x174cB0x204fB0x17bd	193
0x217cB0x174cB0x204fB0x17bd	276
0x217cB0x174cB0x204fB0x17bd	277
0xab187B0x174cB0x204fB0x17bd	22606
0xab187B0x174cB0x204fB0x17bd	24918
0xab187B0x174cB0x204fB0x17bd	24919
0xab187B0x174cB0x204fB0x17bd	24920
0x2279B0x217cB0x174cB0x204fB0x17bd	284
0x2279B0x217cB0x174cB0x204fB0x17bd	285
0x205fB0x1a53	267
0x205fB0x1a53	268
0x204fB0x1a53	266
0x204fB0x1a53	267
0x205aB0x1a53	267
0x99861B0x1a53	20284
0x99861B0x1a53	20285
0x99861B0x1a53	20286
0x31faB0x1a53	412
0x31faB0x1a53	413
0x31faB0x1a53	414
0x69845B0x204fB0x1a53	13941
0x69845B0x204fB0x1a53	16253
0x69845B0x204fB0x1a53	16255
0x69845B0x204fB0x1a53	16256
0x174cB0x204fB0x1a53	192
0x174cB0x204fB0x1a53	193
0x217cB0x174cB0x204fB0x1a53	276
0x217cB0x174cB0x204fB0x1a53	277
0xab187B0x174cB0x204fB0x1a53	22606
0xab187B0x174cB0x204fB0x1a53	24918
0xab187B0x174cB0x204fB0x1a53	24919
0xab187B0x174cB0x204fB0x1a53	24920
0x2279B0x217cB0x174cB0x204fB0x1a53	284
0x2279B0x217cB0x174cB0x204fB0x1a53	285
0x205fB0x1e45	267
0x205fB0x1e45	268
0x204fB0x1e45	266
0x204fB0x1e45	267
0x205aB0x1e45	267
0x99861B0x1e45	20284
0x99861B0x1e45	20285
0x99861B0x1e45	20286
0x31faB0x1e45	412
0x31faB0x1e45	413
0x31faB0x1e45	414
0x69845B0x204fB0x1e45	13941
0x69845B0x204fB0x1e45	16253
0x69845B0x204fB0x1e45	16255
0x69845B0x204fB0x1e45	16256
0x174cB0x204fB0x1e45	192
0x174cB0x204fB0x1e45	193
0x217cB0x174cB0x204fB0x1e45	276
0x217cB0x174cB0x204fB0x1e45	277
0xab187B0x174cB0x204fB0x1e45	22606
0xab187B0x174cB0x204fB0x1e45	24918
0xab187B0x174cB0x204fB0x1e45	24919
0xab187B0x174cB0x204fB0x1e45	24920
0x2279B0x217cB0x174cB0x204fB0x1e45	284
0x2279B0x217cB0x174cB0x204fB0x1e45	285
0x2004B0xfc2	264
0x1fe0B0xfc2	263
0x1fe0B0xfc2	264
0x1ffeB0xfc2	264
0x200bB0xfc2	264
0x200bB0xfc2	265
0x200bB0xfc2	266
0x1fdcB0x2004B0xfc2	263
0x220aB0x1fe0B0xfc2	281
0xc9510B0x1fe0B0xfc2	26599
0xc9510B0x1fe0B0xfc2	28911
0xc9510B0x1fe0B0xfc2	28912
0xc9510B0x1fe0B0xfc2	28913
0x22b7B0x220aB0x1fe0B0xfc2	286
0x22b7B0x220aB0x1fe0B0xfc2	287
0x22c3B0x220aB0x1fe0B0xfc2	287
0x22f9B0x220aB0x1fe0B0xfc2	288
0x22f9B0x220aB0x1fe0B0xfc2	289
0x22c8B0x220aB0x1fe0B0xfc2	287
0x22c8B0x220aB0x1fe0B0xfc2	288
0x2279B0x22b7B0x220aB0x1fe0B0xfc2	284
0x2279B0x22b7B0x220aB0x1fe0B0xfc2	285
0x205fB0x15bdB0x5e2	267
0x205fB0x15bdB0x5e2	268
0x204fB0x15bdB0x5e2	266
0x204fB0x15bdB0x5e2	267
0x205aB0x15bdB0x5e2	267
0x99861B0x15bdB0x5e2	20284
0x99861B0x15bdB0x5e2	20285
0x99861B0x15bdB0x5e2	20286
0x31faB0x15bdB0x5e2	412
0x31faB0x15bdB0x5e2	413
0x31faB0x15bdB0x5e2	414
0x69845B0x204fB0x15bdB0x5e2	13941
0x69845B0x204fB0x15bdB0x5e2	16253
0x69845B0x204fB0x15bdB0x5e2	16255
0x69845B0x204fB0x15bdB0x5e2	16256
0x174cB0x204fB0x15bdB0x5e2	192
0x174cB0x204fB0x15bdB0x5e2	193
0x217cB0x174cB0x204fB0x15bdB0x5e2	276
0x217cB0x174cB0x204fB0x15bdB0x5e2	277
0xab187B0x174cB0x204fB0x15bdB0x5e2	22606
0xab187B0x174cB0x204fB0x15bdB0x5e2	24918
0xab187B0x174cB0x204fB0x15bdB0x5e2	24919
0xab187B0x174cB0x204fB0x15bdB0x5e2	24920
0x2279B0x217cB0x174cB0x204fB0x15bdB0x5e2	284
0x2279B0x217cB0x174cB0x204fB0x15bdB0x5e2	285
0x205fB0x134dB0x461	267
0x205fB0x134dB0x461	268
0x204fB0x134dB0x461	266
0x204fB0x134dB0x461	267
0x205aB0x134dB0x461	267
0x99861B0x134dB0x461	20284
0x99861B0x134dB0x461	20285
0x99861B0x134dB0x461	20286
0x31faB0x134dB0x461	412
0x31faB0x134dB0x461	413
0x31faB0x134dB0x461	414
0x69845B0x204fB0x134dB0x461	13941
0x69845B0x204fB0x134dB0x461	16253
0x69845B0x204fB0x134dB0x461	16255
0x69845B0x204fB0x134dB0x461	16256
0x174cB0x204fB0x134dB0x461	192
0x174cB0x204fB0x134dB0x461	193
0x217cB0x174cB0x204fB0x134dB0x461	276
0x217cB0x174cB0x204fB0x134dB0x461	277
0xab187B0x174cB0x204fB0x134dB0x461	22606
0xab187B0x174cB0x204fB0x134dB0x461	24918
0xab187B0x174cB0x204fB0x134dB0x461	24919
0xab187B0x174cB0x204fB0x134dB0x461	24920
0x2279B0x217cB0x174cB0x204fB0x134dB0x461	284
0x2279B0x217cB0x174cB0x204fB0x134dB0x461	285
0x205fB0x1497B0x54d	267
0x205fB0x1497B0x54d	268
0x204fB0x1497B0x54d	266
0x204fB0x1497B0x54d	267
0x205aB0x1497B0x54d	267
0x99861B0x1497B0x54d	20284
0x99861B0x1497B0x54d	20285
0x99861B0x1497B0x54d	20286
0x31faB0x1497B0x54d	412
0x31faB0x1497B0x54d	413
0x31faB0x1497B0x54d	414
0x69845B0x204fB0x1497B0x54d	13941
0x69845B0x204fB0x1497B0x54d	16253
0x69845B0x204fB0x1497B0x54d	16255
0x69845B0x204fB0x1497B0x54d	16256
0x174cB0x204fB0x1497B0x54d	192
0x174cB0x204fB0x1497B0x54d	193
0x217cB0x174cB0x204fB0x1497B0x54d	276
0x217cB0x174cB0x204fB0x1497B0x54d	277
0xab187B0x174cB0x204fB0x1497B0x54d	22606
0xab187B0x174cB0x204fB0x1497B0x54d	24918
0xab187B0x174cB0x204fB0x1497B0x54d	24919
0xab187B0x174cB0x204fB0x1497B0x54d	24920
0x2279B0x217cB0x174cB0x204fB0x1497B0x54d	284
0x2279B0x217cB0x174cB0x204fB0x1497B0x54d	285
0x205fB0x153bB0x582	267
0x205fB0x153bB0x582	268
0x204fB0x153bB0x582	266
0x204fB0x153bB0x582	267
0x205aB0x153bB0x582	267
0x99861B0x153bB0x582	20284
0x99861B0x153bB0x582	20285
0x99861B0x153bB0x582	20286
0x31faB0x153bB0x582	412
0x31faB0x153bB0x582	413
0x31faB0x153bB0x582	414
0x69845B0x204fB0x153bB0x582	13941
0x69845B0x204fB0x153bB0x582	16253
0x69845B0x204fB0x153bB0x582	16255
0x69845B0x204fB0x153bB0x582	16256
0x174cB0x204fB0x153bB0x582	192
0x174cB0x204fB0x153bB0x582	193
0x217cB0x174cB0x204fB0x153bB0x582	276
0x217cB0x174cB0x204fB0x153bB0x582	277
0xab187B0x174cB0x204fB0x153bB0x582	22606
0xab187B0x174cB0x204fB0x153bB0x582	24918
0xab187B0x174cB0x204fB0x153bB0x582	24919
0xab187B0x174cB0x204fB0x153bB0x582	24920
0x2279B0x217cB0x174cB0x204fB0x153bB0x582	284
0x2279B0x217cB0x174cB0x204fB0x153bB0x582	285
0x205fB0x1689B0x66c	267
0x205fB0x1689B0x66c	268
0x204fB0x1689B0x66c	266
0x204fB0x1689B0x66c	267
0x205aB0x1689B0x66c	267
0x99861B0x1689B0x66c	20284
0x99861B0x1689B0x66c	20285
0x99861B0x1689B0x66c	20286
0x31faB0x1689B0x66c	412
0x31faB0x1689B0x66c	413
0x31faB0x1689B0x66c	414
0x69845B0x204fB0x1689B0x66c	13941
0x69845B0x204fB0x1689B0x66c	16253
0x69845B0x204fB0x1689B0x66c	16255
0x69845B0x204fB0x1689B0x66c	16256
0x174cB0x204fB0x1689B0x66c	192
0x174cB0x204fB0x1689B0x66c	193
0x217cB0x174cB0x204fB0x1689B0x66c	276
0x217cB0x174cB0x204fB0x1689B0x66c	277
0xab187B0x174cB0x204fB0x1689B0x66c	22606
0xab187B0x174cB0x204fB0x1689B0x66c	24918
0xab187B0x174cB0x204fB0x1689B0x66c	24919
0xab187B0x174cB0x204fB0x1689B0x66c	24920
0x2279B0x217cB0x174cB0x204fB0x1689B0x66c	284
0x2279B0x217cB0x174cB0x204fB0x1689B0x66c	285
0x205fB0x1781B0x701	267
0x205fB0x1781B0x701	268
0x204fB0x1781B0x701	266
0x204fB0x1781B0x701	267
0x205aB0x1781B0x701	267
0x99861B0x1781B0x701	20284
0x99861B0x1781B0x701	20285
0x99861B0x1781B0x701	20286
0x31faB0x1781B0x701	412
0x31faB0x1781B0x701	413
0x31faB0x1781B0x701	414
0x69845B0x204fB0x1781B0x701	13941
0x69845B0x204fB0x1781B0x701	16253
0x69845B0x204fB0x1781B0x701	16255
0x69845B0x204fB0x1781B0x701	16256
0x174cB0x204fB0x1781B0x701	192
0x174cB0x204fB0x1781B0x701	193
0x217cB0x174cB0x204fB0x1781B0x701	276
0x217cB0x174cB0x204fB0x1781B0x701	277
0xab187B0x174cB0x204fB0x1781B0x701	22606
0xab187B0x174cB0x204fB0x1781B0x701	24918
0xab187B0x174cB0x204fB0x1781B0x701	24919
0xab187B0x174cB0x204fB0x1781B0x701	24920
0x2279B0x217cB0x174cB0x204fB0x1781B0x701	284
0x2279B0x217cB0x174cB0x204fB0x1781B0x701	285
0x205fB0x19c2B0x804	267
0x205fB0x19c2B0x804	268
0x204fB0x19c2B0x804	266
0x204fB0x19c2B0x804	267
0x205aB0x19c2B0x804	267
0x99861B0x19c2B0x804	20284
0x99861B0x19c2B0x804	20285
0x99861B0x19c2B0x804	20286
0x31faB0x19c2B0x804	412
0x31faB0x19c2B0x804	413
0x31faB0x19c2B0x804	414
0x69845B0x204fB0x19c2B0x804	13941
0x69845B0x204fB0x19c2B0x804	16253
0x69845B0x204fB0x19c2B0x804	16255
0x69845B0x204fB0x19c2B0x804	16256
0x174cB0x204fB0x19c2B0x804	192
0x174cB0x204fB0x19c2B0x804	193
0x217cB0x174cB0x204fB0x19c2B0x804	276
0x217cB0x174cB0x204fB0x19c2B0x804	277
0xab187B0x174cB0x204fB0x19c2B0x804	22606
0xab187B0x174cB0x204fB0x19c2B0x804	24918
0xab187B0x174cB0x204fB0x19c2B0x804	24919
0xab187B0x174cB0x204fB0x19c2B0x804	24920
0x2279B0x217cB0x174cB0x204fB0x19c2B0x804	284
0x2279B0x217cB0x174cB0x204fB0x19c2B0x804	285
0x3e83b0x106f	8259
0x3e83b0x106f	8260
0x3e83b0x106f	8261
0x3e83b0x1ae4	8259
0x3e83b0x1ae4	8260
0x3e83b0x1ae4	8261
0x2654	316
0x2815	331
0x2893	335
0x2984	342
0x29a9	344
0x29d5	345
0x2a08	347
0x110100B0x21ea	35947
0x87e64B0x8d0	17956
0x87e64B0x8d0	17957
0x27d8B0x385	329
0x110100B0x419	35947
0x27d8B0x49f	329
0x33f2B0x2bfe	428
0x10fa47B0x2bfe	35891
0x10fa47B0x2bfe	35892
0x10fb41B0x55e	35899
0x10fb41B0x55e	35901
0xec944B0x593	31258
0xec944B0x593	31259
0xec944B0x593	31260
0x2836B0x593	332
0x284dB0x593	332
0x27d8B0x63d	329
0x27d8B0x69d	329
0x27d8B0x7d5	329
0x87e64B0x1b24	17956
0x87e64B0x1b24	17957
0x87e64B0x115d	17956
0x87e64B0x115d	17957
0xec8f4B0x1d01	31256
0xec8f4B0x1d01	31257
0x27b8B0x1d01	328
0x27c7B0x1d01	328
0x10fa69B0x2657	35892
0x10fa69B0x2657	35893
0x10fa69B0x2657	35894
0x10fa69B0x2662	35892
0x10fa69B0x2662	35893
0x10fa69B0x2662	35894
0x10fa69B0x2672	35892
0x10fa69B0x2672	35893
0x10fa69B0x2672	35894
0x10faadB0x2896	35895
0x10faadB0x2896	35896
0xec7ceB0x2987	31246
0xec7ceB0x2987	31247
0xec7ceB0x2987	31248
0xec7ceB0x29d8	31246
0xec7ceB0x29d8	31247
0xec7ceB0x29d8	31248
0xec7a9B0x29e2	31245
0xec7a9B0x29e2	31246
0xec783B0x2a0b	31244
0xec783B0x2a0b	31245
0x2572B0x2a0b	309
0x2588B0x2a0b	309
0x2588B0x2a0b	310
0x33f2B0x339b	428
0x10fa47B0x339b	35891
0x10fa47B0x339b	35892
0x1100dbB0x2ef	35946
0x1100dbB0x2ef	35947
0x28dcB0x2ef	337
0xec7ceB0x28dfB0x2ef	31246
0xec7ceB0x28dfB0x2ef	31247
0xec7ceB0x28dfB0x2ef	31248
0x2946B0x325	340
0xec7ceB0x2949B0x325	31246
0xec7ceB0x2949B0x325	31247
0xec7ceB0x2949B0x325	31248
0xec7a9B0x2953B0x325	31245
0xec7a9B0x2953B0x325	31246
0x1100dbB0x345	35946
0x1100dbB0x345	35947
0x28dcB0x345	337
0xec7ceB0x28dfB0x345	31246
0xec7ceB0x28dfB0x345	31247
0xec7ceB0x28dfB0x345	31248
0xec91aB0x3a5	31257
0xec91aB0x3a5	31258
0x27f1B0x3a5	329
0x10fa69B0x27f4B0x3a5	35892
0x10fa69B0x27f4B0x3a5	35893
0x10fa69B0x27f4B0x3a5	35894
0xec7f3B0x3c5	31248
0xec7f3B0x3c5	31249
0x25d9B0x3c5	312
0x10fa69B0x25dcB0x3c5	35892
0x10fa69B0x25dcB0x3c5	35893
0x10fa69B0x25dcB0x3c5	35894
0xec91aB0x3e5	31257
0xec91aB0x3e5	31258
0x27f1B0x3e5	329
0x10fa69B0x27f4B0x3e5	35892
0x10fa69B0x27f4B0x3e5	35893
0x10fa69B0x27f4B0x3e5	35894
0x287bB0x405	334
0x285fB0x405	333
0xec7a9B0x2862B0x405	31245
0xec7a9B0x2862B0x405	31246
0xec7ceB0x286cB0x405	31246
0xec7ceB0x286cB0x405	31247
0xec7ceB0x286cB0x405	31248
0xec8c9B0x452	31255
0xec8c9B0x452	31256
0x2754B0x452	324
0x276aB0x452	325
0x278eB0x452	326
0xec75dB0x276dB0x452	31243
0xec75dB0x276dB0x452	31244
0x252aB0x276dB0x452	306
0x2540B0x276dB0x452	307
0xec75dB0x2791B0x452	31243
0xec75dB0x2791B0x452	31244
0x252aB0x2791B0x452	306
0x2540B0x2791B0x452	307
0x1100dbB0x472	35946
0x1100dbB0x472	35947
0x28dcB0x472	337
0xec7ceB0x28dfB0x472	31246
0xec7ceB0x28dfB0x472	31247
0xec7ceB0x28dfB0x472	31248
0xec7f3B0x511	31248
0xec7f3B0x511	31249
0x25d9B0x511	312
0x10fa69B0x25dcB0x511	35892
0x10fa69B0x25dcB0x511	35893
0x10fa69B0x25dcB0x511	35894
0x2734B0x53e	323
0x2734B0x53e	324
0x26e8B0x53e	321
0x10fa69B0x26ebB0x53e	35892
0x10fa69B0x26ebB0x53e	35893
0x10fa69B0x26ebB0x53e	35894
0x10fa69B0x26f6B0x53e	35892
0x10fa69B0x26f6B0x53e	35893
0x10fa69B0x26f6B0x53e	35894
0x10fa8bB0x270dB0x53e	35894
0x10fa8bB0x270dB0x53e	35895
0x10fa8bB0x271dB0x53e	35894
0x10fa8bB0x271dB0x53e	35895
0xec7f3B0x573	31248
0xec7f3B0x573	31249
0x25d9B0x573	312
0x10fa69B0x25dcB0x573	35892
0x10fa69B0x25dcB0x573	35893
0x10fa69B0x25dcB0x573	35894
0xec7f3B0x5b3	31248
0xec7f3B0x5b3	31249
0x25d9B0x5b3	312
0x10fa69B0x25dcB0x5b3	35892
0x10fa69B0x25dcB0x5b3	35893
0x10fa69B0x25dcB0x5b3	35894
0x1625B0x5e2	182
0x1625B0x5e2	183
0x1100b1B0x5f3	35944
0x1100b1B0x5f3	35945
0x1100b1B0x5f3	35946
0x28c0B0x5f3	336
0x10faadB0x28c3B0x5f3	35895
0x10faadB0x28c3B0x5f3	35896
0x10fa69B0xec96eB0x5f3	35892
0x10fa69B0xec96eB0x5f3	35893
0x10fa69B0xec96eB0x5f3	35894
0x57fc0B0x628	11625
0x57fc0B0x628	11626
0x87e64B0x2121B0x628	17956
0x87e64B0x2121B0x628	17957
0xec83fB0x65d	31250
0xec83fB0x65d	31251
0x2619B0x65d	314
0x10fa69B0x261cB0x65d	35892
0x10fa69B0x261cB0x65d	35893
0x10fa69B0x261cB0x65d	35894
0x10fa69B0x2627B0x65d	35892
0x10fa69B0x2627B0x65d	35893
0x10fa69B0x2627B0x65d	35894
0x10ff3cB0x68c	35932
0x10ff3cB0x68c	35933
0x2265B0x16f6B0x68c	284
0x10ffcfB0x16f6B0x68c	35937
0x10ffcfB0x16f6B0x68c	35938
0xec91aB0x6bd	31257
0xec91aB0x6bd	31258
0x27f1B0x6bd	329
0x10fa69B0x27f4B0x6bd	35892
0x10fa69B0x27f4B0x6bd	35893
0x10fa69B0x27f4B0x6bd	35894
0xec83fB0x6f2	31250
0xec83fB0x6f2	31251
0x2619B0x6f2	314
0x10fa69B0x261cB0x6f2	35892
0x10fa69B0x261cB0x6f2	35893
0x10fa69B0x261cB0x6f2	35894
0x10fa69B0x2627B0x6f2	35892
0x10fa69B0x2627B0x6f2	35893
0x10fa69B0x2627B0x6f2	35894
0xec7f3B0x727	31248
0xec7f3B0x727	31249
0x25d9B0x727	312
0x10fa69B0x25dcB0x727	35892
0x10fa69B0x25dcB0x727	35893
0x10fa69B0x25dcB0x727	35894
0x2946B0x75c	340
0xec7ceB0x2949B0x75c	31246
0xec7ceB0x2949B0x75c	31247
0xec7ceB0x2949B0x75c	31248
0xec7a9B0x2953B0x75c	31245
0xec7a9B0x2953B0x75c	31246
0x10ff86B0x7e4	35935
0x10ff86B0x7e4	35936
0x110019B0x19abB0x7e4	35939
0x110019B0x19abB0x7e4	35940
0x110019B0x19abB0x7e4	35941
0x110087B0x7f5	35943
0x110087B0x7f5	35944
0x26a3B0x7f5	319
0x10fa69B0x26a6B0x7f5	35892
0x10fa69B0x26a6B0x7f5	35893
0x10fa69B0x26a6B0x7f5	35894
0x10fa69B0xec869B0x7f5	35892
0x10fa69B0xec869B0x7f5	35893
0x10fa69B0xec869B0x7f5	35894
0xec7f3B0x815	31248
0xec7f3B0x815	31249
0x25d9B0x815	312
0x10fa69B0x25dcB0x815	35892
0x10fa69B0x25dcB0x815	35893
0x10fa69B0x25dcB0x815	35894
0xec91aB0x835	31257
0xec91aB0x835	31258
0x27f1B0x835	329
0x10fa69B0x27f4B0x835	35892
0x10fa69B0x27f4B0x835	35893
0x10fa69B0x27f4B0x835	35894
0xec7f3B0x8a7	31248
0xec7f3B0x8a7	31249
0x25d9B0x8a7	312
0x10fa69B0x25dcB0x8a7	35892
0x10fa69B0x25dcB0x8a7	35893
0x10fa69B0x25dcB0x8a7	35894
0x87e43B0x8c7	17955
0x87e43B0x8c7	17956
0xec5b0B0x219cB0x8c7	31229
0xec5b0B0x219cB0x8c7	31230
0x2c8dB0x999	367
0x2c8dB0x999	368
0x2c41B0x126e	365
0xec819B0x1c05	31249
0xec819B0x1c05	31250
0x25fcB0x1c05	313
0x10fa69B0x25ffB0x1c05	35892
0x10fa69B0x25ffB0x1c05	35893
0x10fa69B0x25ffB0x1c05	35894
0x2c8dB0x1d7d	367
0x2c8dB0x1d7d	368
0xfe1e0B0x2ce	33576
0xfe1e0B0x2ce	33577
0x28fbB0x2ce	338
0x2926B0x2ce	339
0xec7ceB0x28feB0x2ce	31246
0xec7ceB0x28feB0x2ce	31247
0xec7ceB0x28feB0x2ce	31248
0xec783B0x2929B0x2ce	31244
0xec783B0x2929B0x2ce	31245
0x2572B0x2929B0x2ce	309
0x2588B0x2929B0x2ce	309
0x2588B0x2929B0x2ce	310
0xfe1e0B0x85e	33576
0xfe1e0B0x85e	33577
0x28fbB0x85e	338
0x2926B0x85e	339
0xec7ceB0x28feB0x85e	31246
0xec7ceB0x28feB0x85e	31247
0xec7ceB0x28feB0x85e	31248
0xec783B0x2929B0x85e	31244
0xec783B0x2929B0x85e	31245
0x2572B0x2929B0x85e	309
0x2588B0x2929B0x85e	309
0x2588B0x2929B0x85e	310
0x110062B0x2076	35942
0x110062B0x2076	35943
0x2333B0x221fB0x2076	290
0x2350B0x221fB0x2076	291
0x2380B0x221fB0x2076	293
0xec643B0x221fB0x2076	31234
0xec643B0x221fB0x2076	31235
0xec668B0x221fB0x2076	31235
0xec668B0x221fB0x2076	31236
0x10fed0B0x2fe	35929
0x10fed0B0x2fe	35930
0x3e85eB0x414	8261
0x3e85eB0x414	8262
0x3e885B0x414	8262
0x3e885B0x414	8263
0x10fb1aB0x414	35898
0x10fb1aB0x414	35899
0x136bB0x461	160
0x1398B0x461	161
0x13d4B0x461	163
0xec7f3B0x136cB0x461	31248
0xec7f3B0x136cB0x461	31249
0x25d9B0x136cB0x461	312
0x10fa69B0x25dcB0x136cB0x461	35892
0x10fa69B0x25dcB0x136cB0x461	35893
0x10fa69B0x25dcB0x136cB0x461	35894
0x1524B0x54d	174
0x4b44dB0x582	9945
0x4b44dB0x582	9946
0x16ed0x1689B0x66c	189
0x10ff61B0x31790	35933
0x10ff61B0x31790	35934
0x10ff61B0x31790	35935
0x10fff4B0x174cB0x31790	35938
0x10fff4B0x174cB0x31790	35939
0x16ed0x1781B0x701	189
0x1a49B0x804	217
0xec68dB0x942	31236
0xec68dB0x942	31237
0xec6d3B0x2435B0x942	31238
0xec6d3B0x2435B0x942	31239
0xec6f5B0x24deB0x2435B0x942	31239
0xec6f5B0x24deB0x2435B0x942	31240
0xec6f5B0x24deB0x2435B0x942	31241
0x10ff61B0x1f25	35933
0x10ff61B0x1f25	35934
0x10ff61B0x1f25	35935
0x10fff4B0x174cB0x1f25	35938
0x10fff4B0x174cB0x1f25	35939
0x10ff61B0x3e722	35933
0x10ff61B0x3e722	35934
0x10ff61B0x3e722	35935
0x10fff4B0x174cB0x3e722	35938
0x10fff4B0x174cB0x3e722	35939
0x10ff61B0x3e791	35933
0x10ff61B0x3e791	35934
0x10ff61B0x3e791	35935
0x10fff4B0x174cB0x3e791	35938
0x10fff4B0x174cB0x3e791	35939
0x10ff61B0x20e5	35933
0x10ff61B0x20e5	35934
0x10ff61B0x20e5	35935
0x10fff4B0x174cB0x20e5	35938
0x10fff4B0x174cB0x20e5	35939
0x10ff61B0x7b0ab	35933
0x10ff61B0x7b0ab	35934
0x10ff61B0x7b0ab	35935
0x10fff4B0x174cB0x7b0ab	35938
0x10fff4B0x174cB0x7b0ab	35939
0x10ff61B0x87c29	35933
0x10ff61B0x87c29	35934
0x10ff61B0x87c29	35935
0x10fff4B0x174cB0x87c29	35938
0x10fff4B0x174cB0x87c29	35939
0x10ff61B0x87cab	35933
0x10ff61B0x87cab	35934
0x10ff61B0x87cab	35935
0x10fff4B0x174cB0x87cab	35938
0x10fff4B0x174cB0x87cab	35939
0xec68dB0x1d25	31236
0xec68dB0x1d25	31237
0xec6d3B0x2435B0x1d25	31238
0xec6d3B0x2435B0x1d25	31239
0xec6f5B0x24deB0x2435B0x1d25	31239
0xec6f5B0x24deB0x2435B0x1d25	31240
0xec6f5B0x24deB0x2435B0x1d25	31241
0x10ff61B0x87dc1	35933
0x10ff61B0x87dc1	35934
0x10ff61B0x87dc1	35935
0x10fff4B0x174cB0x87dc1	35938
0x10fff4B0x174cB0x87dc1	35939
0x10ff61B0x87ef5	35933
0x10ff61B0x87ef5	35934
0x10ff61B0x87ef5	35935
0x10fff4B0x174cB0x87ef5	35938
0x10fff4B0x174cB0x87ef5	35939
0x10ff61B0x997a7	35933
0x10ff61B0x997a7	35934
0x10ff61B0x997a7	35935
0x10fff4B0x174cB0x997a7	35938
0x10fff4B0x174cB0x997a7	35939
0x10ff61B0x998ac	35933
0x10ff61B0x998ac	35934
0x10ff61B0x998ac	35935
0x10fff4B0x174cB0x998ac	35938
0x10fff4B0x174cB0x998ac	35939
0xbf1B0x374	98
0xc6eB0x374	102
0xd5dB0x374	110
0xd80B0x374	111
0xe6fB0x374	119
0xebdB0x374	121
0x3e6d4B0x374	8248
0x3e6d4B0x374	8249
0x3e6fbB0x374	8249
0x3e6fbB0x374	8250
0x10faf3B0x374	35897
0x10faf3B0x374	35898
0x87e64B0xb69B0x374	17956
0x87e64B0xb69B0x374	17957
0xec6b0B0xc74B0x374	31237
0xec6b0B0xc74B0x374	31238
0xec718B0x249aB0xc74B0x374	31241
0xec718B0x249aB0xc74B0x374	31242
0xec73aB0x24f8B0x249aB0xc74B0x374	31242
0xec73aB0x24f8B0x249aB0xc74B0x374	31243
0xec6b0B0xd1dB0x374	31237
0xec6b0B0xd1dB0x374	31238
0xec718B0x249aB0xd1dB0x374	31241
0xec718B0x249aB0xd1dB0x374	31242
0xec73aB0x24f8B0x249aB0xd1dB0x374	31242
0xec73aB0x24f8B0x249aB0xd1dB0x374	31243
0x99840B0xfd0	20283
0x99840B0xfd0	20284
0x10ff61B0x204fB0xfd0	35933
0x10ff61B0x204fB0xfd0	35934
0x10ff61B0x204fB0xfd0	35935
0x10fff4B0x174cB0x204fB0xfd0	35938
0x10fff4B0x174cB0x204fB0xfd0	35939
0x99840B0x13f6	20283
0x99840B0x13f6	20284
0x10ff61B0x204fB0x13f6	35933
0x10ff61B0x204fB0x13f6	35934
0x10ff61B0x204fB0x13f6	35935
0x10fff4B0x174cB0x204fB0x13f6	35938
0x10fff4B0x174cB0x204fB0x13f6	35939
0x10fef4B0x520	35930
0x10fef4B0x520	35931
0x10ff61B0x4b420B0x520	35933
0x10ff61B0x4b420B0x520	35934
0x10ff61B0x4b420B0x520	35935
0x10fff4B0x174cB0x4b420B0x520	35938
0x10fff4B0x174cB0x4b420B0x520	35939
0x10ff18B0x5c2	35931
0x10ff18B0x5c2	35932
0x10ff61B0x57f93B0x5c2	35933
0x10ff61B0x57f93B0x5c2	35934
0x10ff61B0x57f93B0x5c2	35935
0x10fff4B0x174cB0x57f93B0x5c2	35938
0x10fff4B0x174cB0x57f93B0x5c2	35939
0x99840B0x171d	20283
0x99840B0x171d	20284
0x10ff61B0x204fB0x171d	35933
0x10ff61B0x204fB0x171d	35934
0x10ff61B0x204fB0x171d	35935
0x10fff4B0x174cB0x204fB0x171d	35938
0x10fff4B0x174cB0x204fB0x171d	35939
0x99840B0x17bd	20283
0x99840B0x17bd	20284
0x10ff61B0x204fB0x17bd	35933
0x10ff61B0x204fB0x17bd	35934
0x10ff61B0x204fB0x17bd	35935
0x10fff4B0x174cB0x204fB0x17bd	35938
0x10fff4B0x174cB0x204fB0x17bd	35939
0x99840B0x1a53	20283
0x99840B0x1a53	20284
0x10ff61B0x204fB0x1a53	35933
0x10ff61B0x204fB0x1a53	35934
0x10ff61B0x204fB0x1a53	35935
0x10fff4B0x174cB0x204fB0x1a53	35938
0x10fff4B0x174cB0x204fB0x1a53	35939
0x99840B0x1e45	20283
0x99840B0x1e45	20284
0x10ff61B0x204fB0x1e45	35933
0x10ff61B0x204fB0x1e45	35934
0x10ff61B0x204fB0x1e45	35935
0x10fff4B0x174cB0x204fB0x1e45	35938
0x10fff4B0x174cB0x204fB0x1e45	35939
0x9981dB0xfc2	20282
0x9981dB0xfc2	20283
0x11003dB0x1fe0B0xfc2	35941
0x11003dB0x1fe0B0xfc2	35942
0xec5f9B0x220aB0x1fe0B0xfc2	31231
0xec5f9B0x220aB0x1fe0B0xfc2	31232
0xec61eB0x220aB0x1fe0B0xfc2	31232
0xec61eB0x220aB0x1fe0B0xfc2	31233
0xec61eB0x220aB0x1fe0B0xfc2	31234
0x99840B0x15bdB0x5e2	20283
0x99840B0x15bdB0x5e2	20284
0x10ff61B0x204fB0x15bdB0x5e2	35933
0x10ff61B0x204fB0x15bdB0x5e2	35934
0x10ff61B0x204fB0x15bdB0x5e2	35935
0x10fff4B0x174cB0x204fB0x15bdB0x5e2	35938
0x10fff4B0x174cB0x204fB0x15bdB0x5e2	35939
0x99840B0x134dB0x461	20283
0x99840B0x134dB0x461	20284
0x10ff61B0x204fB0x134dB0x461	35933
0x10ff61B0x204fB0x134dB0x461	35934
0x10ff61B0x204fB0x134dB0x461	35935
0x10fff4B0x174cB0x204fB0x134dB0x461	35938
0x10fff4B0x174cB0x204fB0x134dB0x461	35939
0x99840B0x1497B0x54d	20283
0x99840B0x1497B0x54d	20284
0x10ff61B0x204fB0x1497B0x54d	35933
0x10ff61B0x204fB0x1497B0x54d	35934
0x10ff61B0x204fB0x1497B0x54d	35935
0x10fff4B0x174cB0x204fB0x1497B0x54d	35938
0x10fff4B0x174cB0x204fB0x1497B0x54d	35939
0x99840B0x153bB0x582	20283
0x99840B0x153bB0x582	20284
0x10ff61B0x204fB0x153bB0x582	35933
0x10ff61B0x204fB0x153bB0x582	35934
0x10ff61B0x204fB0x153bB0x582	35935
0x10fff4B0x174cB0x204fB0x153bB0x582	35938
0x10fff4B0x174cB0x204fB0x153bB0x582	35939
0x99840B0x1689B0x66c	20283
0x99840B0x1689B0x66c	20284
0x10ff61B0x204fB0x1689B0x66c	35933
0x10ff61B0x204fB0x1689B0x66c	35934
0x10ff61B0x204fB0x1689B0x66c	35935
0x10fff4B0x174cB0x204fB0x1689B0x66c	35938
0x10fff4B0x174cB0x204fB0x1689B0x66c	35939
0x99840B0x1781B0x701	20283
0x99840B0x1781B0x701	20284
0x10ff61B0x204fB0x1781B0x701	35933
0x10ff61B0x204fB0x1781B0x701	35934
0x10ff61B0x204fB0x1781B0x701	35935
0x10fff4B0x174cB0x204fB0x1781B0x701	35938
0x10fff4B0x174cB0x204fB0x1781B0x701	35939
0x99840B0x19c2B0x804	20283
0x99840B0x19c2B0x804	20284
0x10ff61B0x204fB0x19c2B0x804	35933
0x10ff61B0x204fB0x19c2B0x804	35934
0x10ff61B0x204fB0x19c2B0x804	35935
0x10fff4B0x174cB0x204fB0x19c2B0x804	35938
0x10fff4B0x174cB0x204fB0x19c2B0x804	35939
