0x0	0x80
0x8	0x10
0x2	0x40
0xc	0x0
0x12	0x4
0x1a	0x0
0x1d	0xe0
0x21	0x87689e28
0x27	0x146
0x2c	0xc3081240
0x32	0xc3
0x37	0xd93f2445
0x3d	0x87
0x42	0xd93f2445
0x4d	0xdd62ed3e
0x58	0xec126c77
0x63	0xf75c2664
0x6e	0xfbfa77cf
0x79	0xfca3b5aa
0x83	0x0
0x89	0xc3081240
0x94	0xc4b740f5
0x9f	0xcfbd4885
0xaa	0xd0e30db0
0xb5	0xd6c79751
0xbf	0x0
0xc5	0xa045442c
0xcb	0x10a
0xd0	0xa045442c
0xdb	0xa9059cbb
0xe6	0xaa271e1a
0xf1	0xb6b55f25
0xfc	0xbebbf4d0
0x106	0x0
0x10c	0x87689e28
0x117	0x8da5cb5b
0x122	0x91c5df49
0x12d	0x95d89b41
0x138	0x9dc29fac
0x142	0x0
0x148	0x3ccfd60b
0x14e	0x1df
0x153	0x6817031b
0x159	0x1a3
0x15e	0x6817031b
0x169	0x69b41170
0x174	0x6e553f65
0x17f	0x6f307dc3
0x18a	0x70a08231
0x195	0x8623ec7b
0x19f	0x0
0x1a5	0x3ccfd60b
0x1b0	0x40c10f19
0x1bb	0x52113ba7
0x1c6	0x60e232a9
0x1d1	0x628d6cba
0x1db	0x0
0x1e1	0x18160ddd
0x1e7	0x226
0x1ec	0x18160ddd
0x1f7	0x23b872dd
0x202	0x2e1a7d4d
0x20d	0x2ebe3fbb
0x218	0x313ce567
0x222	0x0
0x228	0x39d6ec
0x232	0xf714ce
0x23c	0x6fdde03
0x247	0x95ea7b3
0x252	0xd707df8
0x25d	0x0
0x262	0x337d0
0x265	0x26f
0x269	0x4
0x26b	0x1977
0x270	0x5b0
0x288	0x3af24
0x28b	0x295
0x28f	0x4
0x291	0x19b3
0x296	0x5f9
0x29b	0x42678
0x29e	0x60d
0x2b0	0x426cc
0x2b3	0x2bd
0x2b7	0x4
0x2b9	0x1a3e
0x2be	0x69b
0x2d3	0x42723
0x2d6	0x707
0x2dd	0x3
0x2e0	0x42744
0x2e5	0x49e98
0x2e8	0x2f2
0x2ec	0x4
0x2ee	0x1a68
0x2f3	0x7d6
0x2f8	0x49ec7
0x2fb	0x305
0x2ff	0x4
0x301	0x1aa4
0x306	0x9d4
0x30b	0x5161b
0x30e	0x318
0x312	0x4
0x314	0x1abd
0x319	0x9e7
0x31e	0x344
0x321	0x12
0x345	0x40
0x348	0xff
0x34c	0x12
0x34f	0x20
0x352	0x5163c
0x357	0x51664
0x35a	0xaa1
0x35f	0x58db8
0x362	0x36c
0x366	0x4
0x368	0x1a3e
0x36d	0xac2
0x372	0xa
0x375	0x58de7
0x379	0x1
0x37b	0x1
0x37d	0xa0
0x37f	0x10000000000000000000000000000000000000000
0x380	0xffffffffffffffffffffffffffffffffffffffff
0x39d	0x58e46
0x3a0	0x3aa
0x3a4	0x4
0x3a6	0x1abd
0x3ab	0xb04
0x3b0	0x58e75
0x3b3	0x3bd
0x3b7	0x4
0x3b9	0x19b3
0x3be	0xbc9
0x3c3	0x58ea4
0x3c6	0x3d0
0x3ca	0x4
0x3cc	0x1abd
0x3d1	0xd16
0x3d6	0x58ec5
0x3d9	0x2a300
0x3e0	0x60619
0x3e3	0x3ed
0x3e7	0x4
0x3e9	0x19b3
0x3ee	0xd94
0x3f3	0x67d6d
0x3f6	0xc02aaa39b223fe8d0a0e5c4f27ead9083c756cc2
0x41a	0x67da4
0x41d	0x427
0x421	0x4
0x423	0x1abd
0x428	0x2
0x42a	0x20
0x42d	0x0
0x432	0x40
0x43a	0x6f4f8
0x43d	0x447
0x441	0x4
0x443	0x1aa4
0x448	0xdd5
0x44d	0x6f52f
0x450	0xb
0x467	0x8
0x46a	0x76cba
0x46e	0x1
0x470	0x1
0x472	0xa0
0x474	0x10000000000000000000000000000000000000000
0x475	0xffffffffffffffffffffffffffffffffffffffff
0x47a	0x76cf1
0x47d	0xdff
0x482	0x76d1d
0x485	0x48f
0x489	0x4
0x48b	0x1a3e
0x490	0xe0c
0x495	0x49c
0x498	0xe45
0x49d	0x40
0x4a0	0x76d4c
0x4a5	0x1ad8
0x4aa	0x76d74
0x4ad	0x4b7
0x4b1	0x4
0x4b3	0x1a3e
0x4b8	0xea7
0x4bd	0x76da3
0x4c0	0x4ca
0x4c4	0x4
0x4c6	0x1abd
0x4cb	0x5
0x4cd	0x20
0x4d0	0x0
0x4d5	0x40
0x4da	0xff
0x4e0	0x76dd2
0x4e3	0x4ed
0x4e7	0x4
0x4e9	0x1aa4
0x4ee	0xf7e
0x4f3	0x7e526
0x4f6	0x500
0x4fa	0x4
0x4fc	0x19b3
0x501	0xfbf
0x506	0x85c7a
0x509	0x9
0x50f	0x8d3ce
0x512	0x51c
0x516	0x4
0x518	0x1b36
0x51d	0xfec
0x522	0x8d3ef
0x525	0x52f
0x529	0x4
0x52b	0x1abd
0x530	0x1030
0x535	0x8d410
0x538	0x107b
0x53d	0x94b64
0x540	0x0
0x545	0x94b93
0x548	0x114f
0x54d	0x94bb4
0x550	0x55a
0x554	0x4
0x556	0x1b53
0x55b	0xc
0x55d	0x20
0x562	0x0
0x567	0x40
0x578	0x9c308
0x57b	0x585
0x57f	0x4
0x581	0x1b7d
0x586	0x11ca
0x58b	0x7
0x58e	0x9c337
0x592	0x1
0x594	0x1
0x596	0xa0
0x598	0x10000000000000000000000000000000000000000
0x599	0xffffffffffffffffffffffffffffffffffffffff
0x59e	0x9c36e
0x5a1	0x5ab
0x5a5	0x4
0x5a7	0x1abd
0x5ac	0x133d
0x708	0x7
0x70b	0x1
0x70d	0x1
0x70f	0xa0
0x711	0x10000000000000000000000000000000000000000
0x712	0xffffffffffffffffffffffffffffffffffffffff
0x716	0x731
0x71a	0x40
0x71d	0x461bcd
0x721	0xe5
0x723	0x8c379a000000000000000000000000000000000000000000000000000000000
0x726	0x4
0x729	0x9c49d
0x72d	0x1ba2
0x732	0x8
0x735	0x1
0x737	0x1
0x739	0xa0
0x73b	0x10000000000000000000000000000000000000000
0x73c	0xffffffffffffffffffffffffffffffffffffffff
0x742	0x74d
0x747	0x9
0x74e	0x756
0x752	0x0
0x757	0x8
0x75b	0x1
0x75d	0x1
0x75f	0xa0
0x761	0x10000000000000000000000000000000000000000
0x762	0xffffffffffffffffffffffffffffffffffffffff
0x766	0x0
0x76b	0x5
0x76d	0x20
0x770	0x40
0x776	0x1
0x778	0xff
0x77a	0xffffffffffffffffffffffffffffffffffffffffffffffffffffffffffffff00
0x785	0x6
0x790	0xf652222313e28459528d920b65115c16c04f3efc82aaedc97be59f3f377c0d3f
0x7ba	0x1
0x7bc	0x1
0x7be	0xa0
0x7c0	0x10000000000000000000000000000000000000000
0x7c1	0xffffffffffffffffffffffffffffffffffffffff
0x7c2	0xffffffffffffffffffffffff0000000000000000000000000000000000000000
0x7d2	0x9
0x7d7	0x0
0x7d9	0x1
0x7db	0x1
0x7dd	0xa0
0x7df	0x10000000000000000000000000000000000000000
0x7e0	0xffffffffffffffffffffffffffffffffffffffff
0x7e7	0x7f9
0x7ec	0x1
0x7ee	0x1
0x7f0	0xa0
0x7f2	0x10000000000000000000000000000000000000000
0x7f3	0xffffffffffffffffffffffffffffffffffffffff
0x7fa	0x802
0x7fe	0x0
0x803	0x1
0x805	0x1
0x807	0xa0
0x809	0x10000000000000000000000000000000000000000
0x80a	0xffffffffffffffffffffffffffffffffffffffff
0x80f	0x90e
0x813	0x1
0x815	0x1
0x817	0xa0
0x819	0x10000000000000000000000000000000000000000
0x81a	0xffffffffffffffffffffffffffffffffffffffff
0x81d	0x0
0x822	0xc
0x824	0x20
0x829	0x40
0x837	0x0
0x839	0xffffffffffffffffffffffffffffffffffffffffffffffffffffffffffffffff
0x83c	0x90c
0x844	0x8a1
0x848	0x40
0x84b	0x461bcd
0x84f	0xe5
0x851	0x8c379a000000000000000000000000000000000000000000000000000000000
0x854	0x20
0x856	0x4
0x85b	0x29
0x85d	0x24
0x862	0x416e7973776170563645524332303a2072657175657374206578636565647320
0x883	0x44
0x888	0x616c6c6f77616e6365
0x892	0xb8
0x894	0x616c6c6f77616e63650000000000000000000000000000000000000000000000
0x895	0x64
0x89a	0x84
0x89d	0x3b2a
0x8a2	0x0
0x8a4	0x8ad
0x8a9	0x1c29
0x8ae	0x1
0x8b0	0x1
0x8b2	0xa0
0x8b4	0x10000000000000000000000000000000000000000
0x8b5	0xffffffffffffffffffffffffffffffffffffffff
0x8b8	0x0
0x8bd	0xc
0x8bf	0x20
0x8c4	0x40
0x8e0	0x8c5be1e5ebec7d5bd14f71427d1e84f3dd0314c0f7b2291e5b200ac8c7c3b925
0x903	0x40
0x908	0x20
0x90f	0x1
0x911	0x1
0x913	0xa0
0x915	0x10000000000000000000000000000000000000000
0x916	0xffffffffffffffffffffffffffffffffffffffff
0x919	0x0
0x91e	0x2
0x920	0x20
0x923	0x40
0x92c	0x947
0x930	0x40
0x933	0x461bcd
0x937	0xe5
0x939	0x8c379a000000000000000000000000000000000000000000000000000000000
0x93c	0x4
0x93f	0x9c4c5
0x943	0x1c40
0x948	0x951
0x94d	0x1c29
0x952	0x1
0x954	0x1
0x956	0xa0
0x958	0x10000000000000000000000000000000000000000
0x959	0xffffffffffffffffffffffffffffffffffffffff
0x95d	0x0
0x962	0x2
0x964	0x20
0x967	0x40
0x97d	0x987
0x983	0x1c8f
0x990	0x1
0x992	0x1
0x994	0xa0
0x996	0x10000000000000000000000000000000000000000
0x997	0xffffffffffffffffffffffffffffffffffffffff
0x99a	0x1
0x99c	0x1
0x99e	0xa0
0x9a0	0x10000000000000000000000000000000000000000
0x9a1	0xffffffffffffffffffffffffffffffffffffffff
0x9a3	0x0
0x9a7	0x20
0x9a9	0x1d31
0x9b3	0x40
0x9b6	0x9c1
0x9bc	0x20
0x9c2	0x40
0x9c7	0x20
0x9cb	0x1
0x9e8	0x7
0x9eb	0x1
0x9ed	0x1
0x9ef	0xa0
0x9f1	0x10000000000000000000000000000000000000000
0x9f2	0xffffffffffffffffffffffffffffffffffffffff
0x9f6	0xa11
0x9fa	0x40
0x9fd	0x461bcd
0xa01	0xe5
0xa03	0x8c379a000000000000000000000000000000000000000000000000000000000
0xa06	0x4
0xa09	0x9c512
0xa0d	0x1ba2
0xa12	0x4
0xa15	0xff
0xa18	0xa20
0xa1c	0x0
0xa21	0x4
0xa25	0xff
0xa27	0xffffffffffffffffffffffffffffffffffffffffffffffffffffffffffffff00
0xa2e	0x7
0xa32	0x1
0xa34	0x1
0xa36	0xa0
0xa38	0x10000000000000000000000000000000000000000
0xa39	0xffffffffffffffffffffffffffffffffffffffff
0xa3d	0x1
0xa3f	0x1
0xa41	0xa0
0xa43	0x10000000000000000000000000000000000000000
0xa44	0xffffffffffffffffffffffffffffffffffffffff
0xa45	0xffffffffffffffffffffffff0000000000000000000000000000000000000000
0xa4e	0x0
0xa53	0x5
0xa55	0x20
0xa58	0x40
0xa61	0x1
0xa69	0x6
0xa74	0xf652222313e28459528d920b65115c16c04f3efc82aaedc97be59f3f377c0d3f
0xac4	0x0
0xac9	0x5
0xacb	0x20
0xace	0x40
0xad3	0xff
0xad6	0xaf1
0xada	0x40
0xadd	0x461bcd
0xae1	0xe5
0xae3	0x8c379a000000000000000000000000000000000000000000000000000000000
0xae6	0x4
0xae9	0x9c53a
0xaed	0x1ba2
0xaf2	0x9c562
0xaf7	0x146d
0xd17	0x7
0xd1a	0x1
0xd1c	0x1
0xd1e	0xa0
0xd20	0x10000000000000000000000000000000000000000
0xd21	0xffffffffffffffffffffffffffffffffffffffff
0xd25	0xd40
0xd29	0x40
0xd2c	0x461bcd
0xd30	0xe5
0xd32	0x8c379a000000000000000000000000000000000000000000000000000000000
0xd35	0x4
0xd38	0x9c602
0xd3c	0x1ba2
0xd41	0x1
0xd43	0x1
0xd45	0xa0
0xd47	0x10000000000000000000000000000000000000000
0xd48	0xffffffffffffffffffffffffffffffffffffffff
0xd4b	0xd66
0xd4f	0x40
0xd52	0x461bcd
0xd56	0xe5
0xd58	0x8c379a000000000000000000000000000000000000000000000000000000000
0xd5b	0x4
0xd5e	0x9c62a
0xd62	0x1ca7
0xd67	0xa
0xd6b	0x1
0xd6d	0x1
0xd6f	0xa0
0xd71	0x10000000000000000000000000000000000000000
0xd72	0xffffffffffffffffffffffffffffffffffffffff
0xd73	0xffffffffffffffffffffffff0000000000000000000000000000000000000000
0xd75	0x1
0xd77	0x1
0xd79	0xa0
0xd7b	0x10000000000000000000000000000000000000000
0xd7c	0xffffffffffffffffffffffffffffffffffffffff
0xd82	0xd8e
0xd85	0x2a300
0xd8a	0x1c8f
0xd8f	0xb
0xdd6	0x6
0xddd	0xde5
0xde1	0x0
0xde6	0x0
0xdeb	0x20
0xdf2	0x1
0xdf4	0x1
0xdf6	0xa0
0xdf8	0x10000000000000000000000000000000000000000
0xdf9	0xffffffffffffffffffffffffffffffffffffffff
0xe0e	0x0
0xe13	0x5
0xe15	0x20
0xe18	0x40
0xe1d	0xff
0xe20	0xe3b
0xe24	0x40
0xe27	0x461bcd
0xe2b	0xe5
0xe2d	0x8c379a000000000000000000000000000000000000000000000000000000000
0xe30	0x4
0xe33	0x9c6c3
0xe37	0x1ba2
0xe3c	0x9c6eb
0xe41	0x15ab
0xfed	0x7
0xff0	0x1
0xff2	0x1
0xff4	0xa0
0xff6	0x10000000000000000000000000000000000000000
0xff7	0xffffffffffffffffffffffffffffffffffffffff
0xffb	0x1016
0xfff	0x40
0x1002	0x461bcd
0x1006	0xe5
0x1008	0x8c379a000000000000000000000000000000000000000000000000000000000
0x100b	0x4
0x100e	0x9c788
0x1012	0x1ba2
0x1017	0x4
0x101e	0x100
0x1022	0xff00
0x1025	0xffffffffffffffffffffffffffffffffffffffffffffffffffffffffffff00ff
0x1031	0x7
0x1034	0x1
0x1036	0x1
0x1038	0xa0
0x103a	0x10000000000000000000000000000000000000000
0x103b	0xffffffffffffffffffffffffffffffffffffffff
0x103f	0x105a
0x1043	0x40
0x1046	0x461bcd
0x104a	0xe5
0x104c	0x8c379a000000000000000000000000000000000000000000000000000000000
0x104f	0x4
0x1052	0x9c7b0
0x1056	0x1ba2
0x105b	0x1
0x105d	0x1
0x105f	0xa0
0x1061	0x10000000000000000000000000000000000000000
0x1062	0xffffffffffffffffffffffffffffffffffffffff
0x1064	0x0
0x1069	0x5
0x106b	0x20
0x106e	0x40
0x1074	0xff
0x1076	0xffffffffffffffffffffffffffffffffffffffffffffffffffffffffffffff00
0x1150	0x7
0x1153	0x1
0x1155	0x1
0x1157	0xa0
0x1159	0x10000000000000000000000000000000000000000
0x115a	0xffffffffffffffffffffffffffffffffffffffff
0x115e	0x1179
0x1162	0x40
0x1165	0x461bcd
0x1169	0xe5
0x116b	0x8c379a000000000000000000000000000000000000000000000000000000000
0x116e	0x4
0x1171	0x9c7d8
0x1175	0x1ba2
0x117a	0xa
0x117d	0x1
0x117f	0x1
0x1181	0xa0
0x1183	0x10000000000000000000000000000000000000000
0x1184	0xffffffffffffffffffffffffffffffffffffffff
0x118a	0x1195
0x118f	0xb
0x1196	0x119e
0x119a	0x0
0x119f	0xa
0x11a3	0x7
0x11a7	0x1
0x11a9	0x1
0x11ab	0xa0
0x11ad	0x10000000000000000000000000000000000000000
0x11ae	0xffffffffffffffffffffffffffffffffffffffff
0x11af	0xffffffffffffffffffffffff0000000000000000000000000000000000000000
0x11b3	0x1
0x11b5	0x1
0x11b7	0xa0
0x11b9	0x10000000000000000000000000000000000000000
0x11ba	0xffffffffffffffffffffffffffffffffffffffff
0x11c4	0x0
0x11c6	0xb
0x133e	0x7
0x1341	0x1
0x1343	0x1
0x1345	0xa0
0x1347	0x10000000000000000000000000000000000000000
0x1348	0xffffffffffffffffffffffffffffffffffffffff
0x134c	0x1367
0x1350	0x40
0x1353	0x461bcd
0x1357	0xe5
0x1359	0x8c379a000000000000000000000000000000000000000000000000000000000
0x135c	0x4
0x135f	0x9c828
0x1363	0x1ba2
0x1368	0x1
0x136a	0x1
0x136c	0xa0
0x136e	0x10000000000000000000000000000000000000000
0x136f	0xffffffffffffffffffffffffffffffffffffffff
0x1372	0x138d
0x1376	0x40
0x1379	0x461bcd
0x137d	0xe5
0x137f	0x8c379a000000000000000000000000000000000000000000000000000000000
0x1382	0x4
0x1385	0x9c850
0x1389	0x1ca7
0x138e	0x8
0x1392	0x1
0x1394	0x1
0x1396	0xa0
0x1398	0x10000000000000000000000000000000000000000
0x1399	0xffffffffffffffffffffffffffffffffffffffff
0x139a	0xffffffffffffffffffffffff0000000000000000000000000000000000000000
0x139c	0x1
0x139e	0x1
0x13a0	0xa0
0x13a2	0x10000000000000000000000000000000000000000
0x13a3	0xffffffffffffffffffffffffffffffffffffffff
0x13a9	0x13b5
0x13ac	0x2a300
0x13b1	0x1c8f
0x13b6	0x9
0x13bc	0x0
0x13be	0xc02aaa39b223fe8d0a0e5c4f27ead9083c756cc2
0x13df	0x1
0x13e1	0x1
0x13e3	0xa0
0x13e5	0x10000000000000000000000000000000000000000
0x13e6	0xffffffffffffffffffffffffffffffffffffffff
0x13e7	0xc02aaa39b223fe8d0a0e5c4f27ead9083c756cc2
0x13e8	0x0
0x13ea	0x1
0x13ec	0x141e
0x13f1	0xc02aaa39b223fe8d0a0e5c4f27ead9083c756cc2
0x1412	0x1
0x1414	0x1
0x1416	0xa0
0x1418	0x10000000000000000000000000000000000000000
0x1419	0xffffffffffffffffffffffffffffffffffffffff
0x141a	0xc02aaa39b223fe8d0a0e5c4f27ead9083c756cc2
0x141f	0x1427
0x1423	0x0
0x1428	0x1431
0x142d	0x15ab
0x1432	0x1465
0x1435	0x1
0x1437	0x1
0x1439	0xa0
0x143b	0x10000000000000000000000000000000000000000
0x143c	0xffffffffffffffffffffffffffffffffffffffff
0x143d	0xc02aaa39b223fe8d0a0e5c4f27ead9083c756cc2
0x145e	0xc02aaa39b223fe8d0a0e5c4f27ead9083c756cc2
0x1461	0x176d
0x146e	0x1
0x1470	0x1
0x1472	0xa0
0x1474	0x10000000000000000000000000000000000000000
0x1475	0xffffffffffffffffffffffffffffffffffffffff
0x1478	0x14c3
0x147c	0x40
0x147f	0x461bcd
0x1483	0xe5
0x1485	0x8c379a000000000000000000000000000000000000000000000000000000000
0x1488	0x20
0x148a	0x4
0x148f	0x1f
0x1491	0x24
0x1496	0x45524332303a206d696e7420746f20746865207a65726f206164647265737300
0x14b7	0x44
0x14bc	0x64
0x14bf	0x3b7a
0x14c5	0x3
0x14c7	0x0
0x14cc	0x14d5
0x14d1	0x1c8f
0x14db	0x1
0x14dd	0x1
0x14df	0xa0
0x14e1	0x10000000000000000000000000000000000000000
0x14e2	0xffffffffffffffffffffffffffffffffffffffff
0x14e5	0x0
0x14ea	0x2
0x14ec	0x20
0x14ef	0x40
0x14f8	0x1502
0x14fe	0x1c8f
0x1508	0x40
0x150e	0x1
0x1510	0x1
0x1512	0xa0
0x1514	0x10000000000000000000000000000000000000000
0x1515	0xffffffffffffffffffffffffffffffffffffffff
0x1519	0x0
0x151c	0x0
0x1520	0x20
0x1522	0x1d31
0x152c	0x20
0x152f	0x40
0x1534	0x20
0x153b	0x40
0x153e	0x1
0x1540	0x1
0x1542	0xa0
0x1544	0x10000000000000000000000000000000000000000
0x1545	0xffffffffffffffffffffffffffffffffffffffff
0x1549	0x24
0x1550	0x44
0x1555	0x64
0x155c	0x9c878
0x1562	0x23b872dd
0x1567	0xe0
0x1569	0x23b872dd00000000000000000000000000000000000000000000000000000000
0x156b	0x84
0x15ac	0x1
0x15ae	0x1
0x15b0	0xa0
0x15b2	0x10000000000000000000000000000000000000000
0x15b3	0xffffffffffffffffffffffffffffffffffffffff
0x15b6	0x160b
0x15ba	0x40
0x15bd	0x461bcd
0x15c1	0xe5
0x15c3	0x8c379a000000000000000000000000000000000000000000000000000000000
0x15c6	0x20
0x15c8	0x4
0x15cd	0x21
0x15cf	0x24
0x15d4	0x45524332303a206275726e2066726f6d20746865207a65726f20616464726573
0x15f5	0x44
0x15fa	0x73
0x15fc	0xf8
0x15fe	0x7300000000000000000000000000000000000000000000000000000000000000
0x15ff	0x64
0x1604	0x84
0x1607	0x3ba2
0x160c	0x1
0x160e	0x1
0x1610	0xa0
0x1612	0x10000000000000000000000000000000000000000
0x1613	0xffffffffffffffffffffffffffffffffffffffff
0x1616	0x0
0x161b	0x2
0x161d	0x20
0x1620	0x40
0x1629	0x167f
0x162d	0x40
0x1630	0x461bcd
0x1634	0xe5
0x1636	0x8c379a000000000000000000000000000000000000000000000000000000000
0x1639	0x20
0x163b	0x4
0x1640	0x22
0x1642	0x24
0x1647	0x45524332303a206275726e20616d6f756e7420657863656564732062616c616e
0x1668	0x44
0x166d	0x6365
0x1670	0xf0
0x1672	0x6365000000000000000000000000000000000000000000000000000000000000
0x1673	0x64
0x1678	0x84
0x167b	0x3bca
0x1680	0x1689
0x1685	0x1c29
0x168a	0x1
0x168c	0x1
0x168e	0xa0
0x1690	0x10000000000000000000000000000000000000000
0x1691	0xffffffffffffffffffffffffffffffffffffffff
0x1694	0x0
0x1699	0x2
0x169b	0x20
0x169e	0x40
0x16a6	0x3
0x16ad	0x16b7
0x16b3	0x1c29
0x16bd	0x40
0x16c3	0x0
0x16c6	0x1
0x16c8	0x1
0x16ca	0xa0
0x16cc	0x10000000000000000000000000000000000000000
0x16cd	0xffffffffffffffffffffffffffffffffffffffff
0x16d1	0x0
0x16d5	0x20
0x16d7	0x1d31
0x16e1	0x20
0x16e4	0x40
0x16e9	0x20
0x16f1	0x0
0x16f3	0xc02aaa39b223fe8d0a0e5c4f27ead9083c756cc2
0x1714	0x1
0x1716	0x1
0x1718	0xa0
0x171a	0x10000000000000000000000000000000000000000
0x171b	0xffffffffffffffffffffffffffffffffffffffff
0x171c	0xc02aaa39b223fe8d0a0e5c4f27ead9083c756cc2
0x171d	0x0
0x171f	0x1
0x1721	0x1753
0x1726	0xc02aaa39b223fe8d0a0e5c4f27ead9083c756cc2
0x1747	0x1
0x1749	0x1
0x174b	0xa0
0x174d	0x10000000000000000000000000000000000000000
0x174e	0xffffffffffffffffffffffffffffffffffffffff
0x174f	0xc02aaa39b223fe8d0a0e5c4f27ead9083c756cc2
0x1754	0x175c
0x1758	0x0
0x175d	0x1766
0x1762	0x146d
0x176e	0x40
0x1771	0x1
0x1773	0x1
0x1775	0xa0
0x1777	0x10000000000000000000000000000000000000000
0x1778	0xffffffffffffffffffffffffffffffffffffffff
0x177b	0x24
0x1780	0x44
0x1787	0x179d
0x178d	0xa9059cbb
0x1792	0xe0
0x1794	0xa9059cbb00000000000000000000000000000000000000000000000000000000
0x1796	0x64
0x1799	0x156e
0x1a69	0x0
0x1a6c	0x0
0x1a6e	0x60
0x1a75	0x1a7d
0x1a79	0x0
0x1a7e	0x1a86
0x1a82	0x1960
0x1a89	0x9c97f
0x1a8c	0x20
0x1a8f	0x24
0x1a90	0x1960
0x1b7e	0x0
0x1b81	0x0
0x1b83	0x60
0x1b8a	0x1b92
0x1b8e	0x0
0x1b97	0x9ca22
0x1b9a	0x20
0x1b9d	0x24
0x1b9e	0x1960
0x1bda	0x1
0x1be3	0x1bed
0x1be7	0x7f
0x1bee	0x20
0x1bf4	0x1c0d
0x1bf8	0x4e487b71
0x1bfd	0xe0
0x1bff	0x4e487b7100000000000000000000000000000000000000000000000000000000
0x1c00	0x0
0x1c03	0x22
0x1c05	0x4
0x1c08	0x24
0x1c0a	0x0
0x1c2a	0x0
0x1c30	0x1c3b
0x1c34	0x1c3b
0x1c37	0x3c6a
0x1c90	0x0
0x1c97	0x1ca2
0x1c9b	0x1ca2
0x1c9e	0x3c9f
0x3b2b	0x40
0x3b30	0x84
0x3b7b	0x40
0x3b80	0x64
0x3ba3	0x40
0x3ba8	0x84
0x3bcb	0x40
0x3bd0	0x84
0x3c6b	0x4e487b71
0x3c70	0xe0
0x3c72	0x4e487b7100000000000000000000000000000000000000000000000000000000
0x3c73	0x0
0x3c76	0x11
0x3c78	0x4
0x3c7b	0x24
0x3c7d	0x0
0x3ca0	0x4e487b71
0x3ca5	0xe0
0x3ca7	0x4e487b7100000000000000000000000000000000000000000000000000000000
0x3ca8	0x0
0x3cab	0x11
0x3cad	0x4
0x3cb0	0x24
0x3cb2	0x0
0x8388	0x344
0x8d88	0x9ca9f
0x9788	0x9cad6
0xa188	0xa422a
0xab88	0xa4261
0xb588	0xab9b5
0xbf88	0xab9ec
0xc988	0xb3140
0xd388	0xb316f
0xf188	0x74d
0xfb88	0x7f9
0x10588	0x90c
0x10f88	0x90e
0x14b88	0x1195
0x15f88	0x141e
0x16988	0x156e
0x17388	0x1753
0x19b88	0x1bed
0x33771	0x7
0x33774	0x1
0x33776	0x1
0x33778	0xa0
0x3377a	0x10000000000000000000000000000000000000000
0x3377b	0xffffffffffffffffffffffffffffffffffffffff
0x3377d	0xb31f1
0x337a1	0x7
0x337a4	0x1
0x337a6	0x1
0x337a8	0xa0
0x337aa	0x10000000000000000000000000000000000000000
0x337ab	0xffffffffffffffffffffffffffffffffffffffff
0x337ad	0xb3228
0x337d1	0x40
0x337d7	0x20
0x3aee4	0xb325f
0x3af25	0x40
0x3af2b	0x20
0x42638	0xb3287
0x42679	0x40
0x4267c	0xb32af
0x42681	0x1a0b
0x426cd	0x40
0x426d1	0x0
0x426d2	0x1
0x426d5	0x20
0x426d8	0xb32d7
0x42745	0x40
0x4274b	0x20
0x49e58	0xb32ff
0x49e99	0x40
0x49e9d	0x0
0x49e9e	0x1
0x49ea1	0x20
0x49ea4	0xb3327
0x49ec8	0x40
0x49ece	0x20
0x515db	0xb334f
0x5163d	0x40
0x51642	0x20
0x51665	0x40
0x5166b	0x20
0x58d78	0xb3377
0x58db9	0x40
0x58dbd	0x0
0x58dbe	0x1
0x58dc1	0x20
0x58dc4	0xb339f
0x58e47	0x40
0x58e4b	0x0
0x58e4c	0x1
0x58e4f	0x20
0x58e52	0xb33ef
0x58e76	0x40
0x58e7a	0x0
0x58e7b	0x1
0x58e7e	0x20
0x58e81	0xb3417
0x6061a	0x40
0x60620	0x20
0x67d2d	0xb3467
0x67da5	0x40
0x67dab	0x20
0x6f4b8	0xb34b7
0x6f4f9	0x40
0x6f4fc	0x1
0x6f4fe	0x1
0x6f500	0xa0
0x6f502	0x10000000000000000000000000000000000000000
0x6f503	0xffffffffffffffffffffffffffffffffffffffff
0x6f509	0x20
0x6f50c	0xb34df
0x76cf2	0x40
0x76cf5	0xb357f
0x76cfa	0x1a0b
0x76d1e	0x40
0x76d22	0x0
0x76d23	0x1
0x76d26	0x20
0x76d29	0xb35a7
0x76d4d	0x40
0x76d75	0x40
0x76d79	0x0
0x76d7a	0x1
0x76d7d	0x20
0x76d80	0xb35cf
0x76da4	0x40
0x76dac	0x20
0x76daf	0xb35f7
0x76dd3	0x40
0x76dd9	0x20
0x7e4e6	0xb361f
0x7e527	0x40
0x7e52d	0x20
0x85c3a	0xb3647
0x8d411	0x40
0x8d417	0x20
0x94b24	0xb3697
0x94bb5	0x40
0x94bbb	0x20
0x9c2c8	0xb36e7
0x9c309	0x40
0x9c30d	0x0
0x9c30e	0x1
0x9c311	0x20
0x9c314	0xb370f
0x9c49e	0x40
0x9c4a3	0x64
0x9c4c6	0x40
0x9c4cb	0x84
0x9c513	0x40
0x9c518	0x64
0x9c53b	0x40
0x9c540	0x64
0x9c564	0x1
0x9c603	0x40
0x9c608	0x64
0x9c62b	0x40
0x9c630	0x64
0x9c6c4	0x40
0x9c6c9	0x64
0x9c6ed	0x1
0x9c789	0x40
0x9c78e	0x64
0x9c7b1	0x40
0x9c7b6	0x64
0x9c7d9	0x40
0x9c7de	0x64
0x9c829	0x40
0x9c82e	0x64
0x9c851	0x40
0x9c856	0x64
0x9c982	0x40
0x9c985	0x44
0x9ca25	0x40
0x9ca28	0x44
0x9caa0	0x40
0x9caa3	0x1
0x9caa5	0x1
0x9caa7	0xa0
0x9caa9	0x10000000000000000000000000000000000000000
0x9caaa	0xffffffffffffffffffffffffffffffffffffffff
0x9cab0	0x20
0x9cab3	0xb375f
0x9cad7	0x40
0x9cadd	0x20
0xa41ea	0xb3787
0xa422b	0x40
0xa422e	0x1
0xa4230	0x1
0xa4232	0xa0
0xa4234	0x10000000000000000000000000000000000000000
0xa4235	0xffffffffffffffffffffffffffffffffffffffff
0xa4238	0xc02aaa39b223fe8d0a0e5c4f27ead9083c756cc2
0xa423b	0x20
0xa423e	0xb37af
0xa4262	0x40
0xa4268	0x20
0xab975	0xb37d7
0xab9b6	0x40
0xab9b9	0x1
0xab9bb	0x1
0xab9bd	0xa0
0xab9bf	0x10000000000000000000000000000000000000000
0xab9c0	0xffffffffffffffffffffffffffffffffffffffff
0xab9c6	0x20
0xab9c9	0xb37ff
0xab9ed	0x40
0xab9f3	0x20
0xb3100	0xb3827
0xb3141	0x40
0xb3145	0x1
0xb3146	0x0
0xb3149	0x20
0xb314c	0xb384f
0xb3170	0x40
0xb3173	0x1
0xb3175	0x1
0xb3177	0xa0
0xb3179	0x10000000000000000000000000000000000000000
0xb317a	0xffffffffffffffffffffffffffffffffffffffff
0xb3180	0x20
0xb3183	0xb3877
0xb31f2	0x40
0xb31f5	0x1
0xb31f7	0x1
0xb31f9	0xa0
0xb31fb	0x10000000000000000000000000000000000000000
0xb31fc	0xffffffffffffffffffffffffffffffffffffffff
0xb3202	0x20
0xb3205	0xb389f
0xb3229	0x40
0xb322c	0x1
0xb322e	0x1
0xb3230	0xa0
0xb3232	0x10000000000000000000000000000000000000000
0xb3233	0xffffffffffffffffffffffffffffffffffffffff
0xb3239	0x20
0xb323c	0xb38c7
0xb3260	0x40
0xb3265	0x20
0xb3288	0x40
0xb328d	0x20
0xb32b0	0x40
0xb32d8	0x40
0xb32dd	0x20
0xb3300	0x40
0xb3305	0x20
0xb3328	0x40
0xb332d	0x20
0xb3350	0x40
0xb3355	0x20
0xb3378	0x40
0xb337d	0x20
0xb33a0	0x40
0xb33a5	0x20
0xb33f0	0x40
0xb33f5	0x20
0xb3418	0x40
0xb341d	0x20
0xb3468	0x40
0xb346d	0x20
0xb34b8	0x40
0xb34bd	0x20
0xb34e0	0x40
0xb34e5	0x20
0xb3580	0x40
0xb35a8	0x40
0xb35ad	0x20
0xb35d0	0x40
0xb35d5	0x20
0xb35f8	0x40
0xb35fd	0x20
0xb3620	0x40
0xb3625	0x20
0xb3648	0x40
0xb364d	0x20
0xb3698	0x40
0xb369d	0x20
0xb36e8	0x40
0xb36ed	0x20
0xb3710	0x40
0xb3715	0x20
0xb3760	0x40
0xb3765	0x20
0xb3788	0x40
0xb378d	0x20
0xb37b0	0x40
0xb37b5	0x20
0xb37d8	0x40
0xb37dd	0x20
0xb3800	0x40
0xb3805	0x20
0xb3828	0x40
0xb382d	0x20
0xb3850	0x40
0xb3855	0x20
0xb3878	0x40
0xb387d	0x20
0xb38a0	0x40
0xb38a5	0x20
0xb38c8	0x40
0xb38cd	0x20
0x1671be	0x181fbe
0x167bbe	0x1987be
0x1685be	0x1991be
0x168fbe	0x199bbe
0x1699be	0x1a09be
0x16a3be	0x19a5be
0x16adbe	0x19afbe
0x16b7be	0x1955be
0x16c1be	0x195fbe
0x16cbbe	0x1969be
0x16d5be	0x1973be
0x16dfbe	0x197dbe
0x16e9be	0x1923be
0x16f3be	0x192dbe
0x16fdbe	0x1937be
0x1707be	0x1941be
0x1711be	0x194bbe
0x171bbe	0x18fbbe
0x1725be	0x1a13be
0x172fbe	0x1905be
0x1739be	0x190fbe
0x1743be	0x1919be
0x174dbe	0x18bfbe
0x1757be	0x18c9be
0x1761be	0x18d3be
0x176bbe	0x18ddbe
0x1775be	0x18e7be
0x177fbe	0x18f1be
0x1789be	0x188dbe
0x1793be	0x1897be
0x179dbe	0x18a1be
0x17a7be	0x18abbe
0x17b1be	0x18b5be
0x17bbbe	0x185bbe
0x17c5be	0x1865be
0x17cfbe	0x186fbe
0x17d9be	0x1879be
0x17e3be	0x1883be
0x17edbe	0x1829be
0x17f7be	0x1833be
0x1801be	0x183dbe
0x180bbe	0x1847be
0x1815be	0x1851be
0x181fde	0x25c
0x1829de	0x261
0x1833de	0x287
0x183dde	0x29a
0x1847de	0x2af
0x1851de	0x2d2
0x185bde	0x2dc
0x1865de	0x2e4
0x186fde	0x2f7
0x1879de	0x30a
0x1883de	0x31d
0x188dde	0x356
0x1897de	0x35e
0x18a1de	0x371
0x18abde	0x39c
0x18b5de	0x3af
0x18bfde	0x3c2
0x18c9de	0x3d5
0x18d3de	0x3df
0x18ddde	0x3f2
0x18e7de	0x419
0x18f1de	0x439
0x18fbde	0x44c
0x1905de	0x466
0x190fde	0x479
0x1919de	0x481
0x1923de	0x494
0x192dde	0x4a9
0x1937de	0x4bc
0x1941de	0x4df
0x194bde	0x4f2
0x1955de	0x505
0x195fde	0x50e
0x1969de	0x521
0x1973de	0x534
0x197dde	0x53c
0x1987de	0x544
0x1991de	0x54c
0x199bde	0x577
0x19a5de	0x58a
0x19afde	0x59d
0x19c3de	0xddf252ad1be2c89b69c2b068fc378daa952ba7f163c4a11628f55a4df523b3ef
0x19ebde	0xddf252ad1be2c89b69c2b068fc378daa952ba7f163c4a11628f55a4df523b3ef
0x19ffde	0xddf252ad1be2c89b69c2b068fc378daa952ba7f163c4a11628f55a4df523b3ef
0x1a09de	0x33770
0x1a13de	0x337a0
0x1ba3V0x71a	0x20
0x1ba8V0x71a	0x19
0x1baeV0x71a	0x416e7973776170563645524332303a20464f5242494444454e00000000000000
0x1bcfV0x71a	0x40
0x1bd4V0x71a	0x60
0x1c41V0x930	0x20
0x1c46V0x930	0x2f
0x1c4cV0x930	0x416e7973776170563645524332303a207472616e7366657220616d6f756e7420
0x1c6dV0x930	0x40
0x1c72V0x930	0x657863656564732062616c616e6365
0x1c82V0x930	0x88
0x1c84V0x930	0x657863656564732062616c616e63650000000000000000000000000000000000
0x1c85V0x930	0x60
0x1c8aV0x930	0x80
0x1ba3V0x9fa	0x20
0x1ba8V0x9fa	0x19
0x1baeV0x9fa	0x416e7973776170563645524332303a20464f5242494444454e00000000000000
0x1bcfV0x9fa	0x40
0x1bd4V0x9fa	0x60
0x1ba3V0xada	0x20
0x1ba8V0xada	0x19
0x1baeV0xada	0x416e7973776170563645524332303a20464f5242494444454e00000000000000
0x1bcfV0xada	0x40
0x1bd4V0xada	0x60
0x1ba3V0xd29	0x20
0x1ba8V0xd29	0x19
0x1baeV0xd29	0x416e7973776170563645524332303a20464f5242494444454e00000000000000
0x1bcfV0xd29	0x40
0x1bd4V0xd29	0x60
0x1ca8V0xd4f	0x20
0x1cadV0xd4f	0x1a
0x1cb3V0xd4f	0x416e7973776170563645524332303a2061646472657373283029000000000000
0x1cd4V0xd4f	0x40
0x1cd9V0xd4f	0x60
0x1ba3V0xe24	0x20
0x1ba8V0xe24	0x19
0x1baeV0xe24	0x416e7973776170563645524332303a20464f5242494444454e00000000000000
0x1bcfV0xe24	0x40
0x1bd4V0xe24	0x60
0x1ba3V0xfff	0x20
0x1ba8V0xfff	0x19
0x1baeV0xfff	0x416e7973776170563645524332303a20464f5242494444454e00000000000000
0x1bcfV0xfff	0x40
0x1bd4V0xfff	0x60
0x1ba3V0x1043	0x20
0x1ba8V0x1043	0x19
0x1baeV0x1043	0x416e7973776170563645524332303a20464f5242494444454e00000000000000
0x1bcfV0x1043	0x40
0x1bd4V0x1043	0x60
0x1ba3V0x1162	0x20
0x1ba8V0x1162	0x19
0x1baeV0x1162	0x416e7973776170563645524332303a20464f5242494444454e00000000000000
0x1bcfV0x1162	0x40
0x1bd4V0x1162	0x60
0x1ba3V0x1350	0x20
0x1ba8V0x1350	0x19
0x1baeV0x1350	0x416e7973776170563645524332303a20464f5242494444454e00000000000000
0x1bcfV0x1350	0x40
0x1bd4V0x1350	0x60
0x1ca8V0x1376	0x20
0x1cadV0x1376	0x1a
0x1cb3V0x1376	0x416e7973776170563645524332303a2061646472657373283029000000000000
0x1cd4V0x1376	0x40
0x1cd9V0x1376	0x60
0x5faV0x295	0x0
0x5fcV0x295	0x9c3de
0x602V0x295	0x13bb
0x69dV0x2bd	0x0
0x6a2V0x2bd	0xc
0x6a4V0x2bd	0x20
0x6a9V0x2bd	0x40
0x6aeV0x2bd	0x1
0x6b0V0x2bd	0x1
0x6b2V0x2bd	0xa0
0x6b4V0x2bd	0x10000000000000000000000000000000000000000
0x6b5V0x2bd	0xffffffffffffffffffffffffffffffffffffffff
0x6c8V0x2bd	0x8c5be1e5ebec7d5bd14f71427d1e84f3dd0314c0f7b2291e5b200ac8c7c3b925
0x6eaV0x2bd	0x6f6
0x6f1V0x2bd	0x20
0x69b0x700V0x2bd	0x1
0x69b0x6fcV0x2bd	0x20
0x69b0x6f7V0x2bd	0x40
0x9d5V0x305	0x0
0x9d7V0x305	0x9c4ed
0x9ddV0x305	0x13bb
0x1ad9V0x49c	0x20
0x1ae6V0x49c	0x0
0x1aeeV0x49c	0x40
0x19188V0x49c	0x1af4
0x1af9V0x49c	0x1b19
0x1affV0x49c	0x1
0x1b01V0x49c	0x1
0x1b03V0x49c	0xa0
0x1b05V0x49c	0x10000000000000000000000000000000000000000
0x1b06V0x49c	0xffffffffffffffffffffffffffffffffffffffff
0x1b12V0x49c	0x1
0x1b15V0x49c	0x1af4
0x1973V0x1a7d	0x0
0x1963V0x1a7d	0x1
0x1965V0x1a7d	0x1
0x1967V0x1a7d	0xa0
0x1969V0x1a7d	0x10000000000000000000000000000000000000000
0x196aV0x1a7d	0xffffffffffffffffffffffffffffffffffffffff
0x196fV0x1a7d	0x9c90e
0x1973V0x1a86	0x0
0x1963V0x1a86	0x1
0x1965V0x1a86	0x1
0x1967V0x1a86	0xa0
0x1969V0x1a86	0x10000000000000000000000000000000000000000
0x196aV0x1a86	0xffffffffffffffffffffffffffffffffffffffff
0x196fV0x1a86	0x9c90e
0x1973V0x1b92	0x0
0x1963V0x1b92	0x1
0x1965V0x1b92	0x1
0x1967V0x1b92	0xa0
0x1969V0x1b92	0x10000000000000000000000000000000000000000
0x196aV0x1b92	0xffffffffffffffffffffffffffffffffffffffff
0x196fV0x1b92	0x9c90e
0x1ab2V0x2f7	0x0
0x1aa5V0x2f7	0x0
0x1aa7V0x2f7	0x20
0x1aaeV0x2f7	0x1ab6
0xaa3V0x356	0x0
0xaa8V0x356	0x2
0xaaaV0x356	0x20
0xaadV0x356	0x40
0xab4V0x356	0xabd
0xab9V0x356	0x13bb
0x1ab2V0x439	0x0
0x1aa5V0x439	0x0
0x1aa7V0x439	0x20
0x1aaeV0x439	0x1ab6
0x1ab2V0x4df	0x0
0x1aa5V0x4df	0x0
0x1aa7V0x4df	0x20
0x1aaeV0x4df	0x1ab6
0x1a2bV0x42678	0x1f
0x1a2eV0x42678	0x1f
0x1a30V0x42678	0xffffffffffffffffffffffffffffffffffffffffffffffffffffffffffffffe0
0x1a36V0x42678	0x40
0x1a0cV0x42678	0x20
0x1a10V0x42678	0x0
0x1a15V0x42678	0x20
0x1a1aV0x42678	0x1a2a
0x1a1eV0x42678	0x40
0x1a22V0x42678	0x20
0x1a26V0x42678	0x19df
0x19ffV0x1a0bV0x42678	0x9c95a
0x19e7V0x1a0bV0x42678	0x19fa
0x19e0V0x1a0bV0x42678	0x0
0x18788V0x1a0bV0x42678	0x19e2
0x19f3V0x1a0bV0x42678	0x20
0x19f6V0x1a0bV0x42678	0x19e2
0x1a05V0x1a0bV0x42678	0x0
0x1a2bV0x76cf1	0x1f
0x1a2eV0x76cf1	0x1f
0x1a30V0x76cf1	0xffffffffffffffffffffffffffffffffffffffffffffffffffffffffffffffe0
0x1a36V0x76cf1	0x40
0x1a0cV0x76cf1	0x20
0x1a10V0x76cf1	0x0
0x1a15V0x76cf1	0x20
0x1a1aV0x76cf1	0x1a2a
0x1a1eV0x76cf1	0x40
0x1a22V0x76cf1	0x20
0x1a26V0x76cf1	0x19df
0x19ffV0x1a0bV0x76cf1	0x9c95a
0x19e7V0x1a0bV0x76cf1	0x19fa
0x19e0V0x1a0bV0x76cf1	0x0
0x18788V0x1a0bV0x76cf1	0x19e2
0x19f3V0x1a0bV0x76cf1	0x20
0x19f6V0x1a0bV0x76cf1	0x19e2
0x1a05V0x1a0bV0x76cf1	0x0
0x1988V0x261	0x0
0x1978V0x261	0x0
0x197bV0x261	0x0
0x197dV0x261	0x60
0x1984V0x261	0x198c
0x198dV0x261	0x1995
0x1991V0x261	0x1960
0x1998V0x261	0x20
0x199bV0x261	0x24
0x199fV0x261	0x19aa
0x19a2V0x261	0x40
0x19a5V0x261	0x44
0x19a6V0x261	0x1960
0x1973V0x198cV0x261	0x0
0x1963V0x198cV0x261	0x1
0x1965V0x198cV0x261	0x1
0x1967V0x198cV0x261	0xa0
0x1969V0x198cV0x261	0x10000000000000000000000000000000000000000
0x196aV0x198cV0x261	0xffffffffffffffffffffffffffffffffffffffff
0x196fV0x198cV0x261	0x9c90e
0x1973V0x1995V0x261	0x0
0x1963V0x1995V0x261	0x1
0x1965V0x1995V0x261	0x1
0x1967V0x1995V0x261	0xa0
0x1969V0x1995V0x261	0x10000000000000000000000000000000000000000
0x196aV0x1995V0x261	0xffffffffffffffffffffffffffffffffffffffff
0x196fV0x1995V0x261	0x9c90e
0x19c2V0x287	0x0
0x19b4V0x287	0x0
0x19b7V0x287	0x40
0x19beV0x287	0x19c6
0x19cbV0x287	0x9c932
0x19ceV0x287	0x20
0x19d1V0x287	0x24
0x19d2V0x287	0x1960
0x1973V0x19c6V0x287	0x0
0x1963V0x19c6V0x287	0x1
0x1965V0x19c6V0x287	0x1
0x1967V0x19c6V0x287	0xa0
0x1969V0x19c6V0x287	0x10000000000000000000000000000000000000000
0x196aV0x19c6V0x287	0xffffffffffffffffffffffffffffffffffffffff
0x196fV0x19c6V0x287	0x9c90e
0x1a4dV0x2af	0x0
0x1a3fV0x2af	0x0
0x1a42V0x2af	0x40
0x1a49V0x2af	0x1a51
0x1a52V0x2af	0x1a5a
0x1a56V0x2af	0x1960
0x1a5cV0x2af	0x20
0x1a61V0x2af	0x24
0x1973V0x1a51V0x2af	0x0
0x1963V0x1a51V0x2af	0x1
0x1965V0x1a51V0x2af	0x1
0x1967V0x1a51V0x2af	0xa0
0x1969V0x1a51V0x2af	0x10000000000000000000000000000000000000000
0x196aV0x1a51V0x2af	0xffffffffffffffffffffffffffffffffffffffff
0x196fV0x1a51V0x2af	0x9c90e
0x1acbV0x30a	0x0
0x1abeV0x30a	0x0
0x1ac0V0x30a	0x20
0x1ac7V0x30a	0x1acf
0x1ad0V0x30a	0x9c9ae
0x1ad4V0x30a	0x1960
0x1973V0x1acfV0x30a	0x0
0x1963V0x1acfV0x30a	0x1
0x1965V0x1acfV0x30a	0x1
0x1967V0x1acfV0x30a	0xa0
0x1969V0x1acfV0x30a	0x10000000000000000000000000000000000000000
0x196aV0x1acfV0x30a	0xffffffffffffffffffffffffffffffffffffffff
0x196fV0x1acfV0x30a	0x9c90e
0x1a4dV0x35e	0x0
0x1a3fV0x35e	0x0
0x1a42V0x35e	0x40
0x1a49V0x35e	0x1a51
0x1a52V0x35e	0x1a5a
0x1a56V0x35e	0x1960
0x1a5cV0x35e	0x20
0x1a61V0x35e	0x24
0x1973V0x1a51V0x35e	0x0
0x1963V0x1a51V0x35e	0x1
0x1965V0x1a51V0x35e	0x1
0x1967V0x1a51V0x35e	0xa0
0x1969V0x1a51V0x35e	0x10000000000000000000000000000000000000000
0x196aV0x1a51V0x35e	0xffffffffffffffffffffffffffffffffffffffff
0x196fV0x1a51V0x35e	0x9c90e
0x1acbV0x39c	0x0
0x1abeV0x39c	0x0
0x1ac0V0x39c	0x20
0x1ac7V0x39c	0x1acf
0x1ad0V0x39c	0x9c9ae
0x1ad4V0x39c	0x1960
0x1973V0x1acfV0x39c	0x0
0x1963V0x1acfV0x39c	0x1
0x1965V0x1acfV0x39c	0x1
0x1967V0x1acfV0x39c	0xa0
0x1969V0x1acfV0x39c	0x10000000000000000000000000000000000000000
0x196aV0x1acfV0x39c	0xffffffffffffffffffffffffffffffffffffffff
0x196fV0x1acfV0x39c	0x9c90e
0x19c2V0x3af	0x0
0x19b4V0x3af	0x0
0x19b7V0x3af	0x40
0x19beV0x3af	0x19c6
0x19cbV0x3af	0x9c932
0x19ceV0x3af	0x20
0x19d1V0x3af	0x24
0x19d2V0x3af	0x1960
0x1973V0x19c6V0x3af	0x0
0x1963V0x19c6V0x3af	0x1
0x1965V0x19c6V0x3af	0x1
0x1967V0x19c6V0x3af	0xa0
0x1969V0x19c6V0x3af	0x10000000000000000000000000000000000000000
0x196aV0x19c6V0x3af	0xffffffffffffffffffffffffffffffffffffffff
0x196fV0x19c6V0x3af	0x9c90e
0x1acbV0x3c2	0x0
0x1abeV0x3c2	0x0
0x1ac0V0x3c2	0x20
0x1ac7V0x3c2	0x1acf
0x1ad0V0x3c2	0x9c9ae
0x1ad4V0x3c2	0x1960
0x1973V0x1acfV0x3c2	0x0
0x1963V0x1acfV0x3c2	0x1
0x1965V0x1acfV0x3c2	0x1
0x1967V0x1acfV0x3c2	0xa0
0x1969V0x1acfV0x3c2	0x10000000000000000000000000000000000000000
0x196aV0x1acfV0x3c2	0xffffffffffffffffffffffffffffffffffffffff
0x196fV0x1acfV0x3c2	0x9c90e
0x19c2V0x3df	0x0
0x19b4V0x3df	0x0
0x19b7V0x3df	0x40
0x19beV0x3df	0x19c6
0x19cbV0x3df	0x9c932
0x19ceV0x3df	0x20
0x19d1V0x3df	0x24
0x19d2V0x3df	0x1960
0x1973V0x19c6V0x3df	0x0
0x1963V0x19c6V0x3df	0x1
0x1965V0x19c6V0x3df	0x1
0x1967V0x19c6V0x3df	0xa0
0x1969V0x19c6V0x3df	0x10000000000000000000000000000000000000000
0x196aV0x19c6V0x3df	0xffffffffffffffffffffffffffffffffffffffff
0x196fV0x19c6V0x3df	0x9c90e
0x1acbV0x419	0x0
0x1abeV0x419	0x0
0x1ac0V0x419	0x20
0x1ac7V0x419	0x1acf
0x1ad0V0x419	0x9c9ae
0x1ad4V0x419	0x1960
0x1973V0x1acfV0x419	0x0
0x1963V0x1acfV0x419	0x1
0x1965V0x1acfV0x419	0x1
0x1967V0x1acfV0x419	0xa0
0x1969V0x1acfV0x419	0x10000000000000000000000000000000000000000
0x196aV0x1acfV0x419	0xffffffffffffffffffffffffffffffffffffffff
0x196fV0x1acfV0x419	0x9c90e
0x1a4dV0x481	0x0
0x1a3fV0x481	0x0
0x1a42V0x481	0x40
0x1a49V0x481	0x1a51
0x1a52V0x481	0x1a5a
0x1a56V0x481	0x1960
0x1a5cV0x481	0x20
0x1a61V0x481	0x24
0x1973V0x1a51V0x481	0x0
0x1963V0x1a51V0x481	0x1
0x1965V0x1a51V0x481	0x1
0x1967V0x1a51V0x481	0xa0
0x1969V0x1a51V0x481	0x10000000000000000000000000000000000000000
0x196aV0x1a51V0x481	0xffffffffffffffffffffffffffffffffffffffff
0x196fV0x1a51V0x481	0x9c90e
0xe6fV0x494	0x20
0xe76V0x494	0x0
0xe79V0x494	0x20
0xe7bV0x494	0x0
0x12d88V0x494	0xe7f
0xe46V0x494	0x60
0xe48V0x494	0x6
0xe4dV0x494	0x20
0xe50V0x494	0x20
0xe53V0x494	0x40
0xe59V0x494	0x40
0xe63V0x494	0x20
0xe6bV0x494	0xe9d
0xe82V0x494	0x1
0xe84V0x494	0x1
0xe86V0x494	0xa0
0xe88V0x494	0x10000000000000000000000000000000000000000
0xe89V0x494	0xffffffffffffffffffffffffffffffffffffffff
0xe8dV0x494	0x1
0xe93V0x494	0x20
0xe99V0x494	0xe7f
0x1a4dV0x4a9	0x0
0x1a3fV0x4a9	0x0
0x1a42V0x4a9	0x40
0x1a49V0x4a9	0x1a51
0x1a52V0x4a9	0x1a5a
0x1a56V0x4a9	0x1960
0x1a5cV0x4a9	0x20
0x1a61V0x4a9	0x24
0x1973V0x1a51V0x4a9	0x0
0x1963V0x1a51V0x4a9	0x1
0x1965V0x1a51V0x4a9	0x1
0x1967V0x1a51V0x4a9	0xa0
0x1969V0x1a51V0x4a9	0x10000000000000000000000000000000000000000
0x196aV0x1a51V0x4a9	0xffffffffffffffffffffffffffffffffffffffff
0x196fV0x1a51V0x4a9	0x9c90e
0x1acbV0x4bc	0x0
0x1abeV0x4bc	0x0
0x1ac0V0x4bc	0x20
0x1ac7V0x4bc	0x1acf
0x1ad0V0x4bc	0x9c9ae
0x1ad4V0x4bc	0x1960
0x1973V0x1acfV0x4bc	0x0
0x1963V0x1acfV0x4bc	0x1
0x1965V0x1acfV0x4bc	0x1
0x1967V0x1acfV0x4bc	0xa0
0x1969V0x1acfV0x4bc	0x10000000000000000000000000000000000000000
0x196aV0x1acfV0x4bc	0xffffffffffffffffffffffffffffffffffffffff
0x196fV0x1acfV0x4bc	0x9c90e
0x19c2V0x4f2	0x0
0x19b4V0x4f2	0x0
0x19b7V0x4f2	0x40
0x19beV0x4f2	0x19c6
0x19cbV0x4f2	0x9c932
0x19ceV0x4f2	0x20
0x19d1V0x4f2	0x24
0x19d2V0x4f2	0x1960
0x1973V0x19c6V0x4f2	0x0
0x1963V0x19c6V0x4f2	0x1
0x1965V0x19c6V0x4f2	0x1
0x1967V0x19c6V0x4f2	0xa0
0x1969V0x19c6V0x4f2	0x10000000000000000000000000000000000000000
0x196aV0x19c6V0x4f2	0xffffffffffffffffffffffffffffffffffffffff
0x196fV0x19c6V0x4f2	0x9c90e
0x1b44V0x50e	0x0
0x1b37V0x50e	0x0
0x1b39V0x50e	0x20
0x1b40V0x50e	0x1b48
0x1b4bV0x50e	0x9c9d4
0x1b4fV0x50e	0x1b25
0x1b2fV0x1b48V0x50e	0x0
0x1b2bV0x1b48V0x50e	0x1b33
0x1acbV0x521	0x0
0x1abeV0x521	0x0
0x1ac0V0x521	0x20
0x1ac7V0x521	0x1acf
0x1ad0V0x521	0x9c9ae
0x1ad4V0x521	0x1960
0x1973V0x1acfV0x521	0x0
0x1963V0x1acfV0x521	0x1
0x1965V0x1acfV0x521	0x1
0x1967V0x1acfV0x521	0xa0
0x1969V0x1acfV0x521	0x10000000000000000000000000000000000000000
0x196aV0x1acfV0x521	0xffffffffffffffffffffffffffffffffffffffff
0x196fV0x1acfV0x521	0x9c90e
0x1b62V0x54c	0x0
0x1b54V0x54c	0x0
0x1b57V0x54c	0x40
0x1b5eV0x54c	0x1b66
0x1b67V0x54c	0x1b6f
0x1b6bV0x54c	0x1960
0x1b72V0x54c	0x9c9fa
0x1b75V0x54c	0x20
0x1b78V0x54c	0x24
0x1b79V0x54c	0x1960
0x1973V0x1b66V0x54c	0x0
0x1963V0x1b66V0x54c	0x1
0x1965V0x1b66V0x54c	0x1
0x1967V0x1b66V0x54c	0xa0
0x1969V0x1b66V0x54c	0x10000000000000000000000000000000000000000
0x196aV0x1b66V0x54c	0xffffffffffffffffffffffffffffffffffffffff
0x196fV0x1b66V0x54c	0x9c90e
0x1973V0x1b6fV0x54c	0x0
0x1963V0x1b6fV0x54c	0x1
0x1965V0x1b6fV0x54c	0x1
0x1967V0x1b6fV0x54c	0xa0
0x1969V0x1b6fV0x54c	0x10000000000000000000000000000000000000000
0x196aV0x1b6fV0x54c	0xffffffffffffffffffffffffffffffffffffffff
0x196fV0x1b6fV0x54c	0x9c90e
0x1acbV0x59d	0x0
0x1abeV0x59d	0x0
0x1ac0V0x59d	0x20
0x1ac7V0x59d	0x1acf
0x1ad0V0x59d	0x9c9ae
0x1ad4V0x59d	0x1960
0x1973V0x1acfV0x59d	0x0
0x1963V0x1acfV0x59d	0x1
0x1965V0x1acfV0x59d	0x1
0x1967V0x1acfV0x59d	0xa0
0x1969V0x1acfV0x59d	0x10000000000000000000000000000000000000000
0x196aV0x1acfV0x59d	0xffffffffffffffffffffffffffffffffffffffff
0x196fV0x1acfV0x59d	0x9c90e
0x5c6V0x26f	0x40
0x5c9V0x26f	0x461bcd
0x5cdV0x26f	0xe5
0x5cfV0x26f	0x8c379a000000000000000000000000000000000000000000000000000000000
0x5d2V0x26f	0x4
0x5d5V0x26f	0x9c38f
0x5d9V0x26f	0x1ba2
0x5b1V0x26f	0x7
0x5b4V0x26f	0x0
0x5b7V0x26f	0x1
0x5b9V0x26f	0x1
0x5bbV0x26f	0xa0
0x5bdV0x26f	0x10000000000000000000000000000000000000000
0x5beV0x26f	0xffffffffffffffffffffffffffffffffffffffff
0x5c2V0x26f	0x5e6
0x5e7V0x26f	0x9c3b7
0x5edV0x26f	0x13bb
0x9c390V0x26f	0x40
0x9c395V0x26f	0x64
0x1ba3V0x5c6V0x26f	0x20
0x1ba8V0x5c6V0x26f	0x19
0x1baeV0x5c6V0x26f	0x416e7973776170563645524332303a20464f5242494444454e00000000000000
0x1bcfV0x5c6V0x26f	0x40
0x1bd4V0x5c6V0x26f	0x60
0xb1aV0x3aa	0x40
0xb1dV0x3aa	0x461bcd
0xb21V0x3aa	0xe5
0xb23V0x3aa	0x8c379a000000000000000000000000000000000000000000000000000000000
0xb26V0x3aa	0x4
0xb29V0x3aa	0x9c58a
0xb2dV0x3aa	0x1ba2
0xb40V0x3aa	0x40
0xb43V0x3aa	0x461bcd
0xb47V0x3aa	0xe5
0xb49V0x3aa	0x8c379a000000000000000000000000000000000000000000000000000000000
0xb4cV0x3aa	0x4
0xb4fV0x3aa	0x9c5b2
0xb53V0x3aa	0x1ca7
0xb05V0x3aa	0x7
0xb08V0x3aa	0x0
0xb0bV0x3aa	0x1
0xb0dV0x3aa	0x1
0xb0fV0x3aa	0xa0
0xb11V0x3aa	0x10000000000000000000000000000000000000000
0xb12V0x3aa	0xffffffffffffffffffffffffffffffffffffffff
0xb16V0x3aa	0xb31
0xb32V0x3aa	0x1
0xb34V0x3aa	0x1
0xb36V0x3aa	0xa0
0xb38V0x3aa	0x10000000000000000000000000000000000000000
0xb39V0x3aa	0xffffffffffffffffffffffffffffffffffffffff
0xb3cV0x3aa	0xb57
0x9c58bV0x3aa	0x40
0x9c590V0x3aa	0x64
0xb58V0x3aa	0x7
0xb5bV0x3aa	0x40
0xb60V0x3aa	0x1
0xb62V0x3aa	0x1
0xb64V0x3aa	0xa0
0xb66V0x3aa	0x10000000000000000000000000000000000000000
0xb67V0x3aa	0xffffffffffffffffffffffffffffffffffffffff
0xb6fV0x3aa	0x5c364079e7102c27c608f9b237c735a1b7bfa0b67f27c2ad26bad447bf965cac
0xb91V0x3aa	0x0
0xb96V0x3aa	0x7
0xb9aV0x3aa	0x1
0xb9cV0x3aa	0x1
0xb9eV0x3aa	0xa0
0xba0V0x3aa	0x10000000000000000000000000000000000000000
0xba1V0x3aa	0xffffffffffffffffffffffffffffffffffffffff
0xba4V0x3aa	0x1
0xba6V0x3aa	0x1
0xba8V0x3aa	0xa0
0xbaaV0x3aa	0x10000000000000000000000000000000000000000
0xbabV0x3aa	0xffffffffffffffffffffffffffffffffffffffff
0xbacV0x3aa	0xffffffffffffffffffffffff0000000000000000000000000000000000000000
0xbb4V0x3aa	0xa
0xbbdV0x3aa	0x0
0xbbfV0x3aa	0xb
0xbc2V0x3aa	0x1
0x11988V0x3aa	0xb31cd
0x9c5b3V0x3aa	0x40
0x9c5b8V0x3aa	0x64
0x1ba3V0xb1aV0x3aa	0x20
0x1ba8V0xb1aV0x3aa	0x19
0x1baeV0xb1aV0x3aa	0x416e7973776170563645524332303a20464f5242494444454e00000000000000
0x1bcfV0xb1aV0x3aa	0x40
0x1bd4V0xb1aV0x3aa	0x60
0x1ca8V0xb40V0x3aa	0x20
0x1cadV0xb40V0x3aa	0x1a
0x1cb3V0xb40V0x3aa	0x416e7973776170563645524332303a2061646472657373283029000000000000
0x1cd4V0xb40V0x3aa	0x40
0x1cd9V0xb40V0x3aa	0x60
0xecfV0x4b7	0x0
0xeecV0x4b7	0x40
0xeefV0x4b7	0x461bcd
0xef3V0x4b7	0xe5
0xef5V0x4b7	0x8c379a000000000000000000000000000000000000000000000000000000000
0xef8V0x4b7	0x4
0xefbV0x4b7	0x9c713
0xeffV0x4b7	0x1c40
0xea8V0x4b7	0x0
0xeaaV0x4b7	0x1
0xeacV0x4b7	0x1
0xeaeV0x4b7	0xa0
0xeb0V0x4b7	0x10000000000000000000000000000000000000000
0xeb1V0x4b7	0xffffffffffffffffffffffffffffffffffffffff
0xeb8V0x4b7	0xeca
0xecbV0x4b7	0xed3
0xed5V0x4b7	0x0
0xedaV0x4b7	0x2
0xedcV0x4b7	0x20
0xedfV0x4b7	0x40
0xee8V0x4b7	0xf03
0xf04V0x4b7	0xf0d
0xf09V0x4b7	0x1c29
0x9c714V0x4b7	0x40
0x9c719V0x4b7	0x84
0xf0fV0x4b7	0x0
0xf14V0x4b7	0x2
0xf16V0x4b7	0x20
0xf19V0x4b7	0x40
0xf22V0x4b7	0x1
0xf24V0x4b7	0x1
0xf26V0x4b7	0xa0
0xf28V0x4b7	0x10000000000000000000000000000000000000000
0xf29V0x4b7	0xffffffffffffffffffffffffffffffffffffffff
0xf36V0x4b7	0xf40
0xf3cV0x4b7	0x1c8f
0xf46V0x4b7	0x40
0xf4cV0x4b7	0x1
0xf4eV0x4b7	0x1
0xf50V0x4b7	0xa0
0xf52V0x4b7	0x10000000000000000000000000000000000000000
0xf53V0x4b7	0xffffffffffffffffffffffffffffffffffffffff
0xf59V0x4b7	0x0
0xf5dV0x4b7	0x20
0xf5fV0x4b7	0x1d31
0xf69V0x4b7	0x20
0x14188V0x4b7	0xf6c
0x19d7deV0x4b7	0xddf252ad1be2c89b69c2b068fc378daa952ba7f163c4a11628f55a4df523b3ef
0xebdV0x4b7	0x1
0xebfV0x4b7	0x1
0xec1V0x4b7	0xa0
0xec3V0x4b7	0x10000000000000000000000000000000000000000
0xec4V0x4b7	0xffffffffffffffffffffffffffffffffffffffff
0x13788V0x4b7	0xeca
0xea70xf76V0x4b7	0x1
0xea70xf72V0x4b7	0x20
0xea70xf6dV0x4b7	0x40
0x1c41V0xeecV0x4b7	0x20
0x1c46V0xeecV0x4b7	0x2f
0x1c4cV0xeecV0x4b7	0x416e7973776170563645524332303a207472616e7366657220616d6f756e7420
0x1c6dV0xeecV0x4b7	0x40
0x1c72V0xeecV0x4b7	0x657863656564732062616c616e6365
0x1c82V0xeecV0x4b7	0x88
0x1c84V0xeecV0x4b7	0x657863656564732062616c616e63650000000000000000000000000000000000
0x1c85V0xeecV0x4b7	0x60
0x1c8aV0xeecV0x4b7	0x80
0xfd5V0x500	0x40
0xfd8V0x500	0x461bcd
0xfdcV0x500	0xe5
0xfdeV0x500	0x8c379a000000000000000000000000000000000000000000000000000000000
0xfe1V0x500	0x4
0xfe4V0x500	0x9c760
0xfe8V0x500	0x1ba2
0xfc0V0x500	0x7
0xfc3V0x500	0x0
0xfc6V0x500	0x1
0xfc8V0x500	0x1
0xfcaV0x500	0xa0
0xfccV0x500	0x10000000000000000000000000000000000000000
0xfcdV0x500	0xffffffffffffffffffffffffffffffffffffffff
0xfd1V0x500	0xdcb
0x9c761V0x500	0x40
0x9c766V0x500	0x64
0xfbf0xdccV0x500	0x9c652
0xfbf0xdd1V0x500	0x16f0
0x1ba3V0xfd5V0x500	0x20
0x1ba8V0xfd5V0x500	0x19
0x1baeV0xfd5V0x500	0x416e7973776170563645524332303a20464f5242494444454e00000000000000
0x1bcfV0xfd5V0x500	0x40
0x1bd4V0xfd5V0x500	0x60
0x60d0x664V0x29a	0x9c476
0x60d0x660V0x29a	0x20
0x60d0x655V0x29a	0x100
0x60eV0x29a	0x0
0x612V0x29a	0x9c404
0x616V0x29a	0x1bd9
0x9c406V0x29a	0x1f
0x9c409V0x29a	0x20
0x9c40fV0x29a	0x20
0x9c412V0x29a	0x40
0x9c418V0x29a	0x40
0x9c422V0x29a	0x20
0x9c428V0x29a	0x646
0x9c42cV0x29a	0x1bd9
0x60d0xe788V0x29a	0xb31a6
0x60d0x68dV0x29a	0x1f
0x60d0xdd88V0x29a	0x676
0x60d0x672V0x29a	0x0
0x60d0x670V0x29a	0x20
0x60d0x66dV0x29a	0x0
0x60d0x686V0x29a	0x676
0x60d0x680V0x29a	0x20
0x60d0x67cV0x29a	0x1
0x60d0x651V0x29a	0x668
0x60d0x64eV0x29a	0x1f
0x60d0x649V0x29a	0x9c44f
0xdff0x664V0x479	0x9c476
0xdff0x660V0x479	0x20
0xdff0x655V0x479	0x100
0xe00V0x479	0x1
0xe04V0x479	0x9c678
0xe08V0x479	0x1bd9
0x9c67aV0x479	0x1f
0x9c67dV0x479	0x20
0x9c683V0x479	0x20
0x9c686V0x479	0x40
0x9c68cV0x479	0x40
0x9c696V0x479	0x20
0x9c69cV0x479	0x646
0x9c6a0V0x479	0x1bd9
0xdff0xe788V0x479	0xb31a6
0xdff0x68dV0x479	0x1f
0xdff0xdd88V0x479	0x676
0xdff0x672V0x479	0x0
0xdff0x670V0x479	0x20
0xdff0x66dV0x479	0x0
0xdff0x686V0x479	0x676
0xdff0x680V0x479	0x20
0xdff0x67cV0x479	0x1
0xdff0x651V0x479	0x668
0xdff0x64eV0x479	0x1f
0xdff0x649V0x479	0x9c44f
0x17b9V0x153a	0x40
0x17bcV0x153a	0x461bcd
0x17c0V0x153a	0xe5
0x17c2V0x153a	0x8c379a000000000000000000000000000000000000000000000000000000000
0x17c5V0x153a	0x20
0x17c7V0x153a	0x4
0x17ccV0x153a	0x1f
0x17ceV0x153a	0x24
0x17d3V0x153a	0x5361666545524332303a2063616c6c20746f206e6f6e2d636f6e747261637400
0x17f4V0x153a	0x44
0x17f9V0x153a	0x64
0x17fcV0x153a	0x3bf2
0x1837V0x153a	0x40
0x183cV0x153a	0x1f
0x183eV0x153a	0xffffffffffffffffffffffffffffffffffffffffffffffffffffffffffffffe0
0x183fV0x153a	0x3f
0x1846V0x153a	0x40
0x184dV0x153a	0x0
0x184fV0x153a	0x20
0x1854V0x153a	0x185d
0x1868V0x153a	0x40
0x186bV0x153a	0x461bcd
0x186fV0x153a	0xe5
0x1871V0x153a	0x8c379a000000000000000000000000000000000000000000000000000000000
0x1874V0x153a	0x20
0x1876V0x153a	0x4
0x187dV0x153a	0x24
0x1882V0x153a	0x5361666545524332303a206c6f772d6c6576656c2063616c6c206661696c6564
0x18a3V0x153a	0x44
0x18a8V0x153a	0x64
0x18abV0x153a	0x3c1a
0x18cfV0x153a	0x40
0x18d2V0x153a	0x461bcd
0x18d6V0x153a	0xe5
0x18d8V0x153a	0x8c379a000000000000000000000000000000000000000000000000000000000
0x18dbV0x153a	0x20
0x18ddV0x153a	0x4
0x18e2V0x153a	0x2a
0x18e4V0x153a	0x24
0x18e9V0x153a	0x5361666545524332303a204552433230206f7065726174696f6e20646964206e
0x190aV0x153a	0x44
0x190fV0x153a	0x1bdd081cdd58d8d95959
0x191aV0x153a	0xb2
0x191cV0x153a	0x6f74207375636365656400000000000000000000000000000000000000000000
0x191dV0x153a	0x64
0x1922V0x153a	0x84
0x1925V0x153a	0x3c42
0x17a3V0x153a	0x17b4
0x17a7V0x153a	0x1
0x17a9V0x153a	0x1
0x17abV0x153a	0xa0
0x17adV0x153a	0x10000000000000000000000000000000000000000
0x17aeV0x153a	0xffffffffffffffffffffffffffffffffffffffff
0x17b0V0x153a	0x1929
0x156fV0x153a	0x40
0x1573V0x153a	0x1f
0x1575V0x153a	0xffffffffffffffffffffffffffffffffffffffffffffffffffffffffffffffe0
0x1578V0x153a	0x84
0x1579V0x153a	0x64
0x157fV0x153a	0x20
0x1585V0x153a	0x1
0x1587V0x153a	0x1
0x1589V0x153a	0xe0
0x158bV0x153a	0x100000000000000000000000000000000000000000000000000000000
0x158cV0x153a	0xffffffffffffffffffffffffffffffffffffffffffffffffffffffff
0x158eV0x153a	0x1
0x1590V0x153a	0x1
0x1592V0x153a	0xe0
0x1594V0x153a	0x100000000000000000000000000000000000000000000000000000000
0x1595V0x153a	0xffffffffffffffffffffffffffffffffffffffffffffffffffffffff
0x1596V0x153a	0xffffffff00000000000000000000000000000000000000000000000000000000
0x1599V0x153a	0x23b872dd00000000000000000000000000000000000000000000000000000000
0x15a1V0x153a	0x17a2
0x17b5V0x153a	0x1800
0x1801V0x153a	0x0
0x1805V0x153a	0x1
0x1807V0x153a	0x1
0x1809V0x153a	0xa0
0x180bV0x153a	0x10000000000000000000000000000000000000000
0x180cV0x153a	0xffffffffffffffffffffffffffffffffffffffff
0x180fV0x153a	0x40
0x1812V0x153a	0x181b
0x1817V0x153a	0x1cf7
0x3bf3V0x153a	0x40
0x3bf8V0x153a	0x64
0x181cV0x153a	0x0
0x181eV0x153a	0x40
0x1823V0x153a	0x64
0x1825V0x153a	0x0
0x182fV0x153a	0x0
0x1833V0x153a	0x1858
0x1cf8V0x153a	0x0
0x1cfbV0x153a	0x64
0x1cfcV0x153a	0x1d09
0x1d01V0x153a	0x20
0x1d05V0x153a	0x19df
0x1859V0x153a	0x60
0x17d88V0x153a	0x185d
0x1864V0x153a	0x18af
0x18b3V0x153a	0x9c89d
0x3c1bV0x153a	0x40
0x3c20V0x153a	0x64
0x18cbV0x153a	0x9c8c2
0x3c43V0x153a	0x40
0x3c48V0x153a	0x84
0x18b9V0x153a	0x20
0x18c1V0x153a	0x18ca
0x18c6V0x153a	0x1d13
0x19ffV0x1cf7V0x153a	0x9c95a
0x19e7V0x1cf7V0x153a	0x19fa
0x19e0V0x1cf7V0x153a	0x0
0x18788V0x1cf7V0x153a	0x19e2
0x19f3V0x1cf7V0x153a	0x20
0x19f6V0x1cf7V0x153a	0x19e2
0x1a05V0x1cf7V0x153a	0x0
0x1d21V0x18b7V0x153a	0x0
0x1d14V0x18b7V0x153a	0x0
0x1d16V0x18b7V0x153a	0x20
0x1d1dV0x18b7V0x153a	0x1d25
0x1d28V0x18b7V0x153a	0x9ca51
0x1d2cV0x18b7V0x153a	0x1b25
0x1b2fV0x1d25V0x18b7V0x153a	0x0
0x1b2bV0x1d25V0x18b7V0x153a	0x1b33
0x192aV0x17a2V0x153a	0x0
0x192eV0x17a2V0x153a	0xc5d2460186f7233c927e7db2dcc703c0e500b653ca82273b7bfad8045d85a470
0x1954V0x17a2V0x153a	0x9c8e7
0x17b9V0x176d	0x40
0x17bcV0x176d	0x461bcd
0x17c0V0x176d	0xe5
0x17c2V0x176d	0x8c379a000000000000000000000000000000000000000000000000000000000
0x17c5V0x176d	0x20
0x17c7V0x176d	0x4
0x17ccV0x176d	0x1f
0x17ceV0x176d	0x24
0x17d3V0x176d	0x5361666545524332303a2063616c6c20746f206e6f6e2d636f6e747261637400
0x17f4V0x176d	0x44
0x17f9V0x176d	0x64
0x17fcV0x176d	0x3bf2
0x1837V0x176d	0x40
0x183cV0x176d	0x1f
0x183eV0x176d	0xffffffffffffffffffffffffffffffffffffffffffffffffffffffffffffffe0
0x183fV0x176d	0x3f
0x1846V0x176d	0x40
0x184dV0x176d	0x0
0x184fV0x176d	0x20
0x1854V0x176d	0x185d
0x1868V0x176d	0x40
0x186bV0x176d	0x461bcd
0x186fV0x176d	0xe5
0x1871V0x176d	0x8c379a000000000000000000000000000000000000000000000000000000000
0x1874V0x176d	0x20
0x1876V0x176d	0x4
0x187dV0x176d	0x24
0x1882V0x176d	0x5361666545524332303a206c6f772d6c6576656c2063616c6c206661696c6564
0x18a3V0x176d	0x44
0x18a8V0x176d	0x64
0x18abV0x176d	0x3c1a
0x18cfV0x176d	0x40
0x18d2V0x176d	0x461bcd
0x18d6V0x176d	0xe5
0x18d8V0x176d	0x8c379a000000000000000000000000000000000000000000000000000000000
0x18dbV0x176d	0x20
0x18ddV0x176d	0x4
0x18e2V0x176d	0x2a
0x18e4V0x176d	0x24
0x18e9V0x176d	0x5361666545524332303a204552433230206f7065726174696f6e20646964206e
0x190aV0x176d	0x44
0x190fV0x176d	0x1bdd081cdd58d8d95959
0x191aV0x176d	0xb2
0x191cV0x176d	0x6f74207375636365656400000000000000000000000000000000000000000000
0x191dV0x176d	0x64
0x1922V0x176d	0x84
0x1925V0x176d	0x3c42
0x17a3V0x176d	0x17b4
0x17a7V0x176d	0x1
0x17a9V0x176d	0x1
0x17abV0x176d	0xa0
0x17adV0x176d	0x10000000000000000000000000000000000000000
0x17aeV0x176d	0xffffffffffffffffffffffffffffffffffffffff
0x17b0V0x176d	0x1929
0x156fV0x176d	0x40
0x1573V0x176d	0x1f
0x1575V0x176d	0xffffffffffffffffffffffffffffffffffffffffffffffffffffffffffffffe0
0x1578V0x176d	0x64
0x1579V0x176d	0x44
0x157fV0x176d	0x20
0x1585V0x176d	0x1
0x1587V0x176d	0x1
0x1589V0x176d	0xe0
0x158bV0x176d	0x100000000000000000000000000000000000000000000000000000000
0x158cV0x176d	0xffffffffffffffffffffffffffffffffffffffffffffffffffffffff
0x158eV0x176d	0x1
0x1590V0x176d	0x1
0x1592V0x176d	0xe0
0x1594V0x176d	0x100000000000000000000000000000000000000000000000000000000
0x1595V0x176d	0xffffffffffffffffffffffffffffffffffffffffffffffffffffffff
0x1596V0x176d	0xffffffff00000000000000000000000000000000000000000000000000000000
0x1599V0x176d	0xa9059cbb00000000000000000000000000000000000000000000000000000000
0x15a1V0x176d	0x17a2
0x17b5V0x176d	0x1800
0x1801V0x176d	0x0
0x1805V0x176d	0x1
0x1807V0x176d	0x1
0x1809V0x176d	0xa0
0x180bV0x176d	0x10000000000000000000000000000000000000000
0x180cV0x176d	0xffffffffffffffffffffffffffffffffffffffff
0x180fV0x176d	0x40
0x1812V0x176d	0x181b
0x1817V0x176d	0x1cf7
0x3bf3V0x176d	0x40
0x3bf8V0x176d	0x64
0x181cV0x176d	0x0
0x181eV0x176d	0x40
0x1823V0x176d	0x44
0x1825V0x176d	0x0
0x182fV0x176d	0x0
0x1833V0x176d	0x1858
0x1cf8V0x176d	0x0
0x1cfbV0x176d	0x44
0x1cfcV0x176d	0x1d09
0x1d01V0x176d	0x20
0x1d05V0x176d	0x19df
0x1859V0x176d	0x60
0x17d88V0x176d	0x185d
0x1864V0x176d	0x18af
0x18b3V0x176d	0x9c89d
0x3c1bV0x176d	0x40
0x3c20V0x176d	0x64
0x18cbV0x176d	0x9c8c2
0x3c43V0x176d	0x40
0x3c48V0x176d	0x84
0x18b9V0x176d	0x20
0x18c1V0x176d	0x18ca
0x18c6V0x176d	0x1d13
0x19ffV0x1cf7V0x176d	0x9c95a
0x19e7V0x1cf7V0x176d	0x19fa
0x19e0V0x1cf7V0x176d	0x0
0x18788V0x1cf7V0x176d	0x19e2
0x19f3V0x1cf7V0x176d	0x20
0x19f6V0x1cf7V0x176d	0x19e2
0x1a05V0x1cf7V0x176d	0x0
0x1d21V0x18b7V0x176d	0x0
0x1d14V0x18b7V0x176d	0x0
0x1d16V0x18b7V0x176d	0x20
0x1d1dV0x18b7V0x176d	0x1d25
0x1d28V0x18b7V0x176d	0x9ca51
0x1d2cV0x18b7V0x176d	0x1b25
0x1b2fV0x1d25V0x18b7V0x176d	0x0
0x1b2bV0x1d25V0x18b7V0x176d	0x1b33
0x192aV0x17a2V0x176d	0x0
0x192eV0x17a2V0x176d	0xc5d2460186f7233c927e7db2dcc703c0e500b653ca82273b7bfad8045d85a470
0x1954V0x17a2V0x176d	0x9c8e7
0xbddV0x3bd	0x40
0xbe0V0x3bd	0x461bcd
0xbe4V0x3bd	0xe5
0xbe6V0x3bd	0x8c379a000000000000000000000000000000000000000000000000000000000
0xbe9V0x3bd	0x20
0xbebV0x3bd	0x4
0xbf0V0x3bd	0x19
0xbf2V0x3bd	0x24
0xbf7V0x3bd	0x416e7973776170563645524332303a207661756c744f6e6c7900000000000000
0xc18V0x3bd	0x44
0xc1dV0x3bd	0x64
0xc20V0x3bd	0x3b52
0xc33V0x3bd	0x40
0xc36V0x3bd	0x461bcd
0xc3aV0x3bd	0xe5
0xc3cV0x3bd	0x8c379a000000000000000000000000000000000000000000000000000000000
0xc3fV0x3bd	0x4
0xc42V0x3bd	0x9c5da
0xc46V0x3bd	0x1ca7
0xc96V0x3bd	0xcca
0xc99V0x3bd	0x1
0xc9bV0x3bd	0x1
0xc9dV0x3bd	0xa0
0xc9fV0x3bd	0x10000000000000000000000000000000000000000
0xca0V0x3bd	0xffffffffffffffffffffffffffffffffffffffff
0xca1V0x3bd	0xc02aaa39b223fe8d0a0e5c4f27ead9083c756cc2
0xcc2V0x3bd	0xc02aaa39b223fe8d0a0e5c4f27ead9083c756cc2
0xcc6V0x3bd	0x153a
0xbcaV0x3bd	0x4
0xbcdV0x3bd	0x0
0xbd0V0x3bd	0x100
0xbd5V0x3bd	0xff
0xbd9V0x3bd	0xc24
0xc25V0x3bd	0x1
0xc27V0x3bd	0x1
0xc29V0x3bd	0xa0
0xc2bV0x3bd	0x10000000000000000000000000000000000000000
0xc2cV0x3bd	0xffffffffffffffffffffffffffffffffffffffff
0xc2fV0x3bd	0xc4a
0x3b53V0x3bd	0x40
0x3b58V0x3bd	0x64
0xc4bV0x3bd	0xc02aaa39b223fe8d0a0e5c4f27ead9083c756cc2
0xc6cV0x3bd	0x1
0xc6eV0x3bd	0x1
0xc70V0x3bd	0xa0
0xc72V0x3bd	0x10000000000000000000000000000000000000000
0xc73V0x3bd	0xffffffffffffffffffffffffffffffffffffffff
0xc74V0x3bd	0xc02aaa39b223fe8d0a0e5c4f27ead9083c756cc2
0xc75V0x3bd	0x0
0xc77V0x3bd	0x1
0xc79V0x3bd	0xc90
0x9c5dbV0x3bd	0x40
0x9c5e0V0x3bd	0x64
0xc92V0x3bd	0xccf
0xcd0V0x3bd	0xcd9
0xcd5V0x3bd	0x15ab
0xccbV0x3bd	0xcd9
0xcdaV0x3bd	0x40
0xce0V0x3bd	0x1
0xce2V0x3bd	0x1
0xce4V0x3bd	0xa0
0xce6V0x3bd	0x10000000000000000000000000000000000000000
0xce7V0x3bd	0xffffffffffffffffffffffffffffffffffffffff
0xcedV0x3bd	0x6b616089d04950dc06c45c6dd787d657980543f89651aec47924752c7d16c888
0xd0fV0x3bd	0x20
0xd12V0x3bd	0x6f6
0xc7fV0x3bd	0x0
0xc84V0x3bd	0x2
0xc86V0x3bd	0x20
0xc89V0x3bd	0x40
0x12388V0x3bd	0xc90
0xbc90x700V0x3bd	0x1
0xbc90x6fcV0x3bd	0x20
0xbc90x6f7V0x3bd	0x40
0x1ca8V0xc33V0x3bd	0x20
0x1cadV0xc33V0x3bd	0x1a
0x1cb3V0xc33V0x3bd	0x416e7973776170563645524332303a2061646472657373283029000000000000
0x1cd4V0xc33V0x3bd	0x40
0x1cd9V0xc33V0x3bd	0x60
0xd95V0x3ed	0x0
0xd97V0x3ed	0xdcb
0xd9aV0x3ed	0x1
0xd9cV0x3ed	0x1
0xd9eV0x3ed	0xa0
0xda0V0x3ed	0x10000000000000000000000000000000000000000
0xda1V0x3ed	0xffffffffffffffffffffffffffffffffffffffff
0xda2V0x3ed	0xc02aaa39b223fe8d0a0e5c4f27ead9083c756cc2
0xdc3V0x3ed	0xc02aaa39b223fe8d0a0e5c4f27ead9083c756cc2
0xdc7V0x3ed	0x153a
0xd940xdccV0x3ed	0x9c652
0xd940xdd1V0x3ed	0x16f0
0xf7fV0x4ed	0x0
0xf81V0x4ed	0xfb5
0xf84V0x4ed	0x1
0xf86V0x4ed	0x1
0xf88V0x4ed	0xa0
0xf8aV0x4ed	0x10000000000000000000000000000000000000000
0xf8bV0x4ed	0xffffffffffffffffffffffffffffffffffffffff
0xf8cV0x4ed	0xc02aaa39b223fe8d0a0e5c4f27ead9083c756cc2
0xfadV0x4ed	0xc02aaa39b223fe8d0a0e5c4f27ead9083c756cc2
0xfb1V0x4ed	0x153a
0xfb6V0x4ed	0x9c73b
0xfbbV0x4ed	0x16f0
0x11e2V0x585	0x40
0x11e5V0x585	0x461bcd
0x11e9V0x585	0xe5
0x11ebV0x585	0x8c379a000000000000000000000000000000000000000000000000000000000
0x11eeV0x585	0x4
0x11f1V0x585	0x9c800
0x11f5V0x585	0x1ba2
0x128aV0x585	0x0
0x128fV0x585	0x0
0x12bfV0x585	0x12f2
0x12c2V0x585	0x1
0x12c4V0x585	0x1
0x12c6V0x585	0xa0
0x12c8V0x585	0x10000000000000000000000000000000000000000
0x12c9V0x585	0xffffffffffffffffffffffffffffffffffffffff
0x12caV0x585	0xc02aaa39b223fe8d0a0e5c4f27ead9083c756cc2
0x12ebV0x585	0xc02aaa39b223fe8d0a0e5c4f27ead9083c756cc2
0x12eeV0x585	0x176d
0x11ccV0x585	0x0
0x11d1V0x585	0x5
0x11d3V0x585	0x20
0x11d6V0x585	0x40
0x11dbV0x585	0xff
0x11deV0x585	0x11f9
0x11faV0x585	0xc02aaa39b223fe8d0a0e5c4f27ead9083c756cc2
0x121bV0x585	0x1
0x121dV0x585	0x1
0x121fV0x585	0xa0
0x1221V0x585	0x10000000000000000000000000000000000000000
0x1222V0x585	0xffffffffffffffffffffffffffffffffffffffff
0x1223V0x585	0xc02aaa39b223fe8d0a0e5c4f27ead9083c756cc2
0x1224V0x585	0x0
0x1226V0x585	0x1
0x1228V0x585	0x12b9
0x9c801V0x585	0x40
0x9c806V0x585	0x64
0x12bbV0x585	0x12f7
0x1297V0x585	0x40
0x129bV0x585	0x1f
0x129dV0x585	0xffffffffffffffffffffffffffffffffffffffffffffffffffffffffffffffe0
0x129eV0x585	0x1f
0x12a6V0x585	0x40
0x12adV0x585	0x12b6
0x12b2V0x585	0x1cde
0x15588V0x585	0x12b9
0x12f8V0x585	0x1301
0x12fdV0x585	0x146d
0x12f3V0x585	0x1301
0x1303V0x585	0x1
0x1305V0x585	0x1
0x1307V0x585	0xa0
0x1309V0x585	0x10000000000000000000000000000000000000000
0x130aV0x585	0xffffffffffffffffffffffffffffffffffffffff
0x130dV0x585	0x5d0634fe981be85c22e2942a880821b70095d84e152c3ea3c17a4e4250d9d61
0x132fV0x585	0x40
0x1332V0x585	0xf6c
0x1338V0x585	0x20
0x122dV0x585	0x40
0x1230V0x585	0x70a08231
0x1235V0x585	0xe0
0x1237V0x585	0x70a0823100000000000000000000000000000000000000000000000000000000
0x123bV0x585	0x4
0x1242V0x585	0xc02aaa39b223fe8d0a0e5c4f27ead9083c756cc2
0x1263V0x585	0x1
0x1265V0x585	0x1
0x1267V0x585	0xa0
0x1269V0x585	0x10000000000000000000000000000000000000000
0x126aV0x585	0xffffffffffffffffffffffffffffffffffffffff
0x126bV0x585	0xc02aaa39b223fe8d0a0e5c4f27ead9083c756cc2
0x126dV0x585	0x70a08231
0x1273V0x585	0x24
0x1276V0x585	0x20
0x1278V0x585	0x40
0x127dV0x585	0x24
0x1285V0x585	0x1292
0x11ca0xf76V0x585	0x1
0x11ca0xf72V0x585	0x20
0x11ca0xf6dV0x585	0x40
0x1ba3V0x11e2V0x585	0x20
0x1ba8V0x11e2V0x585	0x19
0x1baeV0x11e2V0x585	0x416e7973776170563645524332303a20464f5242494444454e00000000000000
0x1bcfV0x11e2V0x585	0x40
0x1bd4V0x11e2V0x585	0x60
0x1cecV0x1292V0x585	0x0
0x1cdfV0x1292V0x585	0x0
0x1ce1V0x1292V0x585	0x20
0x1ce8V0x1292V0x585	0x1cf0
0x10dcV0x534	0x0
0x10e1V0x534	0x0
0x107cV0x534	0x40
0x107fV0x534	0x70a08231
0x1084V0x534	0xe0
0x1086V0x534	0x70a0823100000000000000000000000000000000000000000000000000000000
0x108aV0x534	0x4
0x108fV0x534	0x0
0x1094V0x534	0x1
0x1096V0x534	0x1
0x1098V0x534	0xa0
0x109aV0x534	0x10000000000000000000000000000000000000000
0x109bV0x534	0xffffffffffffffffffffffffffffffffffffffff
0x109cV0x534	0xc02aaa39b223fe8d0a0e5c4f27ead9083c756cc2
0x10bdV0x534	0xc02aaa39b223fe8d0a0e5c4f27ead9083c756cc2
0x10bfV0x534	0x70a08231
0x10c5V0x534	0x24
0x10c8V0x534	0x20
0x10caV0x534	0x40
0x10cfV0x534	0x24
0x10d7V0x534	0x10e4
0x10e9V0x534	0x40
0x10edV0x534	0x1f
0x10efV0x534	0xffffffffffffffffffffffffffffffffffffffffffffffffffffffffffffffe0
0x10f0V0x534	0x1f
0x10f8V0x534	0x40
0x10ffV0x534	0x1108
0x1104V0x534	0x1cde
0x110bV0x534	0x113f
0x110eV0x534	0x1
0x1110V0x534	0x1
0x1112V0x534	0xa0
0x1114V0x534	0x10000000000000000000000000000000000000000
0x1115V0x534	0xffffffffffffffffffffffffffffffffffffffff
0x1116V0x534	0xc02aaa39b223fe8d0a0e5c4f27ead9083c756cc2
0x1137V0x534	0xc02aaa39b223fe8d0a0e5c4f27ead9083c756cc2
0x113bV0x534	0x153a
0x1140V0x534	0x1149
0x1145V0x534	0x16f0
0x1cecV0x10e4V0x534	0x0
0x1cdfV0x10e4V0x534	0x0
0x1ce1V0x10e4V0x534	0x20
0x1ce8V0x10e4V0x534	0x1cf0
